# Blender 3.6.23
# www.blender.org
mtllib SnorLax.mtl
o Body
v -52.333176 -7.328945 58.423256
v -61.406776 5.673359 51.505058
v -61.993977 -6.790241 50.474056
v -14.394674 -8.599646 73.812057
v -0.000033 -8.748350 75.086159
v -14.243774 5.281950 75.433762
v -32.562477 51.751354 53.506271
v -24.236574 42.511349 63.276966
v -22.477076 52.116360 57.563671
v 14.394526 -8.599447 73.812057
v 14.243626 5.282148 75.433762
v 32.562122 51.751354 53.506271
v 35.168522 42.010357 58.851067
v 41.530022 51.189350 48.294971
v 20.457226 59.463352 50.685276
v 22.476725 52.116360 57.563671
v 29.760124 59.410351 46.970573
v 40.991821 -7.851146 65.089355
v 52.333023 -7.328548 58.423256
v 51.792324 5.670651 59.654560
v 61.406624 5.673954 51.505058
v 61.993824 -6.789639 50.474056
v 69.512421 5.508152 42.403164
v 70.163925 -6.345841 41.549858
v -0.000111 9.303981 -66.289833
v -0.000154 20.791285 -64.952423
v 11.873526 20.593279 -64.075027
v 35.224823 57.458378 -39.180222
v 27.341524 58.011387 -43.267124
v 32.619724 64.740379 -34.414722
v 29.334126 49.860386 -47.925426
v 38.858025 64.217369 -30.089222
v 12.219425 9.110881 -65.357933
v 23.369425 20.341084 -61.624126
v 24.026125 8.954486 -62.822338
v 34.308823 20.110180 -57.748734
v 35.230225 8.859584 -58.908237
v 44.451622 19.709278 -52.665333
v 45.639523 8.653477 -53.774937
v 53.723522 19.166073 -46.471935
v -28.215273 -8.343748 70.368256
v -40.569576 5.493848 66.509758
v -40.991974 -7.851546 65.089355
v 55.138222 8.343876 -47.480339
v 62.110424 18.405674 -39.230335
v 63.653023 7.831777 -40.093842
v 69.521118 17.371382 -30.967434
v -81.938774 13.545968 10.826015
v -80.745171 21.234665 0.059357
v -82.183174 13.522369 -0.347405
v -80.806572 4.610559 21.772863
v -79.335472 14.551661 21.857464
v 71.043930 7.108480 -31.675936
v 75.716423 15.999273 -21.615837
v 74.034019 25.222471 -21.025631
v 80.558525 14.542571 -11.391334
v 79.149620 22.752571 -10.761133
v 82.182823 13.522964 -0.347405
v 80.744820 21.235268 0.059357
v 81.938423 13.546563 10.826015
v 80.193024 21.461464 10.877096
v -35.225376 57.458378 -39.180222
v -32.620274 64.740379 -34.414722
v -27.342075 58.011387 -43.267124
v -24.026274 8.954280 -62.822338
v -23.369774 20.340885 -61.624126
v -12.219574 9.110782 -65.357933
v -45.639675 8.653072 -53.774937
v -44.451977 19.708874 -52.665333
v -35.230377 8.859385 -58.908237
v -63.653175 7.831174 -40.093842
v -62.110775 18.405277 -39.230335
v -55.138374 8.343479 -47.480339
v -71.044083 7.107877 -31.675936
v -69.521477 17.370779 -30.967434
v -80.558876 14.541968 -11.391334
v -79.149971 22.751968 -10.761133
v -75.716774 15.998671 -21.615837
v -74.034378 25.221869 -21.025631
v -67.165878 27.368170 -29.879932
v -59.789776 28.658079 -37.747135
v -58.025677 55.246376 -22.386225
v -52.108082 63.135353 -18.756924
v -53.909576 55.727375 -25.779423
v -59.045277 46.877377 -28.041624
v -51.651875 29.611973 -44.618435
v -53.723873 19.165676 -46.471935
v -48.959976 39.526386 -41.988029
v -52.768475 47.840382 -33.485527
v -45.727177 48.658375 -38.732227
v -42.713078 30.302876 -50.511333
v -40.514874 40.246380 -47.419632
v -48.480976 56.307377 -30.171122
v -48.844173 63.443367 -21.672325
v -32.938374 30.793583 -55.410839
v -37.945774 49.324383 -43.587528
v -31.250673 40.765385 -52.080730
v -27.169573 74.663383 -22.931219
v -29.723774 70.177376 -28.612720
v -35.333374 69.886375 -24.404020
v -21.310873 74.668373 -26.475319
v -34.309174 20.109982 -57.748734
v -42.249775 56.902378 -34.742523
v -44.225777 63.772373 -25.718723
v -22.426273 31.150585 -59.146732
v -29.334475 49.860386 -47.925426
v -21.293175 41.174389 -55.633430
v -23.233274 70.441368 -32.226620
v -14.791174 74.647392 -28.998718
v -38.858376 64.217369 -30.089222
v -11.387774 31.426083 -61.493332
v -20.007975 50.284382 -51.311226
v -10.815874 41.468380 -57.847729
v -15.980074 70.685371 -35.054619
v -7.289264 74.875389 -31.203823
v -11.873874 20.593279 -64.075027
v -0.000187 31.605984 -62.318535
v -10.164174 50.571384 -53.402225
v -0.000209 41.634388 -58.617836
v -25.388474 65.139366 -38.182423
v -8.056065 70.867378 -36.966217
v -0.000162 74.857384 -31.793919
v -0.000111 9.303981 -66.289833
v -0.000154 20.791285 -64.952423
v -18.684673 58.420383 -46.424324
v -0.000221 50.713383 -54.120228
v -17.337975 65.355370 -41.025623
v -0.000204 70.896370 -37.602219
v -9.491035 58.687382 -48.421921
v -8.800253 65.556374 -42.920921
v -0.000227 65.650368 -43.560524
v -0.000232 58.811382 -49.089321
v 61.744926 39.504368 38.988567
v 61.764824 49.628353 30.367474
v 56.060822 50.000362 36.329273
v 67.866722 17.284954 42.168064
v 69.512421 5.508152 42.403164
v 74.728622 16.131556 32.511765
v 55.021626 58.632359 27.391275
v 50.456924 58.959362 32.010975
v 58.557224 58.589363 24.258677
v 79.335121 14.552256 21.857464
v 76.407822 5.123957 32.627663
v 80.806419 4.611162 21.772863
v 70.163925 -6.345841 41.549858
v 47.890022 70.098351 11.941169
v 46.094124 72.216377 4.003019
v 41.660622 72.939369 11.889129
v -69.512573 5.507556 42.403164
v -76.407974 5.123362 32.627663
v -70.164078 -6.346440 41.549858
v 42.289024 73.782372 3.951625
v 41.289024 73.969368 -2.801400
v 47.358624 71.563377 -2.932040
v 47.072624 69.108360 -12.366420
v 50.560623 68.465355 -10.116620
v 67.165520 27.368773 -29.879932
v 59.789421 28.658476 -37.747135
v 51.651524 29.612385 -44.618435
v 58.025322 55.246368 -22.386223
v 59.044926 46.877377 -28.041624
v 53.909222 55.727367 -25.779423
v 52.107727 63.135368 -18.756922
v 48.959621 39.526386 -41.988029
v 42.712723 30.303272 -50.511333
v 45.726822 48.658375 -38.732227
v 52.768124 47.840382 -33.485527
v 40.514523 40.246380 -47.419632
v 48.480621 56.307369 -30.171122
v 48.843822 63.443367 -21.672323
v 32.938023 30.793781 -55.410839
v 37.945423 49.324383 -43.587528
v 31.250324 40.765385 -52.080730
v 44.225422 63.772373 -25.718723
v 42.249424 56.902378 -34.742523
v -61.765175 49.628361 30.367476
v -55.021980 58.632366 27.391277
v -58.557377 58.589363 24.258678
v -56.061176 50.000370 36.329273
v -50.457275 58.959370 32.010975
v 22.425926 31.150784 -59.146732
v 21.292826 41.174389 -55.633430
v 27.169226 74.663383 -22.931219
v 35.333023 69.886375 -24.404020
v 29.723425 70.177376 -28.612720
v 21.310526 74.668373 -26.475319
v 11.387425 31.426083 -61.493332
v 20.007626 50.284382 -51.311226
v 10.815525 41.468380 -57.847729
v 23.232927 70.441368 -32.226620
v 14.790825 74.647392 -28.998718
v -0.000187 31.605984 -62.318535
v 10.163825 50.571384 -53.402225
v -0.000209 41.634388 -58.617836
v 15.979725 70.685371 -35.054619
v 7.288936 74.875389 -31.203823
v 25.387926 65.139366 -38.182423
v 18.684126 58.420383 -46.424324
v -0.000221 50.713383 -54.120228
v 8.055655 70.867378 -36.966217
v -0.000162 74.857384 -31.793919
v 17.337425 65.355370 -41.025623
v 9.490565 58.687382 -48.421921
v -0.000204 70.896370 -37.602219
v 8.799786 65.556374 -42.920921
v -0.000232 58.811382 -49.089321
v -0.000227 65.650368 -43.560524
v 67.866722 17.284954 42.168064
v 59.856621 18.060253 51.115765
v 65.095322 28.560360 40.776264
v -61.745274 39.504368 38.988567
v 56.060822 50.000362 36.329273
v 53.643623 40.655361 46.297466
v 61.744926 39.504368 38.988567
v 49.368523 50.596355 42.436470
v 50.456924 58.959362 32.010975
v 44.764927 59.086361 37.143074
v 16.833025 68.371361 36.821678
v 8.929235 67.792351 38.634674
v 18.603525 64.948326 43.654274
v 27.246725 65.299339 40.241875
v 25.189425 69.192360 33.516777
v 34.513523 65.619347 35.779182
v 9.501505 64.613335 45.594376
v -0.000140 67.587364 39.384975
v 10.427425 59.401356 52.978775
v -0.000185 64.429344 46.188374
v 47.961926 30.443554 56.703663
v 57.136623 29.705753 49.233364
v 50.427223 18.511356 59.066662
v 44.986824 41.446362 53.083767
v 37.836422 59.288342 42.293575
v 11.443325 52.178349 60.072571
v -0.000214 59.318348 53.770077
v 39.353523 18.641150 65.699066
v 40.569424 5.494245 66.509758
v 28.215124 -8.343550 70.368256
v 37.433125 30.888744 63.026062
v -41.530376 51.189350 48.294971
v -44.765274 59.086361 37.143074
v -49.368874 50.596363 42.436470
v -37.836777 59.288342 42.293575
v -44.987175 41.446362 53.083767
v -29.760473 59.410351 46.970573
v -35.168877 42.010357 58.851067
v 12.376426 42.808346 66.153976
v -0.000210 52.116360 60.934872
v -37.433475 30.888546 63.026062
v -53.643974 40.655361 46.297466
v -47.962276 30.443150 56.703663
v -20.457573 59.463352 50.685276
v -27.247076 65.299339 40.241875
v -18.603874 64.948326 43.654274
v 27.926725 5.362546 71.865265
v -56.061176 50.000370 36.329273
v -25.822575 31.298346 67.907768
v -57.136974 29.705357 49.233364
v -39.353874 18.640745 65.699066
v -50.427574 18.510952 59.066662
v -9.501874 64.613335 45.594376
v -10.427774 59.401356 52.978775
v -25.189774 69.192360 33.516777
v -34.513874 65.619347 35.779182
v -16.833374 68.371361 36.821678
v 25.822226 31.298544 67.907768
v 24.236225 42.511349 63.276966
v -61.745274 39.504368 38.988567
v -27.110874 18.820356 70.925674
v -13.239674 31.761946 71.122971
v -13.882874 19.041044 74.457771
v -59.856976 18.059856 51.115765
v -51.792477 5.670254 59.654560
v -8.929524 67.792351 38.634674
v -12.376774 42.808346 66.153976
v -11.443674 52.178349 60.072571
v -65.095673 28.559956 40.776264
v -0.000191 42.771351 67.300369
v -0.000172 31.711447 72.363373
v -0.000092 5.220846 76.696762
v -0.000139 19.047148 75.705872
v -27.926874 5.362356 71.865265
v -67.867081 17.284359 42.168064
v -69.512573 5.507556 42.403164
v -70.164078 -6.346440 41.549858
v 13.882525 19.041250 74.457771
v 13.239326 31.762144 71.122971
v 27.110525 18.820547 70.925674
v -45.095974 66.199364 25.699478
v -36.829174 71.196373 23.525181
v -40.109974 72.193367 17.644079
v -31.559574 70.112358 29.055977
v -40.448078 65.962349 30.638180
v -50.457275 58.959370 32.010975
v -69.932976 38.403370 29.172770
v -76.111275 29.558657 20.752567
v -72.759079 26.739061 31.269968
v 31.559225 70.112358 29.055977
v 40.447723 65.962349 30.638180
v 36.828823 71.196373 23.525181
v 45.095623 66.199364 25.699478
v 40.109623 72.193367 17.644079
v 39.987022 69.608376 -19.981722
v 32.255222 74.517372 -18.457619
v 44.013023 69.456352 -15.691920
v 36.109222 74.383369 -13.801619
v 39.491222 74.151375 -8.534620
v 56.666523 38.530384 -35.810429
v 64.562019 45.976379 -23.080227
v 55.793827 62.644371 -16.124823
v 61.888023 54.916382 -19.430223
v 63.855621 37.152378 -28.761127
v 68.466019 45.661377 -19.669827
v 71.853523 35.153381 -19.921028
v 74.107323 36.761375 -15.987628
v 78.126625 27.336273 -9.562332
v 49.253025 65.800377 21.548878
v 40.109623 72.193367 17.644079
v 77.646019 30.534378 -8.522930
v 79.717926 24.897369 0.526278
v 52.527428 65.438347 19.545177
v 45.095623 66.199364 25.699478
v 78.702721 27.962761 1.112978
v 79.093323 25.518364 10.927467
v 78.205322 28.755966 11.012409
v 76.110924 29.559061 20.752567
v 77.296120 23.541956 21.449865
v 65.037521 49.955364 26.893574
v 75.582123 33.493362 19.677570
v 72.758720 26.739656 31.269968
v 65.095322 28.560360 40.776264
v 69.932625 38.403370 29.172770
v 71.095123 40.800365 25.374470
v -39.987377 69.608376 -19.981722
v -32.255577 74.517372 -18.457619
v -44.013374 69.456352 -15.691920
v -36.109577 74.383369 -13.801619
v -56.666874 38.530384 -35.810429
v -47.072777 69.108360 -12.366420
v -39.491577 74.151375 -8.534620
v -50.560776 68.465355 -10.116622
v -47.358776 71.563362 -2.932041
v -55.793980 62.644356 -16.124825
v -64.562378 45.976379 -23.080227
v -63.855976 37.152378 -28.761127
v -41.289177 73.969368 -2.801400
v -46.094276 72.216377 4.003019
v -61.888275 54.916382 -19.430225
v -71.853874 35.153381 -19.921028
v -42.289276 73.782372 3.951625
v -68.466377 45.661377 -19.669828
v -78.126976 27.335670 -9.562332
v -41.660774 72.939369 11.889129
v -47.890175 70.098351 11.941169
v -74.107674 36.761375 -15.987628
v -49.253178 65.800362 21.548880
v -40.109974 72.193367 17.644079
v -77.646378 30.533974 -8.522932
v -79.718277 24.896767 0.526278
v -52.527580 65.438347 19.545179
v -45.095974 66.199364 25.699478
v -78.703079 27.962372 1.112978
v -74.728973 16.130960 32.511765
v -67.867081 17.284359 42.168064
v -79.093674 25.517761 10.927467
v -80.193375 21.460861 10.877096
v -78.205673 28.755562 11.012409
v -77.296471 23.541368 21.449865
v -65.037674 49.955372 26.893576
v -65.095673 28.559956 40.776264
v -75.582474 33.493362 19.677570
v -71.095474 40.800365 25.374472
v 0.000165 -41.908543 55.224350
v -13.344874 -41.745243 54.551647
v 0.000215 -48.241238 45.766647
v -21.502876 -55.822029 5.904367
v -20.615776 -55.523827 -2.036272
v -13.684076 -53.538025 -1.790262
v -21.254776 -54.705322 -9.918652
v -13.922575 -52.636421 -10.390251
v -29.594376 -56.861351 9.485197
v -34.044476 -56.149933 16.072746
v -34.944576 -57.350418 9.700177
v -41.455078 -56.195332 15.702248
v -28.812975 -57.077610 4.218751
v -23.728077 -53.281620 -18.302153
v -49.820774 -53.579933 20.481247
v -47.996078 -55.786034 14.286346
v -34.777180 -57.740669 3.728989
v -28.640076 -56.853134 -2.251373
v -29.811575 -55.340324 -13.837353
v -40.939480 -57.438530 9.365356
v -29.128775 -56.222324 -8.681053
v -34.672779 -57.537788 -2.389034
v -46.816879 -57.130249 8.482938
v -53.678375 -55.062031 12.191807
v -34.766777 -55.619122 -14.239452
v -33.132477 -53.590118 -20.166552
v -40.547081 -57.941330 3.386110
v -34.831581 -56.855892 -8.458854
v -58.211273 -54.193531 9.513487
v -52.073177 -56.451729 7.205577
v -40.232079 -53.651421 -20.022451
v -40.658974 -50.784420 -26.492050
v -32.386375 -50.855122 -27.560549
v -46.140377 -57.688770 2.899687
v -40.350677 -57.785286 -2.497924
v -40.356277 -55.709324 -14.073853
v -56.317478 -55.529430 5.730097
v -45.819279 -57.579624 -2.599953
v -40.335777 -57.055763 -8.308454
v -51.211678 -57.026047 2.265427
v -58.969173 -54.695030 4.422684
v -62.521675 -53.002029 1.912949
v -59.124874 -54.728230 1.280848
v -46.711975 -53.457821 -18.876751
v -47.893875 -50.508617 -24.534950
v -45.821880 -56.862297 -8.031354
v -55.571777 -56.000729 1.632477
v -46.088379 -55.519924 -13.421751
v -50.825779 -56.961258 -2.692202
v 74.581123 -27.299936 27.837955
v 76.279022 -17.012339 30.194458
v 67.979424 -28.376841 36.367252
v 65.377319 -37.303532 32.373550
v -59.036976 -54.630726 -2.839982
v -62.742474 -52.764626 -2.881491
v -58.686676 -54.371826 -6.896152
v -55.223377 -55.960026 -2.777962
v 69.652924 -17.798439 39.516853
v -50.817181 -56.326225 -7.605053
v -51.242180 -55.099724 -12.364151
v -52.359474 -53.120823 -17.031452
v -54.161674 -50.178722 -21.742149
v 76.992821 -6.090631 31.888458
v 70.163925 -6.345841 41.549858
v 79.629219 -26.450834 18.470955
v 81.190422 -16.397333 20.071957
v -55.126278 -55.496223 -7.125353
v -55.456680 -54.551422 -11.072853
v -56.955173 -52.775223 -14.585953
v 71.804123 -36.229935 24.853050
v 76.407822 5.123957 32.627663
v 76.531219 -35.299431 16.294851
v 81.499825 -5.889933 21.167459
v -61.991573 -52.584526 -7.573951
v -58.225574 -54.013824 -9.908752
v -60.248077 -52.531624 -11.569551
v 0.000165 -41.908543 55.224350
v 0.000215 -48.241238 45.766647
v 13.345125 -41.745045 54.551647
v 80.806419 4.611162 21.772863
v 82.265625 -25.640831 8.294054
v 83.688820 -15.761630 9.286687
v 83.989418 -5.618625 10.026790
v 82.639221 -24.967525 -2.132504
v 79.664223 -34.500229 7.086712
v 83.294724 4.346368 10.563423
v 21.503325 -55.822029 5.904367
v 20.616224 -55.523827 -2.036272
v 28.813425 -57.077530 4.218751
v 84.028824 -15.175228 -1.688052
v 13.684525 -53.538025 -1.790262
v 29.594826 -56.861233 9.485197
v 24.462826 -55.444534 14.490446
v 84.202927 -5.179932 -1.215700
v 28.640526 -56.853058 -2.251373
v 34.945023 -57.350285 9.700177
v 34.044926 -56.149734 16.072746
v 41.455524 -56.195137 15.702248
v 83.505722 4.568062 -0.732728
v 34.777622 -57.740574 3.728989
v 21.255224 -54.705326 -9.918652
v 29.129225 -56.222328 -8.681053
v 13.923026 -52.636425 -10.390251
v 40.939922 -57.438354 9.365357
v 47.996521 -55.785633 14.286346
v 49.821224 -53.579536 20.481247
v 81.938423 13.546563 10.826015
v 82.019424 -14.607427 -12.436742
v 23.728525 -53.281422 -18.302153
v 29.812025 -55.340126 -13.837353
v 34.673222 -57.537712 -2.389033
v 46.817322 -57.130013 8.482938
v 53.678822 -55.061638 12.191807
v 56.037121 -52.751236 17.457348
v 80.817619 -24.474228 -12.367645
v 33.132927 -53.589924 -20.166552
v 34.767223 -55.618927 -14.239452
v 40.547523 -57.941216 3.386110
v 34.832024 -56.855797 -8.458854
v 52.073624 -56.451336 7.205577
v 32.386822 -50.854923 -27.560549
v 40.659424 -50.784023 -26.492050
v 46.140823 -57.688595 2.899687
v 40.351124 -57.785191 -2.497923
v 40.232521 -53.651222 -20.022451
v 40.356724 -55.709129 -14.073853
v 58.211723 -54.193134 9.513487
v 61.005722 -51.853634 13.525908
v 45.819721 -57.579491 -2.599953
v 46.712421 -53.457424 -18.876751
v 40.336224 -57.055649 -8.308452
v 51.212124 -57.025803 2.265427
v 56.317924 -55.529034 5.730098
v 47.894321 -50.508224 -24.534950
v 46.088821 -55.519730 -13.421751
v 45.822323 -56.862141 -8.031352
v 58.969624 -54.694633 4.422684
v 62.522121 -53.001431 1.912949
v 61.214821 -53.414833 6.182677
v 55.572224 -56.000336 1.632478
v 78.145927 -33.390026 -11.895646
v 52.359924 -53.120426 -17.031452
v 50.826221 -56.961044 -2.692202
v 82.265625 -4.563329 -12.291039
v 59.125320 -54.727833 1.280848
v 82.182823 13.522964 -0.347405
v 81.639725 5.292968 -11.879936
v 50.817623 -56.326031 -7.605052
v 54.162121 -50.178322 -21.742149
v 51.242622 -55.099327 -12.364151
v 55.223824 -55.959633 -2.777962
v 59.336121 -49.927124 -18.233852
v 55.457123 -54.551029 -11.072853
v 55.126720 -55.495831 -7.125352
v 76.446121 -23.960623 -21.737644
v 74.015121 -32.897324 -20.447145
v 68.473022 -32.714424 -28.105145
v 59.037422 -54.630333 -2.839982
v 56.955624 -52.774826 -14.585953
v 58.687122 -54.371429 -6.896152
v 62.742928 -52.764030 -2.881491
v 70.611320 -23.698023 -30.208344
v 80.558525 14.542571 -11.391334
v 77.629921 -14.082026 -22.378641
v 58.226021 -54.013428 -9.908752
v 61.992023 -52.583931 -7.573951
v 63.409122 -23.653616 -37.642044
v 61.575024 -32.745922 -34.710346
v 77.791321 -3.912027 -22.530437
v 77.099922 6.210073 -22.213236
v 71.698822 -13.737322 -31.440937
v 54.987122 -23.799519 -44.010849
v 53.537224 -32.994518 -40.275944
v 44.477322 -33.386120 -44.863247
v 75.716423 15.999273 -21.615837
v 64.359619 -13.521518 -39.464142
v 71.800819 -3.338522 -31.877539
v 45.555523 -24.116817 -49.299545
v 55.787724 -13.533821 -46.406643
v 71.043930 7.108480 -31.675936
v 35.180222 -24.491615 -53.582047
v 46.162521 -13.700714 -52.241642
v 34.413624 -33.795116 -48.512047
v 64.421722 -2.897720 -40.225143
v 23.505726 -34.237717 -51.205544
v 55.835724 -2.678127 -47.539043
v 63.653023 7.831777 -40.093842
v 24.001024 -24.885815 -56.855644
v 35.632622 -13.915318 -56.982540
v 46.215221 -2.619122 -53.695541
v 12.199225 -25.197716 -58.985447
v 11.970426 -34.559116 -53.004044
v 0.000124 -34.661217 -53.635445
v 55.138222 8.343876 -47.480339
v 24.297424 -14.229714 -60.632442
v 35.672623 -2.636716 -58.712742
v 0.000061 -25.291016 -59.749340
v 45.639523 8.653477 -53.774937
v 12.355326 -14.377515 -63.048946
v 24.324926 -2.746716 -62.587437
v 35.230225 8.859584 -58.908237
v -0.000002 -14.449513 -63.914646
v 12.342125 -2.782415 -65.161934
v 24.026125 8.954486 -62.822338
v -0.000060 -2.769216 -66.072838
v 12.219425 9.110881 -65.357933
v -0.000111 9.303981 -66.289833
v 59.974621 -29.544838 43.952553
v 57.650421 -38.485435 38.877647
v 67.979424 -28.376841 36.367252
v 69.652924 -17.798439 39.516853
v 61.524624 -18.742241 47.904953
v 50.622822 -30.595341 50.535053
v 48.671925 -39.517738 44.420448
v 70.163925 -6.345841 41.549858
v 39.505424 -31.532543 55.918251
v 51.934322 -19.674843 55.279751
v 37.934422 -40.464840 48.964748
v 61.993824 -6.789639 50.474056
v 40.688221 -20.514847 61.340752
v 27.137526 -32.371647 60.242950
v 26.044424 -41.269741 52.382748
v 52.333023 -7.328548 58.423256
v 13.828825 -32.992046 63.058853
v 27.965725 -21.253546 66.383652
v 13.345125 -41.745045 54.551647
v 40.991821 -7.851146 65.089355
v 0.000165 -41.908543 55.224350
v 0.000102 -33.188644 63.986450
v 14.272024 -21.777349 69.642357
v 28.215124 -8.343550 70.368256
v 14.394526 -8.599447 73.812057
v 0.000034 -21.912848 70.861160
v -0.000033 -8.748350 75.086159
v -74.581078 -27.300737 27.837955
v -65.377083 -37.304333 32.373550
v -67.979172 -28.377638 36.367252
v -76.278976 -17.013136 30.194458
v -69.652878 -17.799038 39.516853
v -79.629173 -26.451632 18.470955
v -71.803871 -36.230736 24.853050
v -81.190376 -16.398134 20.071957
v -76.992973 -6.091238 31.888458
v -70.164078 -6.346440 41.549858
v -82.265572 -25.641632 8.294054
v -76.530975 -35.300232 16.294851
v -83.688774 -15.762431 9.286687
v -81.499977 -5.890734 21.167459
v -76.407974 5.123362 32.627663
v -82.639175 -24.968327 -2.132504
v -79.663971 -34.501030 7.086712
v -84.028770 -15.176025 -1.688052
v -83.989571 -5.619430 10.026790
v -80.806572 4.610559 21.772863
v -84.203079 -5.180733 -1.215700
v -83.294876 4.345666 10.563423
v -80.817574 -24.475025 -12.367645
v -83.505875 4.567368 -0.732728
v -81.938774 13.545968 10.826015
v -82.019371 -14.608228 -12.436742
v -82.183174 13.522369 -0.347405
v -82.265778 -4.564130 -12.291039
v -76.446083 -23.961424 -21.737644
v -81.639877 5.292373 -11.879936
v -77.629875 -14.082827 -22.378641
v -80.558876 14.541968 -11.391334
v -77.791473 -3.912622 -22.530437
v -71.698776 -13.737921 -31.440937
v -70.611275 -23.698820 -30.208344
v -77.100075 6.209471 -22.213236
v -75.716774 15.998671 -21.615837
v -71.800972 -3.339121 -31.877539
v -63.409081 -23.654219 -37.642044
v -64.359573 -13.522120 -39.464142
v -71.044083 7.107877 -31.675936
v -54.987080 -23.800121 -44.010849
v -53.536976 -32.995121 -40.275944
v -64.421875 -2.898319 -40.225143
v -55.787674 -13.534420 -46.406643
v -63.653175 7.831174 -40.093842
v -55.835876 -2.678615 -47.539043
v -45.555473 -24.117214 -49.299545
v -46.162476 -13.701115 -52.241642
v -35.180176 -24.492016 -53.582047
v -34.413376 -33.795517 -48.512047
v -35.632576 -13.915715 -56.982540
v -46.215374 -2.619526 -53.695541
v -55.138374 8.343479 -47.480339
v -35.672775 -2.637120 -58.712742
v -45.639675 8.653072 -53.774937
v -24.297375 -14.229913 -60.632442
v -24.000975 -24.886017 -56.855644
v -35.230377 8.859385 -58.908237
v -12.199174 -25.197914 -58.985447
v -11.970174 -34.559315 -53.004044
v -24.325075 -2.746915 -62.587437
v 0.000124 -34.661217 -53.635445
v -12.355274 -14.377713 -63.048946
v -24.026274 8.954280 -62.822338
v 0.000061 -25.291016 -59.749340
v -12.342274 -2.782613 -65.161934
v -12.219574 9.110782 -65.357933
v -0.000002 -14.449513 -63.914646
v -0.000060 -2.769216 -66.072838
v -0.000111 9.303981 -66.289833
v -59.974377 -29.545437 43.952553
v -67.979172 -28.377638 36.367252
v -57.650173 -38.486034 38.877647
v -65.377083 -37.304333 32.373550
v -50.622574 -30.595943 50.535053
v -48.671677 -39.518337 44.420448
v -61.524574 -18.742844 47.904953
v -69.652878 -17.799038 39.516853
v -70.164078 -6.346440 41.549858
v -39.505177 -31.532944 55.918251
v -51.934277 -19.675442 55.279751
v -37.934174 -40.465240 48.964748
v -61.993977 -6.790241 50.474056
v -26.044174 -41.269939 52.382748
v -27.137274 -32.371845 60.242950
v -40.688175 -20.515247 61.340752
v -52.333176 -7.328945 58.423256
v -13.828574 -32.992245 63.058853
v -13.344874 -41.745243 54.551647
v -27.965673 -21.253744 66.383652
v -40.991974 -7.851546 65.089355
v -14.271974 -21.777548 69.642357
v -28.215273 -8.343748 70.368256
v -14.394674 -8.599646 73.812057
v -13.600775 -53.876328 6.904418
v -14.194774 -53.555031 16.033848
v -23.505474 -34.237915 -51.205544
v -44.477077 -33.386520 -44.863247
v -61.574776 -32.746525 -34.710346
v -68.472778 -32.715221 -28.105145
v -74.014877 -32.898125 -20.447145
v -78.145676 -33.390827 -11.895646
v -80.078476 -33.867226 -2.492777
v 65.377319 -37.303532 32.373550
v 80.078720 -33.866325 -2.492777
v 60.248524 -52.531029 -11.569551
v 65.709122 -49.884125 -8.650251
v 63.268322 -49.821926 -13.834949
v 70.637924 -40.292419 -18.613247
v 66.847420 -45.831726 -16.278048
v 62.308022 -45.818924 -21.805849
v 69.892624 -46.003525 -9.953949
v 74.222122 -40.621521 -11.043048
v 65.538322 -40.178719 -25.230646
v 74.015121 -32.897324 -20.447145
v 66.812721 -50.062531 -2.923121
v 59.132927 -40.275620 -30.851347
v 56.508221 -45.979824 -26.410347
v 68.473022 -32.714424 -28.105145
v 61.575024 -32.745922 -34.710346
v 71.380722 -46.303528 -2.990440
v 78.145927 -33.390026 -11.895646
v 51.628021 -40.587719 -35.515251
v 53.537224 -32.994518 -40.275944
v 76.251724 -41.109024 -2.753758
v 49.626926 -46.338223 -30.176649
v 43.028122 -41.017521 -39.326450
v 44.477322 -33.386120 -44.863247
v 66.497322 -50.401833 3.030298
v 80.078720 -33.866325 -2.492777
v 41.675022 -46.877125 -33.096451
v 33.347424 -41.334919 -42.288048
v 34.413624 -33.795116 -48.512047
v 64.570221 -51.013931 8.663519
v 70.988525 -46.763733 4.359041
v 32.545624 -47.062222 -35.156048
v 22.840225 -41.595818 -44.362854
v 23.505726 -34.237717 -51.205544
v 11.656825 -41.772316 -45.581051
v 11.970426 -34.559116 -53.004044
v 75.784325 -41.693230 5.760411
v 22.452826 -47.034420 -36.384251
v 11.604925 -46.865620 -37.127251
v 68.555420 -47.482430 11.383060
v 79.664223 -34.500229 7.086712
v 22.704124 -50.566624 -27.724649
v 72.756523 -42.437035 13.910100
v 64.389122 -48.375935 17.625750
v 76.531219 -35.299431 16.294851
v 12.265525 -49.800220 -28.177752
v 68.278725 -43.334934 21.346951
v 58.817123 -49.357536 22.792450
v 62.186222 -44.360233 27.763050
v 13.190625 -51.317020 -19.231951
v 52.234821 -50.272434 26.872549
v 42.761223 -54.174034 22.747948
v 71.804123 -36.229935 24.853050
v 0.000249 -51.955025 -10.504452
v 0.000247 -51.108620 -19.392050
v 54.973022 -45.396534 33.080849
v 44.715023 -51.020233 30.072649
v 65.377319 -37.303532 32.373550
v 34.558224 -54.307938 24.133448
v 0.000256 -52.973824 -1.748711
v 46.672321 -46.314735 37.496750
v 35.695927 -52.202133 32.536846
v 23.929026 -53.658737 24.744148
v 13.601225 -53.876328 6.904418
v 57.650421 -38.485435 38.877647
v 0.000260 -53.438530 7.110667
v 36.554722 -47.336037 41.094749
v 48.671925 -39.517738 44.420448
v 24.437325 -52.072735 34.276749
v 37.934422 -40.464840 48.964748
v 25.163124 -47.890438 43.708347
v 13.566225 -51.906536 35.528149
v 14.193525 -52.844631 25.743149
v 13.094926 -48.172539 45.285152
v 26.044424 -41.269741 52.382748
v -65.708672 -49.884724 -8.650251
v -63.267876 -49.822525 -13.834949
v -59.335674 -49.927723 -18.233852
v -66.846977 -45.832523 -16.278048
v -62.307575 -45.819519 -21.805849
v -69.892174 -46.004326 -9.953949
v -70.637672 -40.293221 -18.613247
v -56.507774 -45.980423 -26.410347
v -51.627773 -40.588322 -35.515251
v -53.536976 -32.995121 -40.275944
v -43.027874 -41.017918 -39.326450
v -61.574776 -32.746525 -34.710346
v -44.477077 -33.386520 -44.863247
v -66.812271 -50.063126 -2.923121
v -65.538078 -40.179520 -25.230646
v -59.132675 -40.276218 -30.851347
v -49.626476 -46.338821 -30.176649
v -33.347176 -41.335316 -42.288048
v -34.413376 -33.795517 -48.512047
v -71.380272 -46.304329 -2.990440
v -74.221878 -40.622322 -11.043048
v -68.472778 -32.715221 -28.105145
v -41.674576 -46.877522 -33.096451
v -32.545174 -47.062618 -35.156048
v -22.839874 -41.596020 -44.362854
v -23.505474 -34.237915 -51.205544
v -61.214375 -53.415428 6.182677
v -22.452374 -47.034618 -36.384251
v -11.656374 -41.772514 -45.581051
v -11.970174 -34.559315 -53.004044
v -66.496872 -50.402428 3.030298
v -74.014877 -32.898125 -20.447145
v -11.604474 -46.865818 -37.127251
v -64.569778 -51.014530 8.663519
v -76.251472 -41.109825 -2.753758
v -70.988083 -46.764526 4.359041
v -78.145676 -33.390827 -11.895646
v -22.703674 -50.566822 -27.724649
v -61.005276 -51.854233 13.525908
v -12.265075 -49.800220 -28.177752
v 0.000218 -46.969616 -37.352749
v 0.000237 -49.660221 -28.366652
v -56.036674 -52.751831 17.457348
v -68.554977 -47.483231 11.383060
v -80.078476 -33.867226 -2.492777
v -64.388672 -48.376732 17.625750
v -72.756172 -42.437832 13.910100
v -75.783974 -41.694031 5.760411
v -13.190175 -51.317020 -19.231951
v -58.816673 -49.358131 22.792450
v -68.278275 -43.335732 21.346951
v -79.663971 -34.501030 7.086712
v -42.760777 -54.174435 22.747948
v -34.557774 -54.308136 24.133448
v -52.234375 -50.273029 26.872549
v -24.462376 -55.444733 14.490446
v -62.185776 -44.361034 27.763050
v -76.530975 -35.300232 16.294851
v 0.000249 -51.955025 -10.504452
v -44.714577 -51.020630 30.072649
v -23.928574 -53.658936 24.744148
v -71.803871 -36.230736 24.853050
v 0.000256 -52.973824 -1.748711
v -35.695477 -52.202534 32.536846
v -54.972576 -45.397137 33.080849
v -65.377083 -37.304333 32.373550
v -46.671875 -46.315334 37.496750
v 0.000260 -53.438530 7.110667
v -36.554276 -47.336437 41.094749
v -24.436874 -52.072933 34.276749
v -57.650173 -38.486034 38.877647
v -14.193075 -52.844830 25.743149
v -48.671677 -39.518337 44.420448
v -13.565774 -51.906734 35.528149
v -25.162674 -47.890636 43.708347
v -37.934174 -40.465240 48.964748
v -13.094474 -48.172737 45.285152
v 0.000246 -51.738232 35.884548
v -26.044174 -41.269939 52.382748
v 0.000255 -52.560627 26.029346
v 0.000258 -53.055130 16.349648
v 0.000247 -51.108620 -19.392050
v 0.000177 -41.825817 -46.006649
v 0.000124 -34.661217 -53.635445
v 0.000246 -51.738232 35.884548
v 0.000255 -52.560627 26.029346
v 0.000258 -53.055130 16.349648
v 14.195226 -53.555031 16.033848
v 0.000237 -49.660221 -28.366652
v 0.000218 -46.969616 -37.352749
v 0.000177 -41.825817 -46.006649
v 0.000124 -34.661217 -53.635445
v -27.169573 74.663383 -22.931219
v -21.310873 74.668373 -26.475319
v -14.791174 74.647392 -28.998718
v -7.289264 74.875389 -31.203823
v 41.660622 72.939369 11.889129
v 42.289024 73.782372 3.951625
v 41.289024 73.969368 -2.801400
v 27.169226 74.663383 -22.931219
v 21.310526 74.668373 -26.475319
v 14.790825 74.647392 -28.998718
v 7.288936 74.875389 -31.203823
v -0.000162 74.857384 -31.793919
v 16.833025 68.371361 36.821678
v 8.929235 67.792351 38.634674
v 25.189425 69.192360 33.516777
v -0.000140 67.587364 39.384975
v -25.189774 69.192360 33.516777
v -16.833374 68.371361 36.821678
v -8.929524 67.792351 38.634674
v -36.829174 71.196373 23.525181
v -40.109974 72.193367 17.644079
v -31.559574 70.112358 29.055977
v 31.559225 70.112358 29.055977
v 36.828823 71.196373 23.525181
v 40.109623 72.193367 17.644079
v 32.255222 74.517372 -18.457619
v 36.109222 74.383369 -13.801619
v 39.491222 74.151375 -8.534620
v 40.109623 72.193367 17.644079
v -32.255577 74.517372 -18.457619
v -36.109577 74.383369 -13.801619
v -39.491577 74.151375 -8.534620
v -41.289177 73.969368 -2.801400
v -42.289276 73.782372 3.951625
v -41.660774 72.939369 11.889129
v -40.109974 72.193367 17.644079
vn -0.5784 -0.0498 0.8142
vn -0.6968 0.0402 0.7162
vn -0.6928 -0.0237 0.7208
vn -0.1692 -0.1101 0.9794
vn -0.0000 -0.1148 0.9934
vn -0.1716 -0.0182 0.9850
vn -0.3714 0.6039 0.7052
vn -0.2868 0.4654 0.8373
vn -0.2480 0.6178 0.7462
vn 0.1692 -0.1101 0.9794
vn 0.1716 -0.0182 0.9850
vn 0.3714 0.6039 0.7052
vn 0.4122 0.4575 0.7879
vn 0.4686 0.5881 0.6592
vn 0.1958 0.7495 0.6324
vn 0.2480 0.6178 0.7462
vn 0.3055 0.7266 0.6154
vn 0.4516 -0.0765 0.8889
vn 0.5784 -0.0498 0.8142
vn 0.5834 0.0215 0.8119
vn 0.6968 0.0402 0.7162
vn 0.6928 -0.0237 0.7208
vn 0.7441 0.0475 0.6664
vn 0.7378 -0.0080 0.6750
vn 0.0762 0.1142 -0.9905
vn 0.0751 0.1757 -0.9816
vn 0.1427 0.1751 -0.9741
vn 0.4421 0.5688 -0.6936
vn 0.3577 0.5657 -0.7429
vn 0.4127 0.6820 -0.6037
vn 0.3679 0.4891 -0.7909
vn 0.4691 0.6868 -0.5553
vn 0.1451 0.1140 -0.9828
vn 0.2714 0.1772 -0.9460
vn 0.2725 0.1177 -0.9549
vn 0.3892 0.1848 -0.9024
vn 0.3889 0.1281 -0.9123
vn 0.4989 0.1937 -0.8447
vn 0.4999 0.1412 -0.8545
vn 0.6013 0.2012 -0.7733
vn -0.3165 -0.0948 0.9439
vn -0.4549 0.0064 0.8905
vn -0.4516 -0.0765 0.8889
vn 0.6054 0.1523 -0.7812
vn 0.6959 0.2047 -0.6884
vn 0.7042 0.1577 -0.6923
vn 0.7843 0.1952 -0.5889
vn -0.9715 0.1930 0.1375
vn -0.9725 0.2293 -0.0398
vn -0.9812 0.1857 -0.0524
vn -0.9411 0.1366 0.3092
vn -0.9396 0.1796 0.2914
vn 0.7832 0.1577 -0.6015
vn 0.8627 0.1815 -0.4720
vn 0.8550 0.2251 -0.4672
vn 0.9490 0.1849 -0.2554
vn 0.9394 0.2274 -0.2566
vn 0.9812 0.1857 -0.0524
vn 0.9725 0.2293 -0.0398
vn 0.9715 0.1930 0.1375
vn 0.9634 0.2362 0.1270
vn -0.4421 0.5688 -0.6936
vn -0.4127 0.6820 -0.6037
vn -0.3577 0.5657 -0.7430
vn -0.2725 0.1177 -0.9549
vn -0.2714 0.1772 -0.9460
vn -0.1451 0.1140 -0.9828
vn -0.4999 0.1412 -0.8545
vn -0.4989 0.1937 -0.8447
vn -0.3889 0.1281 -0.9123
vn -0.7042 0.1577 -0.6923
vn -0.6959 0.2047 -0.6884
vn -0.6054 0.1523 -0.7812
vn -0.7832 0.1577 -0.6015
vn -0.7843 0.1952 -0.5889
vn -0.9490 0.1849 -0.2554
vn -0.9394 0.2274 -0.2566
vn -0.8627 0.1815 -0.4720
vn -0.8550 0.2251 -0.4672
vn -0.7525 0.2725 -0.5996
vn -0.6776 0.2940 -0.6741
vn -0.5525 0.5662 -0.6117
vn -0.4816 0.7283 -0.4875
vn -0.5576 0.5816 -0.5923
vn -0.6344 0.4467 -0.6309
vn -0.5876 0.3008 -0.7512
vn -0.6013 0.2012 -0.7733
vn -0.5611 0.3962 -0.7268
vn -0.5883 0.4777 -0.6524
vn -0.5236 0.4926 -0.6952
vn -0.4897 0.3019 -0.8180
vn -0.4733 0.4026 -0.7835
vn -0.5323 0.5871 -0.6099
vn -0.4973 0.7142 -0.4925
vn -0.3846 0.2972 -0.8739
vn -0.4528 0.4949 -0.7416
vn -0.3765 0.3997 -0.8357
vn -0.3535 0.8093 -0.4692
vn -0.3613 0.7847 -0.5037
vn -0.4246 0.7843 -0.4524
vn -0.2591 0.8165 -0.5160
vn -0.3892 0.1848 -0.9024
vn -0.4940 0.5818 -0.6462
vn -0.4906 0.7008 -0.5179
vn -0.2682 0.2918 -0.9181
vn -0.3679 0.4891 -0.7909
vn -0.2630 0.3952 -0.8801
vn -0.2789 0.7934 -0.5410
vn -0.1968 0.8334 -0.5164
vn -0.4691 0.6868 -0.5553
vn -0.1402 0.2903 -0.9466
vn -0.2569 0.4857 -0.8355
vn -0.1365 0.3940 -0.9089
vn -0.2021 0.7955 -0.5712
vn -0.1051 0.8279 -0.5510
vn -0.1428 0.1751 -0.9741
vn -0.0734 0.2906 -0.9540
vn -0.1326 0.4849 -0.8645
vn -0.0710 0.3939 -0.9164
vn -0.3174 0.6871 -0.6535
vn -0.1050 0.7872 -0.6078
vn -0.0458 0.8242 -0.5645
vn -0.0762 0.1142 -0.9905
vn -0.0751 0.1757 -0.9816
vn -0.2447 0.5742 -0.7813
vn -0.0682 0.4845 -0.8721
vn -0.2165 0.6892 -0.6915
vn -0.0517 0.7872 -0.6146
vn -0.1274 0.5772 -0.8066
vn -0.1163 0.6889 -0.7154
vn -0.0598 0.6892 -0.7221
vn -0.0649 0.5772 -0.8140
vn 0.7132 0.4072 0.5705
vn 0.6208 0.5280 0.5795
vn 0.6131 0.5634 0.5538
vn 0.8035 0.1883 0.5648
vn 0.8172 0.0699 0.5721
vn 0.8666 0.1761 0.4669
vn 0.5178 0.6824 0.5159
vn 0.5399 0.6896 0.4826
vn 0.6652 0.6773 0.3144
vn 0.9396 0.1796 0.2914
vn 0.8644 0.1076 0.4911
vn 0.9411 0.1367 0.3092
vn 0.8172 0.0034 0.5763
vn 0.5231 0.8346 0.1729
vn 0.5081 0.8595 0.0555
vn 0.4237 0.8796 0.2162
vn -0.8172 0.0699 0.5721
vn -0.8644 0.1076 0.4911
vn -0.8172 0.0034 0.5763
vn 0.3797 0.9240 0.0451
vn 0.4064 0.9062 -0.1169
vn 0.5383 0.8391 -0.0781
vn 0.4232 0.8492 -0.3157
vn 0.5882 0.7930 -0.1586
vn 0.7525 0.2725 -0.5996
vn 0.6776 0.2940 -0.6741
vn 0.5876 0.3008 -0.7512
vn 0.5525 0.5662 -0.6117
vn 0.6344 0.4467 -0.6309
vn 0.5576 0.5816 -0.5923
vn 0.4816 0.7283 -0.4875
vn 0.5611 0.3962 -0.7268
vn 0.4897 0.3019 -0.8180
vn 0.5236 0.4926 -0.6952
vn 0.5883 0.4777 -0.6524
vn 0.4733 0.4026 -0.7835
vn 0.5323 0.5871 -0.6099
vn 0.4973 0.7142 -0.4925
vn 0.3846 0.2972 -0.8739
vn 0.4528 0.4949 -0.7416
vn 0.3765 0.3997 -0.8357
vn 0.4906 0.7008 -0.5179
vn 0.4940 0.5818 -0.6462
vn -0.6208 0.5280 0.5795
vn -0.5178 0.6824 0.5159
vn -0.6652 0.6773 0.3144
vn -0.6131 0.5634 0.5538
vn -0.5399 0.6896 0.4826
vn 0.2682 0.2918 -0.9181
vn 0.2630 0.3952 -0.8801
vn 0.3535 0.8093 -0.4692
vn 0.4246 0.7843 -0.4524
vn 0.3613 0.7847 -0.5037
vn 0.2591 0.8165 -0.5160
vn 0.1402 0.2903 -0.9466
vn 0.2569 0.4857 -0.8355
vn 0.1365 0.3940 -0.9089
vn 0.2789 0.7934 -0.5410
vn 0.1968 0.8334 -0.5164
vn 0.0734 0.2906 -0.9540
vn 0.1326 0.4849 -0.8645
vn 0.0710 0.3939 -0.9164
vn 0.2021 0.7955 -0.5712
vn 0.1051 0.8279 -0.5510
vn 0.3174 0.6871 -0.6535
vn 0.2447 0.5742 -0.7813
vn 0.0682 0.4845 -0.8721
vn 0.1050 0.7871 -0.6078
vn 0.0458 0.8242 -0.5645
vn 0.2165 0.6892 -0.6915
vn 0.1274 0.5772 -0.8066
vn 0.0517 0.7872 -0.6146
vn 0.1163 0.6889 -0.7154
vn 0.0649 0.5772 -0.8140
vn 0.0598 0.6892 -0.7221
vn 0.7399 0.1808 0.6479
vn 0.6892 0.1877 0.6999
vn 0.7191 0.2893 0.6318
vn -0.7132 0.4072 0.5705
vn 0.5918 0.5502 0.5891
vn 0.6070 0.4418 0.6606
vn 0.6572 0.4115 0.6314
vn 0.5506 0.5686 0.6111
vn 0.5017 0.6885 0.5236
vn 0.4677 0.6957 0.5452
vn 0.0779 0.8934 0.4424
vn 0.0307 0.9072 0.4197
vn 0.1247 0.8498 0.5122
vn 0.2206 0.8266 0.5177
vn 0.1689 0.8690 0.4651
vn 0.3191 0.8062 0.4983
vn 0.0503 0.8637 0.5015
vn -0.0000 0.9083 0.4182
vn 0.0903 0.7634 0.6395
vn -0.0000 0.8670 0.4983
vn 0.5531 0.3286 0.7656
vn 0.6583 0.3182 0.6822
vn 0.5741 0.1851 0.7976
vn 0.5220 0.4528 0.7229
vn 0.3967 0.7073 0.5852
vn 0.1156 0.6278 0.7698
vn -0.0000 0.7681 0.6403
vn 0.4489 0.1769 0.8759
vn 0.4549 0.0064 0.8905
vn 0.3165 -0.0948 0.9439
vn 0.4368 0.3244 0.8391
vn -0.4686 0.5881 0.6592
vn -0.4677 0.6957 0.5452
vn -0.5506 0.5686 0.6111
vn -0.3967 0.7073 0.5852
vn -0.5220 0.4527 0.7229
vn -0.3055 0.7266 0.6154
vn -0.4122 0.4575 0.7879
vn 0.1444 0.4818 0.8643
vn -0.0000 0.6313 0.7756
vn -0.4368 0.3243 0.8391
vn -0.6070 0.4418 0.6606
vn -0.5531 0.3286 0.7656
vn -0.1958 0.7495 0.6324
vn -0.2206 0.8266 0.5177
vn -0.1247 0.8498 0.5122
vn 0.3210 -0.0063 0.9470
vn -0.5918 0.5502 0.5891
vn -0.3108 0.3264 0.8927
vn -0.6583 0.3182 0.6822
vn -0.4489 0.1769 0.8759
vn -0.5741 0.1851 0.7976
vn -0.0503 0.8637 0.5015
vn -0.0903 0.7634 0.6395
vn -0.1689 0.8690 0.4651
vn -0.3191 0.8062 0.4983
vn -0.0779 0.8934 0.4424
vn 0.3108 0.3264 0.8927
vn 0.2868 0.4654 0.8373
vn -0.6572 0.4115 0.6314
vn -0.3224 0.1685 0.9315
vn -0.1641 0.3356 0.9276
vn -0.1725 0.1652 0.9710
vn -0.6892 0.1877 0.6999
vn -0.5834 0.0215 0.8119
vn -0.0307 0.9072 0.4197
vn -0.1444 0.4818 0.8643
vn -0.1156 0.6278 0.7698
vn -0.7191 0.2893 0.6318
vn -0.0000 0.4890 0.8723
vn -0.0000 0.3358 0.9419
vn -0.0000 -0.0214 0.9998
vn -0.0000 0.1632 0.9866
vn -0.3210 -0.0063 0.9470
vn -0.7399 0.1808 0.6479
vn -0.7441 0.0475 0.6664
vn -0.7378 -0.0080 0.6750
vn 0.1725 0.1652 0.9710
vn 0.1641 0.3356 0.9276
vn 0.3224 0.1685 0.9315
vn -0.4269 0.7960 0.4291
vn -0.3690 0.8342 0.4098
vn -0.4078 0.8352 0.3691
vn -0.2723 0.8464 0.4577
vn -0.3936 0.7936 0.4640
vn -0.5017 0.6885 0.5236
vn -0.7970 0.3379 0.5007
vn -0.9308 0.2239 0.2890
vn -0.8493 0.2523 0.4638
vn 0.2723 0.8464 0.4577
vn 0.3936 0.7936 0.4640
vn 0.3690 0.8342 0.4098
vn 0.4269 0.7960 0.4291
vn 0.4078 0.8352 0.3691
vn 0.4487 0.7964 -0.4054
vn 0.4251 0.8144 -0.3951
vn 0.4526 0.8181 -0.3549
vn 0.4523 0.8325 -0.3200
vn 0.4791 0.8544 -0.2011
vn 0.6440 0.3778 -0.6652
vn 0.6484 0.3898 -0.6540
vn 0.6366 0.7147 -0.2897
vn 0.7126 0.5963 -0.3697
vn 0.7087 0.3408 -0.6178
vn 0.7953 0.4554 -0.4001
vn 0.8038 0.2368 -0.5457
vn 0.8975 0.3223 -0.3012
vn 0.9475 0.2308 -0.2214
vn 0.4228 0.8121 0.4021
vn 0.4737 0.8397 0.2655
vn 0.9388 0.3312 -0.0950
vn 0.9567 0.2900 -0.0235
vn 0.5569 0.7866 0.2666
vn 0.4700 0.7894 0.3949
vn 0.9360 0.3520 -0.0022
vn 0.9591 0.2577 0.1172
vn 0.9364 0.3422 0.0770
vn 0.9308 0.2239 0.2890
vn 0.9330 0.2211 0.2839
vn 0.7510 0.5552 0.3575
vn 0.9163 0.3496 0.1954
vn 0.8493 0.2523 0.4638
vn 0.7656 0.2871 0.5757
vn 0.7970 0.3379 0.5007
vn 0.8610 0.4302 0.2713
vn -0.4487 0.7964 -0.4054
vn -0.4251 0.8144 -0.3951
vn -0.4526 0.8181 -0.3549
vn -0.4523 0.8325 -0.3200
vn -0.6440 0.3778 -0.6652
vn -0.4233 0.8492 -0.3157
vn -0.4791 0.8544 -0.2010
vn -0.5631 0.8057 -0.1838
vn -0.5733 0.8177 -0.0517
vn -0.6370 0.7137 -0.2912
vn -0.6484 0.3898 -0.6540
vn -0.7087 0.3408 -0.6178
vn -0.4064 0.9062 -0.1169
vn -0.5248 0.8498 0.0486
vn -0.7126 0.5963 -0.3697
vn -0.8038 0.2368 -0.5457
vn -0.3797 0.9240 0.0451
vn -0.7953 0.4554 -0.4001
vn -0.9475 0.2308 -0.2214
vn -0.4237 0.8796 0.2162
vn -0.5231 0.8346 0.1729
vn -0.8975 0.3223 -0.3012
vn -0.4228 0.8121 0.4021
vn -0.4737 0.8397 0.2655
vn -0.9388 0.3311 -0.0950
vn -0.9567 0.2900 -0.0235
vn -0.5568 0.7867 0.2664
vn -0.4701 0.7894 0.3949
vn -0.9360 0.3520 -0.0022
vn -0.8666 0.1761 0.4669
vn -0.8035 0.1883 0.5648
vn -0.9591 0.2577 0.1172
vn -0.9634 0.2362 0.1270
vn -0.9365 0.3422 0.0770
vn -0.9330 0.2211 0.2839
vn -0.7510 0.5552 0.3575
vn -0.7656 0.2871 0.5757
vn -0.9163 0.3496 0.1954
vn -0.8610 0.4302 0.2713
vn -0.0382 -0.8303 0.5560
vn -0.0773 -0.8223 0.5638
vn -0.0252 -0.8908 0.4537
vn 0.1992 -0.9795 0.0314
vn 0.2243 -0.9724 -0.0636
vn 0.1567 -0.9852 -0.0700
vn 0.2148 -0.9617 -0.1703
vn 0.1455 -0.9798 -0.1370
vn 0.1219 -0.9863 0.1110
vn 0.0431 -0.9799 0.1947
vn 0.0477 -0.9909 0.1256
vn -0.0684 -0.9722 0.2238
vn 0.1369 -0.9905 0.0143
vn 0.1378 -0.9584 -0.2498
vn -0.2288 -0.9182 0.3234
vn -0.1617 -0.9565 0.2428
vn 0.0677 -0.9975 0.0183
vn 0.1402 -0.9877 -0.0690
vn 0.1123 -0.9642 -0.2403
vn -0.0333 -0.9899 0.1377
vn 0.1349 -0.9800 -0.1460
vn 0.0779 -0.9945 -0.0705
vn -0.1174 -0.9824 0.1452
vn -0.2610 -0.9358 0.2368
vn 0.0379 -0.9637 -0.2644
vn 0.0408 -0.9405 -0.3374
vn -0.0076 -0.9995 0.0292
vn 0.0625 -0.9849 -0.1614
vn -0.3665 -0.9068 0.2083
vn -0.2070 -0.9683 0.1402
vn -0.0514 -0.9272 -0.3711
vn -0.1123 -0.8871 -0.4477
vn -0.0165 -0.9184 -0.3954
vn -0.0900 -0.9954 0.0323
vn 0.0018 -0.9973 -0.0740
vn -0.0286 -0.9599 -0.2788
vn -0.2953 -0.9480 0.1190
vn -0.0778 -0.9940 -0.0767
vn -0.0079 -0.9840 -0.1779
vn -0.1801 -0.9833 0.0268
vn -0.3906 -0.9173 0.0770
vn -0.5026 -0.8643 0.0207
vn -0.3949 -0.9187 -0.0025
vn -0.1412 -0.9101 -0.3896
vn -0.2100 -0.8514 -0.4806
vn -0.0811 -0.9796 -0.1838
vn -0.2800 -0.9599 0.0105
vn -0.1012 -0.9514 -0.2908
vn -0.1675 -0.9831 -0.0739
vn 0.8082 -0.3265 0.4902
vn 0.8524 -0.1878 0.4881
vn 0.7647 -0.3571 0.5364
vn 0.7288 -0.4284 0.5341
vn -0.3897 -0.9189 -0.0611
vn -0.5068 -0.8594 -0.0681
vn -0.3813 -0.9152 -0.1305
vn -0.2712 -0.9602 -0.0662
vn 0.8046 -0.2100 0.5555
vn -0.1598 -0.9708 -0.1787
vn -0.1752 -0.9399 -0.2930
vn -0.2294 -0.8893 -0.3955
vn -0.3091 -0.8193 -0.4829
vn 0.8745 -0.0559 0.4818
vn 0.8145 -0.0880 0.5734
vn 0.9009 -0.2859 0.3265
vn 0.9357 -0.1323 0.3270
vn -0.2513 -0.9556 -0.1541
vn -0.2488 -0.9272 -0.2799
vn -0.3284 -0.8644 -0.3808
vn 0.7755 -0.4027 0.4862
vn 0.8919 0.0167 0.4520
vn 0.8703 -0.3666 0.3288
vn 0.9506 -0.0141 0.3101
vn -0.5024 -0.8487 -0.1653
vn -0.3607 -0.9026 -0.2349
vn -0.4505 -0.8395 -0.3038
vn 0.0382 -0.8303 0.5560
vn 0.0252 -0.8908 0.4537
vn 0.0773 -0.8223 0.5638
vn 0.9557 0.0588 0.2883
vn 0.9636 -0.2323 0.1320
vn 0.9874 -0.0972 0.1245
vn 0.9927 0.0113 0.1204
vn 0.9747 -0.2076 -0.0825
vn 0.9431 -0.2958 0.1521
vn 0.9878 0.1008 0.1188
vn -0.1992 -0.9795 0.0314
vn -0.2243 -0.9724 -0.0636
vn -0.1369 -0.9905 0.0143
vn 0.9941 -0.0742 -0.0787
vn -0.1567 -0.9852 -0.0700
vn -0.1219 -0.9863 0.1110
vn -0.1393 -0.9803 0.1402
vn 0.9968 0.0272 -0.0755
vn -0.1402 -0.9877 -0.0690
vn -0.0477 -0.9909 0.1256
vn -0.0431 -0.9799 0.1947
vn 0.0684 -0.9722 0.2239
vn 0.9916 0.1097 -0.0690
vn -0.0677 -0.9975 0.0183
vn -0.2148 -0.9617 -0.1703
vn -0.1349 -0.9800 -0.1461
vn -0.1455 -0.9798 -0.1370
vn 0.0334 -0.9899 0.1377
vn 0.1617 -0.9565 0.2428
vn 0.2288 -0.9182 0.3234
vn 0.9853 0.1426 0.0939
vn 0.9517 -0.0691 -0.2991
vn -0.1378 -0.9584 -0.2498
vn -0.1123 -0.9642 -0.2403
vn -0.0779 -0.9945 -0.0705
vn 0.1174 -0.9824 0.1452
vn 0.2610 -0.9358 0.2368
vn 0.3356 -0.8879 0.3147
vn 0.9294 -0.2049 -0.3070
vn -0.0408 -0.9405 -0.3374
vn -0.0379 -0.9637 -0.2644
vn 0.0076 -0.9995 0.0292
vn -0.0625 -0.9849 -0.1614
vn 0.2070 -0.9682 0.1402
vn 0.0165 -0.9184 -0.3954
vn 0.1123 -0.8871 -0.4477
vn 0.0901 -0.9954 0.0323
vn -0.0018 -0.9973 -0.0740
vn 0.0514 -0.9272 -0.3711
vn 0.0286 -0.9599 -0.2788
vn 0.3665 -0.9068 0.2083
vn 0.4464 -0.8541 0.2668
vn 0.0778 -0.9940 -0.0767
vn 0.1413 -0.9101 -0.3896
vn 0.0079 -0.9840 -0.1779
vn 0.1801 -0.9833 0.0268
vn 0.2953 -0.9480 0.1190
vn 0.2100 -0.8514 -0.4806
vn 0.1013 -0.9514 -0.2909
vn 0.0811 -0.9796 -0.1838
vn 0.3906 -0.9173 0.0770
vn 0.5026 -0.8643 0.0207
vn 0.4686 -0.8738 0.1299
vn 0.2800 -0.9599 0.0105
vn 0.9068 -0.2812 -0.3140
vn 0.2295 -0.8893 -0.3955
vn 0.1676 -0.9831 -0.0739
vn 0.9578 0.0271 -0.2863
vn 0.3949 -0.9187 -0.0025
vn 0.9879 0.1422 -0.0625
vn 0.9563 0.1020 -0.2740
vn 0.1598 -0.9708 -0.1787
vn 0.3092 -0.8193 -0.4829
vn 0.1752 -0.9399 -0.2930
vn 0.2712 -0.9602 -0.0662
vn 0.4170 -0.7917 -0.4464
vn 0.2488 -0.9272 -0.2799
vn 0.2513 -0.9556 -0.1541
vn 0.8442 -0.2135 -0.4916
vn 0.8187 -0.2905 -0.4953
vn 0.7198 -0.3100 -0.6211
vn 0.3897 -0.9189 -0.0611
vn 0.3285 -0.8643 -0.3808
vn 0.3813 -0.9152 -0.1305
vn 0.5068 -0.8594 -0.0681
vn 0.7486 -0.2381 -0.6188
vn 0.9523 0.1320 -0.2752
vn 0.8733 -0.0800 -0.4805
vn 0.3607 -0.9026 -0.2349
vn 0.5024 -0.8487 -0.1653
vn 0.6380 -0.2726 -0.7202
vn 0.6057 -0.3443 -0.7174
vn 0.8817 0.0257 -0.4712
vn 0.8788 0.1099 -0.4643
vn 0.7832 -0.0986 -0.6139
vn 0.5254 -0.3117 -0.7917
vn 0.4921 -0.3850 -0.7808
vn 0.3840 -0.4265 -0.8189
vn 0.8792 0.1518 -0.4517
vn 0.6781 -0.1252 -0.7243
vn 0.7972 0.0164 -0.6034
vn 0.4172 -0.3519 -0.8379
vn 0.5684 -0.1589 -0.8073
vn 0.8058 0.0843 -0.5861
vn 0.3166 -0.3902 -0.8646
vn 0.4588 -0.1927 -0.8674
vn 0.2847 -0.4684 -0.8364
vn 0.6989 -0.0003 -0.7152
vn 0.1963 -0.5070 -0.8393
vn 0.5934 -0.0235 -0.8046
vn 0.7011 0.0561 -0.7109
vn 0.2206 -0.4230 -0.8789
vn 0.3541 -0.2222 -0.9085
vn 0.4843 -0.0490 -0.8735
vn 0.1159 -0.4444 -0.8883
vn 0.1030 -0.5331 -0.8398
vn 0.0530 -0.5423 -0.8385
vn 0.5995 0.0377 -0.7995
vn 0.2492 -0.2472 -0.9364
vn 0.3762 -0.0716 -0.9238
vn 0.0609 -0.4515 -0.8902
vn 0.4929 0.0153 -0.8700
vn 0.1324 -0.2637 -0.9555
vn 0.2659 -0.0881 -0.9600
vn 0.3831 -0.0028 -0.9237
vn 0.0695 -0.2693 -0.9605
vn 0.1409 -0.0966 -0.9853
vn 0.2688 -0.0124 -0.9631
vn 0.0737 -0.0989 -0.9924
vn 0.1414 -0.0154 -0.9898
vn 0.0757 -0.0179 -0.9970
vn 0.6024 -0.4311 0.6718
vn 0.5589 -0.5049 0.6578
vn 0.6534 -0.3958 0.6453
vn 0.7052 -0.2381 0.6679
vn 0.6561 -0.2640 0.7070
vn 0.4781 -0.4834 0.7333
vn 0.4356 -0.5621 0.7031
vn 0.7248 -0.1619 0.6696
vn 0.3580 -0.5304 0.7684
vn 0.5343 -0.3093 0.7867
vn 0.3162 -0.6093 0.7271
vn 0.6744 -0.1869 0.7144
vn 0.4138 -0.3537 0.8389
vn 0.2503 -0.5727 0.7806
vn 0.2129 -0.6532 0.7266
vn 0.5561 -0.2294 0.7988
vn 0.1277 -0.6026 0.7878
vn 0.2930 -0.3852 0.8751
vn 0.1065 -0.6895 0.7164
vn 0.4335 -0.2676 0.8605
vn -0.0000 -0.7040 0.7102
vn -0.0000 -0.6146 0.7888
vn 0.1532 -0.4046 0.9015
vn 0.3035 -0.2875 0.9084
vn 0.1600 -0.2999 0.9405
vn -0.0000 -0.4134 0.9105
vn -0.0000 -0.3056 0.9522
vn -0.8082 -0.3265 0.4902
vn -0.7288 -0.4284 0.5341
vn -0.7647 -0.3571 0.5365
vn -0.8524 -0.1878 0.4881
vn -0.8046 -0.2100 0.5555
vn -0.9009 -0.2859 0.3265
vn -0.7755 -0.4027 0.4862
vn -0.9357 -0.1323 0.3270
vn -0.8745 -0.0559 0.4818
vn -0.8145 -0.0880 0.5734
vn -0.9636 -0.2323 0.1320
vn -0.8703 -0.3666 0.3288
vn -0.9874 -0.0972 0.1245
vn -0.9506 -0.0141 0.3101
vn -0.8919 0.0167 0.4520
vn -0.9747 -0.2076 -0.0825
vn -0.9431 -0.2958 0.1521
vn -0.9941 -0.0742 -0.0787
vn -0.9927 0.0113 0.1204
vn -0.9557 0.0587 0.2883
vn -0.9968 0.0272 -0.0755
vn -0.9878 0.1008 0.1188
vn -0.9294 -0.2049 -0.3070
vn -0.9916 0.1097 -0.0690
vn -0.9853 0.1426 0.0939
vn -0.9517 -0.0691 -0.2991
vn -0.9879 0.1422 -0.0625
vn -0.9578 0.0271 -0.2863
vn -0.8442 -0.2135 -0.4916
vn -0.9563 0.1020 -0.2740
vn -0.8733 -0.0800 -0.4805
vn -0.9523 0.1320 -0.2752
vn -0.8817 0.0257 -0.4712
vn -0.7832 -0.0986 -0.6139
vn -0.7486 -0.2381 -0.6188
vn -0.8788 0.1099 -0.4643
vn -0.8792 0.1518 -0.4517
vn -0.7972 0.0164 -0.6034
vn -0.6379 -0.2726 -0.7202
vn -0.6781 -0.1252 -0.7243
vn -0.8058 0.0843 -0.5861
vn -0.5254 -0.3117 -0.7917
vn -0.4921 -0.3850 -0.7808
vn -0.6989 -0.0003 -0.7152
vn -0.5684 -0.1589 -0.8073
vn -0.7011 0.0561 -0.7109
vn -0.5934 -0.0235 -0.8046
vn -0.4172 -0.3519 -0.8379
vn -0.4588 -0.1927 -0.8674
vn -0.3166 -0.3902 -0.8646
vn -0.2847 -0.4684 -0.8364
vn -0.3541 -0.2222 -0.9085
vn -0.4843 -0.0490 -0.8735
vn -0.5995 0.0377 -0.7995
vn -0.3762 -0.0716 -0.9238
vn -0.4929 0.0153 -0.8700
vn -0.2492 -0.2472 -0.9364
vn -0.2206 -0.4230 -0.8789
vn -0.3831 -0.0028 -0.9237
vn -0.1159 -0.4444 -0.8883
vn -0.1030 -0.5331 -0.8398
vn -0.2659 -0.0881 -0.9600
vn -0.0530 -0.5423 -0.8385
vn -0.1324 -0.2637 -0.9555
vn -0.2688 -0.0124 -0.9631
vn -0.0609 -0.4515 -0.8902
vn -0.1409 -0.0966 -0.9853
vn -0.1414 -0.0154 -0.9898
vn -0.0695 -0.2693 -0.9605
vn -0.0737 -0.0989 -0.9924
vn -0.0757 -0.0179 -0.9970
vn -0.6024 -0.4311 0.6718
vn -0.6534 -0.3958 0.6453
vn -0.5589 -0.5049 0.6578
vn -0.6107 -0.4648 0.6411
vn -0.4781 -0.4834 0.7333
vn -0.4356 -0.5621 0.7031
vn -0.6561 -0.2640 0.7069
vn -0.7052 -0.2381 0.6679
vn -0.7248 -0.1619 0.6696
vn -0.3580 -0.5304 0.7684
vn -0.5343 -0.3093 0.7867
vn -0.3162 -0.6093 0.7272
vn -0.6744 -0.1869 0.7144
vn -0.2129 -0.6532 0.7266
vn -0.2503 -0.5727 0.7806
vn -0.4138 -0.3537 0.8389
vn -0.5561 -0.2294 0.7988
vn -0.1277 -0.6026 0.7878
vn -0.1065 -0.6895 0.7164
vn -0.2930 -0.3852 0.8751
vn -0.4335 -0.2676 0.8605
vn -0.1532 -0.4046 0.9015
vn -0.3035 -0.2875 0.9084
vn -0.1600 -0.2999 0.9405
vn 0.1357 -0.9908 0.0025
vn 0.0955 -0.9924 0.0778
vn -0.1963 -0.5070 -0.8393
vn -0.3840 -0.4265 -0.8189
vn -0.6057 -0.3443 -0.7174
vn -0.7198 -0.3100 -0.6211
vn -0.8187 -0.2905 -0.4953
vn -0.9068 -0.2812 -0.3140
vn -0.9578 -0.2719 -0.0929
vn 0.6107 -0.4648 0.6411
vn 0.9578 -0.2718 -0.0929
vn 0.4505 -0.8395 -0.3038
vn 0.5874 -0.7828 -0.2054
vn 0.5243 -0.7758 -0.3510
vn 0.7066 -0.5445 -0.4519
vn 0.6112 -0.6810 -0.4034
vn 0.5077 -0.6950 -0.5092
vn 0.6769 -0.6911 -0.2535
vn 0.7723 -0.5593 -0.3012
vn 0.6030 -0.5610 -0.5672
vn 0.7481 -0.4686 -0.4699
vn 0.5974 -0.7979 -0.0798
vn 0.4916 -0.5922 -0.6385
vn 0.4003 -0.7240 -0.5618
vn 0.6484 -0.4894 -0.5831
vn 0.5360 -0.5242 -0.6617
vn 0.6875 -0.7194 -0.0986
vn 0.8236 -0.4731 -0.3130
vn 0.3871 -0.6278 -0.6753
vn 0.4285 -0.5630 -0.7067
vn 0.8127 -0.5731 -0.1053
vn 0.3024 -0.7603 -0.5749
vn 0.2818 -0.6673 -0.6894
vn 0.3255 -0.6043 -0.7273
vn 0.5847 -0.8100 0.0447
vn 0.8805 -0.4645 -0.0943
vn 0.1979 -0.8014 -0.5644
vn 0.1870 -0.7133 -0.6754
vn 0.2330 -0.6476 -0.7255
vn 0.5387 -0.8249 0.1712
vn 0.6730 -0.7359 0.0744
vn 0.0978 -0.8412 -0.5317
vn 0.1135 -0.7567 -0.6438
vn 0.1537 -0.6883 -0.7089
vn 0.0576 -0.7875 -0.6137
vn 0.0803 -0.7191 -0.6902
vn 0.7966 -0.5937 0.1137
vn 0.0372 -0.8804 -0.4729
vn 0.0196 -0.9067 -0.4214
vn 0.6296 -0.7448 0.2209
vn 0.8634 -0.4888 0.1252
vn -0.0456 -0.9470 -0.3181
vn 0.7381 -0.6098 0.2886
vn 0.5360 -0.7771 0.3299
vn 0.7920 -0.5246 0.3122
vn -0.0247 -0.9688 -0.2467
vn 0.6543 -0.6414 0.4006
vn 0.4223 -0.8136 0.3997
vn 0.5300 -0.6891 0.4942
vn -0.0808 -0.9838 -0.1599
vn 0.3188 -0.8497 0.4199
vn 0.1286 -0.9404 0.3149
vn 0.7108 -0.5616 0.4234
vn -0.0352 -0.9930 -0.1126
vn -0.0126 -0.9916 -0.1287
vn 0.4249 -0.7365 0.5264
vn 0.2331 -0.8868 0.3990
vn 0.5890 -0.6141 0.5254
vn 0.0193 -0.9673 0.2530
vn -0.0386 -0.9959 -0.0816
vn 0.3247 -0.7779 0.5380
vn 0.1221 -0.9280 0.3521
vn -0.0683 -0.9834 0.1681
vn -0.1357 -0.9908 0.0025
vn 0.4797 -0.6737 0.5621
vn -0.0322 -0.9995 -0.0050
vn 0.2091 -0.8146 0.5410
vn 0.3654 -0.7201 0.5898
vn 0.0296 -0.9570 0.2885
vn 0.2552 -0.7584 0.5998
vn 0.1222 -0.8571 0.5004
vn 0.0091 -0.9715 0.2370
vn -0.0380 -0.9951 0.0913
vn 0.0535 -0.8809 0.4703
vn 0.1630 -0.7977 0.5806
vn -0.5873 -0.7828 -0.2054
vn -0.5243 -0.7758 -0.3510
vn -0.4170 -0.7917 -0.4464
vn -0.6112 -0.6810 -0.4034
vn -0.5076 -0.6950 -0.5092
vn -0.6768 -0.6911 -0.2535
vn -0.7066 -0.5445 -0.4519
vn -0.4003 -0.7240 -0.5618
vn -0.3871 -0.6278 -0.6753
vn -0.4285 -0.5630 -0.7067
vn -0.2818 -0.6673 -0.6894
vn -0.5360 -0.5242 -0.6618
vn -0.3254 -0.6043 -0.7273
vn -0.5974 -0.7979 -0.0798
vn -0.6030 -0.5610 -0.5672
vn -0.4916 -0.5922 -0.6385
vn -0.3023 -0.7603 -0.5749
vn -0.1870 -0.7133 -0.6754
vn -0.2330 -0.6476 -0.7255
vn -0.6875 -0.7194 -0.0986
vn -0.7723 -0.5593 -0.3012
vn -0.6484 -0.4894 -0.5831
vn -0.1979 -0.8014 -0.5644
vn -0.0978 -0.8412 -0.5317
vn -0.1135 -0.7567 -0.6438
vn -0.1537 -0.6883 -0.7089
vn -0.4686 -0.8738 0.1299
vn -0.0372 -0.8804 -0.4729
vn -0.0575 -0.7875 -0.6137
vn -0.0803 -0.7191 -0.6902
vn -0.5847 -0.8100 0.0447
vn -0.7481 -0.4686 -0.4699
vn -0.0196 -0.9067 -0.4214
vn -0.5387 -0.8249 0.1712
vn -0.8126 -0.5732 -0.1053
vn -0.6730 -0.7359 0.0744
vn -0.8235 -0.4731 -0.3130
vn 0.0456 -0.9470 -0.3181
vn -0.4464 -0.8541 0.2668
vn 0.0247 -0.9688 -0.2466
vn -0.0174 -0.9146 -0.4041
vn 0.0016 -0.9733 -0.2297
vn -0.3356 -0.8879 0.3147
vn -0.6296 -0.7448 0.2209
vn -0.8805 -0.4645 -0.0943
vn -0.5360 -0.7771 0.3299
vn -0.7381 -0.6098 0.2886
vn -0.7966 -0.5937 0.1137
vn 0.0808 -0.9838 -0.1599
vn -0.4223 -0.8136 0.3997
vn -0.6543 -0.6414 0.4006
vn -0.8634 -0.4888 0.1252
vn -0.1286 -0.9404 0.3149
vn -0.0193 -0.9673 0.2530
vn -0.3188 -0.8497 0.4199
vn 0.1393 -0.9803 0.1401
vn -0.5300 -0.6891 0.4942
vn -0.7920 -0.5246 0.3122
vn 0.0352 -0.9930 -0.1126
vn -0.2331 -0.8868 0.3990
vn 0.0683 -0.9834 0.1681
vn -0.7108 -0.5617 0.4234
vn 0.0386 -0.9959 -0.0816
vn -0.1220 -0.9280 0.3521
vn -0.4249 -0.7365 0.5264
vn -0.5889 -0.6141 0.5254
vn -0.3247 -0.7779 0.5380
vn 0.0322 -0.9995 -0.0050
vn -0.2091 -0.8146 0.5410
vn -0.0296 -0.9570 0.2885
vn -0.4797 -0.6737 0.5621
vn 0.0380 -0.9951 0.0913
vn -0.3654 -0.7201 0.5898
vn -0.0091 -0.9715 0.2370
vn -0.1222 -0.8571 0.5004
vn -0.2552 -0.7584 0.5998
vn -0.0535 -0.8809 0.4703
vn 0.0005 -0.9760 0.2177
vn -0.1630 -0.7977 0.5806
vn 0.0161 -0.9974 0.0696
vn 0.0285 -0.9984 0.0498
vn 0.0126 -0.9916 -0.1287
vn -0.0297 -0.7953 -0.6055
vn -0.0423 -0.7283 -0.6840
vn -0.0005 -0.9760 0.2177
vn -0.0161 -0.9974 0.0696
vn -0.0285 -0.9984 0.0498
vn -0.0955 -0.9924 0.0779
vn -0.0016 -0.9733 -0.2297
vn 0.0174 -0.9146 -0.4041
vn 0.0297 -0.7953 -0.6055
vn 0.0423 -0.7283 -0.6840
vn 0.0058 0.9450 0.3270
vn 0.0002 0.9692 0.2461
vn -0.0000 0.9558 0.2941
vn -0.0058 0.9450 0.3270
vn -0.0002 0.9692 0.2461
vn -0.0000 0.9783 0.2072
vn -0.0000 0.9809 0.1944
vn -0.0000 0.9847 0.1743
vn -0.0000 0.9895 0.1442
vn -0.0000 0.9896 0.1438
vn -0.0000 0.9917 0.1286
vn -0.0000 0.9933 0.1158
vn -0.0000 0.9977 0.0676
vn -0.0000 0.9996 0.0294
vn -0.0000 0.9994 0.0360
vn -0.0000 0.9992 0.0396
vn -0.0000 0.9996 0.0297
vn -0.0000 0.9996 0.0269
vn -0.0000 1.0000 0.0002
vn -0.0000 1.0000 0.0021
vn -0.0000 0.9951 0.0992
vn -0.0000 0.9995 -0.0305
vt 0.375111 -0.447629
vt 0.345994 -0.475412
vt 0.345947 -0.446054
vt 0.468114 -0.450896
vt 0.500000 -0.451116
vt 0.468198 -0.481791
vt 0.403340 -0.602988
vt 0.435512 -0.573528
vt 0.434626 -0.604635
vt 0.531886 -0.450896
vt 0.531802 -0.481791
vt 0.596660 -0.602988
vt 0.595544 -0.571423
vt 0.626731 -0.600647
vt 0.565431 -0.635754
vt 0.565374 -0.604635
vt 0.597251 -0.634787
vt 0.594753 -0.448987
vt 0.624889 -0.447629
vt 0.624711 -0.477723
vt 0.654006 -0.475412
vt 0.654053 -0.446054
vt 0.682798 -0.472663
vt 0.682798 -0.444204
vt 1.000000 -0.081787
vt 1.000000 -0.100326
vt 0.980743 -0.100035
vt 0.927807 -0.171156
vt 0.944977 -0.171830
vt 0.927508 -0.189250
vt 0.944789 -0.153818
vt 0.911859 -0.188374
vt 0.980480 -0.081457
vt 0.961669 -0.099690
vt 0.961144 -0.081149
vt 0.942732 -0.099451
vt 0.941973 -0.080959
vt 0.924084 -0.099078
vt 0.923021 -0.080699
vt 0.905587 -0.098721
vt 0.436429 -0.450023
vt 0.405445 -0.479435
vt 0.405247 -0.448987
vt 0.904165 -0.080490
vt 0.886970 -0.098364
vt 0.885205 -0.080275
vt 0.867979 -0.098015
vt 0.213189 -0.102670
vt 0.190637 -0.113467
vt 0.192605 -0.098904
vt 0.237313 -0.089961
vt 0.233922 -0.109274
vt 0.865986 -0.080127
vt 0.848289 -0.097638
vt 0.850844 -0.114107
vt 0.827905 -0.097528
vt 0.829821 -0.112686
vt 0.807395 -0.098904
vt 0.809363 -0.113467
vt 0.786811 -0.102670
vt 0.789453 -0.117789
vt 0.072193 -0.171156
vt 0.072492 -0.189250
vt 0.055023 -0.171830
vt 0.038856 -0.081149
vt 0.038330 -0.099690
vt 0.019519 -0.081457
vt 0.076979 -0.080699
vt 0.075916 -0.099078
vt 0.058026 -0.080959
vt 0.114795 -0.080275
vt 0.113030 -0.098364
vt 0.095835 -0.080490
vt 0.134014 -0.080127
vt 0.132021 -0.098015
vt 0.172095 -0.097528
vt 0.170179 -0.112686
vt 0.151711 -0.097638
vt 0.149156 -0.114107
vt 0.129337 -0.115636
vt 0.110818 -0.116208
vt 0.123743 -0.166752
vt 0.121719 -0.184350
vt 0.114719 -0.167809
vt 0.119042 -0.150456
vt 0.092783 -0.116755
vt 0.094413 -0.098721
vt 0.091012 -0.134681
vt 0.104676 -0.151410
vt 0.089184 -0.152410
vt 0.074774 -0.117256
vt 0.073685 -0.135320
vt 0.102301 -0.169049
vt 0.113797 -0.185828
vt 0.056449 -0.117669
vt 0.072719 -0.153249
vt 0.055726 -0.135767
vt 0.076726 -0.226763
vt 0.073984 -0.207768
vt 0.090233 -0.207146
vt 0.058381 -0.226550
vt 0.057268 -0.099451
vt 0.087999 -0.170224
vt 0.102020 -0.187257
vt 0.037807 -0.118012
vt 0.055211 -0.153818
vt 0.037388 -0.136163
vt 0.056579 -0.208181
vt 0.040025 -0.226345
vt 0.088141 -0.188374
vt 0.018998 -0.118327
vt 0.037093 -0.154239
vt 0.018810 -0.136495
vt 0.038318 -0.208415
vt 0.019493 -0.226348
vt 0.019256 -0.100035
vt 0.000000 -0.118564
vt 0.018671 -0.154575
vt 0.000000 -0.136708
vt 0.055436 -0.189913
vt 0.019122 -0.208621
vt 0.000000 -0.226229
vt 0.000000 -0.081787
vt 0.000000 -0.100326
vt 0.037066 -0.172320
vt 0.000000 -0.154761
vt 0.037412 -0.190381
vt 0.000000 -0.208618
vt 0.018653 -0.172643
vt 0.018817 -0.190656
vt 0.000000 -0.190797
vt 0.000000 -0.172822
vt 0.740180 -0.174952
vt 0.764400 -0.187515
vt 0.751356 -0.198536
vt 0.722030 -0.128600
vt 0.715944 -0.103375
vt 0.744729 -0.118351
vt 0.776027 -0.208037
vt 0.766550 -0.218385
vt 0.782275 -0.200783
vt 0.766078 -0.109274
vt 0.740130 -0.096173
vt 0.762687 -0.089961
vt 0.712353 -0.077547
vt 0.818353 -0.223888
vt 0.838637 -0.222033
vt 0.823430 -0.239630
vt 0.284056 -0.103375
vt 0.259870 -0.096173
vt 0.287647 -0.077547
vt 0.842740 -0.231615
vt 0.858893 -0.226142
vt 0.853288 -0.211802
vt 0.873038 -0.202770
vt 0.865785 -0.198168
vt 0.870663 -0.115636
vt 0.889182 -0.116208
vt 0.907217 -0.116755
vt 0.876257 -0.166752
vt 0.880958 -0.150456
vt 0.885281 -0.167809
vt 0.878281 -0.184350
vt 0.908988 -0.134681
vt 0.925225 -0.117256
vt 0.910816 -0.152410
vt 0.895324 -0.151410
vt 0.926314 -0.135320
vt 0.897699 -0.169049
vt 0.886203 -0.185828
vt 0.943550 -0.117669
vt 0.927281 -0.153249
vt 0.944274 -0.135767
vt 0.897980 -0.187257
vt 0.912000 -0.170224
vt 0.235600 -0.187515
vt 0.223973 -0.208037
vt 0.217725 -0.200783
vt 0.248644 -0.198536
vt 0.233450 -0.218385
vt 0.962192 -0.118012
vt 0.962611 -0.136163
vt 0.923273 -0.226763
vt 0.909767 -0.207146
vt 0.926016 -0.207768
vt 0.941619 -0.226550
vt 0.981001 -0.118327
vt 0.962907 -0.154239
vt 0.981190 -0.136495
vt 0.943421 -0.208181
vt 0.959974 -0.226345
vt 1.000000 -0.118564
vt 0.981329 -0.154575
vt 1.000000 -0.136708
vt 0.961681 -0.208415
vt 0.980506 -0.226348
vt 0.944564 -0.189913
vt 0.962934 -0.172320
vt 1.000000 -0.154761
vt 0.980878 -0.208621
vt 1.000000 -0.226229
vt 0.962588 -0.190381
vt 0.981346 -0.172643
vt 1.000000 -0.208618
vt 0.981183 -0.190656
vt 1.000000 -0.172822
vt 1.000000 -0.190797
vt 0.682798 -0.501178
vt 0.654120 -0.504907
vt 0.682798 -0.529910
vt 0.259820 -0.174952
vt 0.682798 -0.593624
vt 0.654829 -0.565223
vt 0.682798 -0.559174
vt 0.655494 -0.597638
vt 0.682798 -0.631300
vt 0.655942 -0.632210
vt 0.566844 -0.696873
vt 0.535072 -0.696873
vt 0.566080 -0.666702
vt 0.598806 -0.666221
vt 0.602008 -0.696873
vt 0.629112 -0.666033
vt 0.533455 -0.667284
vt 0.500000 -0.696873
vt 0.532972 -0.636325
vt 0.500000 -0.667671
vt 0.625064 -0.538017
vt 0.654298 -0.534557
vt 0.624937 -0.507836
vt 0.625680 -0.568845
vt 0.627301 -0.633610
vt 0.532915 -0.605484
vt 0.500000 -0.636404
vt 0.594612 -0.509895
vt 0.594555 -0.479435
vt 0.563571 -0.450023
vt 0.594773 -0.540485
vt 0.373269 -0.600647
vt 0.344058 -0.632210
vt 0.344506 -0.597638
vt 0.372699 -0.633610
vt 0.374320 -0.568845
vt 0.402749 -0.634787
vt 0.404456 -0.571423
vt 0.532474 -0.574750
vt 0.500000 -0.605597
vt 0.405227 -0.540485
vt 0.345171 -0.565223
vt 0.374936 -0.538017
vt 0.434569 -0.635754
vt 0.401194 -0.666221
vt 0.433920 -0.666702
vt 0.563468 -0.480854
vt 0.317202 -0.593624
vt 0.436112 -0.542446
vt 0.345702 -0.534557
vt 0.405388 -0.509895
vt 0.375063 -0.507836
vt 0.466545 -0.667284
vt 0.467028 -0.636325
vt 0.397992 -0.696873
vt 0.370888 -0.666033
vt 0.433156 -0.696873
vt 0.563888 -0.542446
vt 0.564488 -0.573528
vt 0.317202 -0.559174
vt 0.436400 -0.511621
vt 0.467757 -0.544074
vt 0.468009 -0.512878
vt 0.345880 -0.504907
vt 0.375289 -0.477723
vt 0.464928 -0.696873
vt 0.467526 -0.574750
vt 0.467085 -0.605484
vt 0.317202 -0.529910
vt 0.500000 -0.574653
vt 0.500000 -0.544049
vt 0.500000 -0.482042
vt 0.500000 -0.513142
vt 0.436532 -0.480854
vt 0.317202 -0.501178
vt 0.317202 -0.472663
vt 0.317202 -0.444204
vt 0.531991 -0.512878
vt 0.532243 -0.544074
vt 0.563600 -0.511621
vt 0.317202 -0.669930
vt 0.338354 -0.696873
vt 0.317202 -0.696873
vt 0.367345 -0.696873
vt 0.342512 -0.667159
vt 0.317202 -0.631300
vt 0.238287 -0.160619
vt 0.226057 -0.137742
vt 0.248081 -0.138946
vt 0.632655 -0.696873
vt 0.657488 -0.667159
vt 0.661646 -0.696873
vt 0.682798 -0.669930
vt 0.682798 -0.696873
vt 0.895239 -0.206303
vt 0.905165 -0.226685
vt 0.882403 -0.204924
vt 0.889238 -0.226483
vt 0.873080 -0.225867
vt 0.892005 -0.133902
vt 0.868399 -0.149788
vt 0.870901 -0.181837
vt 0.868457 -0.165936
vt 0.874664 -0.133040
vt 0.859747 -0.150045
vt 0.853777 -0.132085
vt 0.846331 -0.136384
vt 0.829749 -0.121704
vt 0.793976 -0.223190
vt 0.810251 -0.245770
vt 0.829269 -0.128093
vt 0.809911 -0.120692
vt 0.797292 -0.215459
vt 0.786022 -0.233858
vt 0.810039 -0.126988
vt 0.790776 -0.125632
vt 0.791745 -0.131908
vt 0.773943 -0.137742
vt 0.770177 -0.126627
vt 0.772059 -0.182384
vt 0.777685 -0.144476
vt 0.751919 -0.138946
vt 0.730384 -0.152434
vt 0.761713 -0.160619
vt 0.770348 -0.161933
vt 0.104761 -0.206303
vt 0.094835 -0.226685
vt 0.117597 -0.204924
vt 0.110762 -0.226483
vt 0.107995 -0.133902
vt 0.126962 -0.202770
vt 0.126920 -0.225867
vt 0.134215 -0.198168
vt 0.146712 -0.211802
vt 0.129099 -0.181837
vt 0.131601 -0.149788
vt 0.125336 -0.133040
vt 0.141107 -0.226142
vt 0.161363 -0.222033
vt 0.131543 -0.165936
vt 0.146223 -0.132085
vt 0.157260 -0.231615
vt 0.140253 -0.150045
vt 0.170251 -0.121704
vt 0.176570 -0.239630
vt 0.181647 -0.223888
vt 0.153669 -0.136384
vt 0.206024 -0.223190
vt 0.189749 -0.245770
vt 0.170731 -0.128093
vt 0.190089 -0.120692
vt 0.202708 -0.215459
vt 0.213978 -0.233858
vt 0.189961 -0.126988
vt 0.255271 -0.118351
vt 0.277970 -0.128600
vt 0.209224 -0.125632
vt 0.210547 -0.117789
vt 0.208255 -0.131908
vt 0.229823 -0.126627
vt 0.227941 -0.182384
vt 0.269616 -0.152434
vt 0.222315 -0.144476
vt 0.229652 -0.161933
vt 0.493803 -0.349055
vt 0.464889 -0.347005
vt 0.493803 -0.325156
vt 0.453833 -0.246539
vt 0.455615 -0.232391
vt 0.468617 -0.232706
vt 0.454584 -0.218312
vt 0.468244 -0.216932
vt 0.439152 -0.252434
vt 0.430769 -0.263733
vt 0.429786 -0.252356
vt 0.417908 -0.262198
vt 0.440790 -0.243258
vt 0.450166 -0.203144
vt 0.402399 -0.269780
vt 0.406909 -0.258981
vt 0.430463 -0.242110
vt 0.441316 -0.232006
vt 0.439368 -0.211734
vt 0.419572 -0.251243
vt 0.440561 -0.220798
vt 0.430894 -0.231687
vt 0.409788 -0.249198
vt 0.397574 -0.254779
vt 0.430810 -0.211240
vt 0.433447 -0.200397
vt 0.420722 -0.241182
vt 0.430730 -0.221305
vt 0.390270 -0.249826
vt 0.401174 -0.246575
vt 0.421242 -0.201042
vt 0.419914 -0.188913
vt 0.434357 -0.186499
vt 0.411462 -0.239995
vt 0.421333 -0.231361
vt 0.421342 -0.211690
vt 0.394244 -0.243759
vt 0.412294 -0.230984
vt 0.421460 -0.221596
vt 0.403155 -0.238580
vt 0.389870 -0.241396
vt 0.383730 -0.236994
vt 0.389933 -0.236321
vt 0.410346 -0.203230
vt 0.407564 -0.192629
vt 0.412375 -0.222004
vt 0.395968 -0.237204
vt 0.411797 -0.212870
vt 0.404090 -0.230576
vt 0.735303 -0.027590
vt 0.735638 -0.050300
vt 0.711877 -0.027633
vt 0.713378 -0.005859
vt 0.390376 -0.229707
vt 0.383723 -0.229217
vt 0.391118 -0.223216
vt 0.396838 -0.230140
vt 0.711173 -0.052019
vt 0.404181 -0.222566
vt 0.403321 -0.214610
vt 0.401009 -0.206436
vt 0.397061 -0.197575
vt 0.737097 -0.073286
vt 0.758009 -0.026902
vt 0.758727 -0.048174
vt 0.397097 -0.223131
vt 0.396430 -0.216633
vt 0.393509 -0.210490
vt 0.735468 -0.005859
vt 0.757829 -0.005859
vt 0.760229 -0.069316
vt 0.385194 -0.221696
vt 0.391872 -0.218379
vt 0.388145 -0.215334
vt 0.506197 -0.349055
vt 0.506197 -0.325156
vt 0.535111 -0.347005
vt 0.780024 -0.025992
vt 0.780813 -0.046312
vt 0.782277 -0.066132
vt 0.801426 -0.025345
vt 0.779900 -0.005859
vt 0.784286 -0.085188
vt 0.546167 -0.246539
vt 0.544385 -0.232391
vt 0.559210 -0.243258
vt 0.802214 -0.044910
vt 0.531383 -0.232706
vt 0.560848 -0.252434
vt 0.551875 -0.261909
vt 0.803539 -0.063941
vt 0.558684 -0.232006
vt 0.570214 -0.252356
vt 0.569231 -0.263733
vt 0.582092 -0.262198
vt 0.805275 -0.082170
vt 0.569537 -0.242110
vt 0.545416 -0.218312
vt 0.559439 -0.220798
vt 0.531756 -0.216932
vt 0.580428 -0.251243
vt 0.593091 -0.258981
vt 0.597601 -0.269780
vt 0.823048 -0.044034
vt 0.549834 -0.203144
vt 0.560632 -0.211734
vt 0.569106 -0.231687
vt 0.590212 -0.249198
vt 0.602426 -0.254779
vt 0.607893 -0.263710
vt 0.822184 -0.024887
vt 0.566553 -0.200397
vt 0.569190 -0.211240
vt 0.579278 -0.241182
vt 0.569270 -0.221305
vt 0.598826 -0.246575
vt 0.565643 -0.186499
vt 0.580086 -0.188913
vt 0.588538 -0.239995
vt 0.578667 -0.231361
vt 0.578758 -0.201042
vt 0.578658 -0.211690
vt 0.609730 -0.249826
vt 0.615866 -0.256416
vt 0.587706 -0.230984
vt 0.589654 -0.203230
vt 0.578540 -0.221596
vt 0.596845 -0.238580
vt 0.605756 -0.243759
vt 0.592436 -0.192629
vt 0.588203 -0.212870
vt 0.587625 -0.222004
vt 0.610130 -0.241396
vt 0.616270 -0.236994
vt 0.614452 -0.244059
vt 0.604032 -0.237204
vt 0.821874 -0.005859
vt 0.598991 -0.206436
vt 0.595910 -0.230576
vt 0.824379 -0.062693
vt 0.610067 -0.236321
vt 0.825990 -0.080685
vt 0.595819 -0.222566
vt 0.602939 -0.197575
vt 0.596679 -0.214610
vt 0.603162 -0.230140
vt 0.611459 -0.203564
vt 0.603570 -0.216633
vt 0.602903 -0.223131
vt 0.842402 -0.024686
vt 0.841886 -0.005859
vt 0.861452 -0.005859
vt 0.609624 -0.229707
vt 0.606491 -0.210490
vt 0.608882 -0.223216
vt 0.616277 -0.229217
vt 0.862148 -0.024599
vt 0.843333 -0.043565
vt 0.608128 -0.218379
vt 0.614806 -0.221696
vt 0.881593 -0.024583
vt 0.880766 -0.005859
vt 0.844664 -0.062091
vt 0.846263 -0.080176
vt 0.863141 -0.043324
vt 0.900958 -0.024602
vt 0.899977 -0.005859
vt 0.919270 -0.005859
vt 0.882602 -0.043331
vt 0.864400 -0.061881
vt 0.920293 -0.024578
vt 0.901917 -0.043325
vt 0.939871 -0.024596
vt 0.921214 -0.043329
vt 0.938955 -0.005859
vt 0.883778 -0.061919
vt 0.958990 -0.005859
vt 0.902988 -0.061981
vt 0.959718 -0.024642
vt 0.940620 -0.043416
vt 0.922081 -0.062074
vt 0.979770 -0.024667
vt 0.979326 -0.005859
vt 1.000000 -0.005859
vt 0.960268 -0.043406
vt 0.941281 -0.062226
vt 1.000000 -0.024720
vt 0.980060 -0.043585
vt 0.960715 -0.062311
vt 1.000000 -0.043634
vt 0.980335 -0.062487
vt 1.000000 -0.062600
vt 0.654589 -0.388574
vt 0.655174 -0.361328
vt 0.682798 -0.388088
vt 0.682798 -0.416018
vt 0.654312 -0.417027
vt 0.625985 -0.389210
vt 0.626923 -0.361328
vt 0.595725 -0.389661
vt 0.625404 -0.417982
vt 0.596485 -0.361328
vt 0.595437 -0.418772
vt 0.564297 -0.390216
vt 0.565062 -0.361328
vt 0.532274 -0.390560
vt 0.563930 -0.419647
vt 0.532944 -0.361328
vt 0.500000 -0.361328
vt 0.500000 -0.390695
vt 0.532075 -0.420221
vt 0.500000 -0.420616
vt 0.264697 -0.027590
vt 0.286622 -0.005859
vt 0.288123 -0.027633
vt 0.264362 -0.050300
vt 0.288827 -0.052019
vt 0.241991 -0.026902
vt 0.264532 -0.005859
vt 0.241273 -0.048174
vt 0.262903 -0.073286
vt 0.219976 -0.025992
vt 0.242171 -0.005859
vt 0.219187 -0.046312
vt 0.239771 -0.069316
vt 0.198574 -0.025345
vt 0.220100 -0.005859
vt 0.197786 -0.044910
vt 0.217723 -0.066132
vt 0.196461 -0.063941
vt 0.215714 -0.085188
vt 0.177816 -0.024887
vt 0.194725 -0.082170
vt 0.176952 -0.044034
vt 0.175621 -0.062693
vt 0.157598 -0.024686
vt 0.174010 -0.080685
vt 0.156667 -0.043565
vt 0.155336 -0.062091
vt 0.136859 -0.043324
vt 0.137852 -0.024599
vt 0.153737 -0.080176
vt 0.135600 -0.061881
vt 0.118407 -0.024583
vt 0.117398 -0.043331
vt 0.099042 -0.024602
vt 0.100023 -0.005859
vt 0.116222 -0.061919
vt 0.098082 -0.043325
vt 0.097011 -0.061981
vt 0.079706 -0.024578
vt 0.078785 -0.043329
vt 0.060129 -0.024596
vt 0.061045 -0.005859
vt 0.059380 -0.043416
vt 0.077919 -0.062074
vt 0.058719 -0.062226
vt 0.039731 -0.043406
vt 0.040281 -0.024642
vt 0.020230 -0.024667
vt 0.020674 -0.005859
vt 0.039284 -0.062311
vt 0.000000 -0.005859
vt 0.019940 -0.043585
vt 0.000000 -0.024720
vt 0.019665 -0.062487
vt 0.000000 -0.043634
vt 0.000000 -0.062600
vt 0.345411 -0.388574
vt 0.317202 -0.388088
vt 0.344826 -0.361328
vt 0.317202 -0.361328
vt 0.374015 -0.389210
vt 0.373077 -0.361328
vt 0.345688 -0.417027
vt 0.317202 -0.416018
vt 0.404275 -0.389661
vt 0.374596 -0.417982
vt 0.403515 -0.361328
vt 0.434938 -0.361328
vt 0.435703 -0.390216
vt 0.404563 -0.418772
vt 0.467726 -0.390560
vt 0.467056 -0.361328
vt 0.436070 -0.419647
vt 0.467925 -0.420221
vt 0.468581 -0.248664
vt 0.467154 -0.265564
vt 0.041010 -0.005859
vt 0.080729 -0.005859
vt 0.119234 -0.005859
vt 0.138548 -0.005859
vt 0.158114 -0.005859
vt 0.178126 -0.005859
vt 0.198786 -0.005859
vt 0.682798 -0.361328
vt 0.801214 -0.005859
vt 0.611855 -0.215334
vt 0.622054 -0.219242
vt 0.617904 -0.210828
vt 0.636382 -0.198779
vt 0.625997 -0.205315
vt 0.618430 -0.195844
vt 0.631183 -0.215947
vt 0.642628 -0.212203
vt 0.627540 -0.186885
vt 0.649530 -0.190987
vt 0.624196 -0.228553
vt 0.616331 -0.176587
vt 0.608679 -0.187731
vt 0.639075 -0.176292
vt 0.626072 -0.163571
vt 0.633972 -0.227598
vt 0.657030 -0.207509
vt 0.602963 -0.167926
vt 0.610843 -0.152848
vt 0.646172 -0.226801
vt 0.596853 -0.180966
vt 0.587422 -0.160721
vt 0.593599 -0.143979
vt 0.624128 -0.238371
vt 0.661077 -0.225408
vt 0.582911 -0.175641
vt 0.569732 -0.154764
vt 0.574385 -0.136739
vt 0.621388 -0.247888
vt 0.633886 -0.240029
vt 0.566728 -0.171330
vt 0.550169 -0.150306
vt 0.553355 -0.131201
vt 0.528895 -0.147427
vt 0.530764 -0.127137
vt 0.646026 -0.241794
vt 0.548384 -0.168301
vt 0.528175 -0.166216
vt 0.630460 -0.252237
vt 0.661065 -0.243771
vt 0.548269 -0.185461
vt 0.641889 -0.256671
vt 0.624033 -0.263497
vt 0.656529 -0.261912
vt 0.529066 -0.183842
vt 0.634883 -0.270645
vt 0.615005 -0.273289
vt 0.624795 -0.283244
vt 0.530521 -0.200598
vt 0.603962 -0.281526
vt 0.585572 -0.274751
vt 0.648638 -0.279087
vt 0.506197 -0.216576
vt 0.506197 -0.200130
vt 0.612351 -0.294194
vt 0.590931 -0.288507
vt 0.636953 -0.294473
vt 0.571127 -0.278444
vt 0.506197 -0.232802
vt 0.597584 -0.303844
vt 0.574569 -0.294062
vt 0.551660 -0.281036
vt 0.531419 -0.248664
vt 0.623137 -0.308486
vt 0.506197 -0.249226
vt 0.578833 -0.312233
vt 0.606371 -0.320884
vt 0.553762 -0.299194
vt 0.585823 -0.331935
vt 0.556996 -0.319098
vt 0.532864 -0.302831
vt 0.533361 -0.283873
vt 0.532926 -0.323610
vt 0.561857 -0.340902
vt 0.377946 -0.219242
vt 0.382096 -0.210828
vt 0.388541 -0.203564
vt 0.374003 -0.205315
vt 0.381570 -0.195844
vt 0.368817 -0.215947
vt 0.363618 -0.198779
vt 0.391321 -0.187731
vt 0.397037 -0.167926
vt 0.389157 -0.152848
vt 0.412578 -0.160721
vt 0.373928 -0.163571
vt 0.406401 -0.143979
vt 0.375804 -0.228553
vt 0.372460 -0.186885
vt 0.383669 -0.176587
vt 0.403147 -0.180966
vt 0.430268 -0.154764
vt 0.425615 -0.136739
vt 0.366028 -0.227598
vt 0.357372 -0.212203
vt 0.360925 -0.176292
vt 0.417089 -0.175641
vt 0.433272 -0.171330
vt 0.449831 -0.150306
vt 0.446645 -0.131201
vt 0.385548 -0.244059
vt 0.451616 -0.168301
vt 0.471105 -0.147427
vt 0.469236 -0.127137
vt 0.375872 -0.238371
vt 0.350470 -0.190987
vt 0.471825 -0.166216
vt 0.378612 -0.247888
vt 0.353828 -0.226801
vt 0.366114 -0.240029
vt 0.342970 -0.207509
vt 0.451731 -0.185461
vt 0.384134 -0.256416
vt 0.470934 -0.183842
vt 0.493803 -0.165640
vt 0.493803 -0.183259
vt 0.392107 -0.263710
vt 0.369540 -0.252237
vt 0.338923 -0.225408
vt 0.375967 -0.263497
vt 0.358111 -0.256671
vt 0.353974 -0.241794
vt 0.469479 -0.200598
vt 0.384995 -0.273289
vt 0.365117 -0.270645
vt 0.338935 -0.243771
vt 0.414428 -0.274751
vt 0.428873 -0.278444
vt 0.396038 -0.281526
vt 0.448125 -0.261909
vt 0.375205 -0.283244
vt 0.343471 -0.261912
vt 0.493803 -0.216576
vt 0.409069 -0.288507
vt 0.448340 -0.281036
vt 0.351362 -0.279087
vt 0.493803 -0.232802
vt 0.425431 -0.294062
vt 0.387649 -0.294194
vt 0.363047 -0.294473
vt 0.402416 -0.303844
vt 0.493803 -0.249226
vt 0.421167 -0.312233
vt 0.446238 -0.299194
vt 0.376863 -0.308486
vt 0.466639 -0.283873
vt 0.393629 -0.320884
vt 0.467136 -0.302831
vt 0.443004 -0.319098
vt 0.414177 -0.331935
vt 0.467074 -0.323610
vt 0.493803 -0.304132
vt 0.438143 -0.340902
vt 0.493803 -0.284911
vt 0.493803 -0.266511
vt 0.493803 -0.200130
vt 0.493803 -0.146341
vt 0.493803 -0.125506
vt 0.506197 -0.304132
vt 0.506197 -0.284911
vt 0.506197 -0.266511
vt 0.532846 -0.265564
vt 0.506197 -0.183259
vt 0.506197 -0.165640
vt 0.506197 -0.146341
vt 0.506197 -0.125506
vt 0.502328 0.431715
vt 0.508578 0.431715
vt 0.495427 0.431715
vt 0.488527 0.431715
vt 0.482276 0.431715
vt 0.515497 0.431715
vt 0.475358 0.431715
vt 0.521526 0.431715
vt 0.469329 0.431715
vt 0.527230 0.431715
vt 0.463625 0.431715
vt 0.531392 0.431715
vt 0.459463 0.431715
vt 0.556467 0.520467
vt 0.559060 0.521675
vt 0.434388 0.520467
vt 0.431795 0.521675
vt 0.562859 0.523252
vt 0.427996 0.523252
vt 0.566037 0.524328
vt 0.424818 0.524328
vt 0.568828 0.524382
vt 0.422027 0.524382
vt 0.572007 0.524261
vt 0.418848 0.524261
vt 0.575141 0.524221
vt 0.415714 0.524221
vt 0.578703 0.524206
vt 0.412151 0.524206
vt 0.582313 0.524248
vt 0.408542 0.524248
vt 0.585924 0.524288
vt 0.404931 0.524288
vt 0.589963 0.524288
vt 0.400891 0.524288
vt 0.593799 0.524311
s 1
usemtl Material.001
f 1/1/1 2/2/2 3/3/3
f 4/4/4 5/5/5 6/6/6
f 7/7/7 8/8/8 9/9/9
f 10/10/10 11/11/11 5/5/5
f 12/12/12 13/13/13 14/14/14
f 12/12/12 15/15/15 16/16/16
f 12/12/12 14/14/14 17/17/17
f 12/12/12 17/17/17 15/15/15
f 18/18/18 19/19/19 20/20/20
f 19/19/19 21/21/21 20/20/20
f 19/19/19 22/22/22 21/21/21
f 22/22/22 23/23/23 21/21/21
f 22/22/22 24/24/24 23/23/23
f 25/25/25 26/26/26 27/27/27
f 28/28/28 29/29/29 30/30/30
f 28/28/28 31/31/31 29/29/29
f 28/28/28 30/30/30 32/32/32
f 33/33/33 25/25/25 27/27/27
f 33/33/33 27/27/27 34/34/34
f 35/35/35 33/33/33 34/34/34
f 35/35/35 34/34/34 36/36/36
f 37/37/37 35/35/35 36/36/36
f 37/37/37 36/36/36 38/38/38
f 39/39/39 37/37/37 38/38/38
f 39/39/39 38/38/38 40/40/40
f 41/41/41 42/42/42 43/43/43
f 44/44/44 39/39/39 40/40/40
f 44/44/44 40/40/40 45/45/45
f 46/46/46 44/44/44 45/45/45
f 46/46/46 45/45/45 47/47/47
f 48/48/48 49/49/49 50/50/50
f 48/48/48 51/51/51 52/52/52
f 53/53/53 46/46/46 47/47/47
f 54/54/54 53/53/53 47/47/47
f 54/54/54 47/47/47 55/55/55
f 56/56/56 54/54/54 57/57/57
f 58/58/58 56/56/56 59/59/59
f 60/60/60 58/58/58 59/59/59
f 60/60/60 59/59/59 61/61/61
f 62/62/62 63/63/63 64/64/64
f 65/65/65 66/66/66 67/67/67
f 68/68/68 69/69/69 70/70/70
f 71/71/71 72/72/72 73/73/73
f 74/74/74 75/75/75 71/71/71
f 76/76/76 77/77/77 78/78/78
f 78/78/78 75/75/75 74/74/74
f 78/78/78 79/79/79 75/75/75
f 75/75/75 72/72/72 71/71/71
f 75/75/75 80/80/80 72/72/72
f 80/80/80 81/81/81 72/72/72
f 82/82/82 83/83/83 84/84/84
f 82/82/82 84/84/84 85/85/85
f 81/81/81 86/86/86 87/87/87
f 81/81/81 87/87/87 72/72/72
f 72/72/72 87/87/87 73/73/73
f 88/88/88 89/89/89 90/90/90
f 88/88/88 91/91/91 86/86/86
f 88/88/88 90/90/90 92/92/92
f 88/88/88 92/92/92 91/91/91
f 87/87/87 68/68/68 73/73/73
f 87/87/87 86/86/86 69/69/69
f 87/87/87 69/69/69 68/68/68
f 86/86/86 91/91/91 69/69/69
f 89/89/89 93/93/93 90/90/90
f 89/89/89 84/84/84 93/93/93
f 84/84/84 94/94/94 93/93/93
f 92/92/92 95/95/95 91/91/91
f 92/92/92 90/90/90 96/96/96
f 92/92/92 97/97/97 95/95/95
f 92/92/92 96/96/96 97/97/97
f 98/98/98 99/99/99 100/100/100
f 98/98/98 101/101/101 99/99/99
f 91/91/91 95/95/95 102/102/102
f 91/91/91 102/102/102 69/69/69
f 69/69/69 102/102/102 70/70/70
f 90/90/90 103/103/103 96/96/96
f 90/90/90 93/93/93 103/103/103
f 93/93/93 104/104/104 103/103/103
f 97/97/97 105/105/105 95/95/95
f 97/97/97 96/96/96 106/106/106
f 97/97/97 107/107/107 105/105/105
f 97/97/97 106/106/106 107/107/107
f 101/101/101 108/108/108 99/99/99
f 101/101/101 109/109/109 108/108/108
f 102/102/102 65/65/65 70/70/70
f 102/102/102 95/95/95 66/66/66
f 102/102/102 66/66/66 65/65/65
f 95/95/95 105/105/105 66/66/66
f 96/96/96 62/62/62 106/106/106
f 96/96/96 103/103/103 62/62/62
f 103/103/103 110/110/110 62/62/62
f 107/107/107 111/111/111 105/105/105
f 107/107/107 106/106/106 112/112/112
f 107/107/107 113/113/113 111/111/111
f 107/107/107 112/112/112 113/113/113
f 99/99/99 108/108/108 63/63/63
f 99/99/99 63/63/63 110/110/110
f 109/109/109 114/114/114 108/108/108
f 109/109/109 115/115/115 114/114/114
f 105/105/105 111/111/111 116/116/116
f 105/105/105 116/116/116 66/66/66
f 66/66/66 116/116/116 67/67/67
f 106/106/106 64/64/64 112/112/112
f 106/106/106 62/62/62 64/64/64
f 113/113/113 117/117/117 111/111/111
f 113/113/113 112/112/112 118/118/118
f 113/113/113 119/119/119 117/117/117
f 113/113/113 118/118/118 119/119/119
f 108/108/108 114/114/114 120/120/120
f 108/108/108 120/120/120 63/63/63
f 63/63/63 120/120/120 64/64/64
f 115/115/115 121/121/121 114/114/114
f 115/115/115 122/122/122 121/121/121
f 116/116/116 123/123/123 67/67/67
f 116/116/116 111/111/111 124/124/124
f 116/116/116 124/124/124 123/123/123
f 124/124/124 111/111/111 117/117/117
f 112/112/112 125/125/125 118/118/118
f 112/112/112 64/64/64 125/125/125
f 119/119/119 118/118/118 126/126/126
f 114/114/114 121/121/121 127/127/127
f 114/114/114 127/127/127 120/120/120
f 120/120/120 127/127/127 125/125/125
f 122/122/122 128/128/128 121/121/121
f 118/118/118 129/129/129 126/126/126
f 118/118/118 125/125/125 129/129/129
f 128/128/128 130/130/130 121/121/121
f 128/128/128 131/131/131 130/130/130
f 127/127/127 130/130/130 129/129/129
f 127/127/127 121/121/121 130/130/130
f 126/126/126 129/129/129 132/132/132
f 133/133/133 134/134/134 135/135/135
f 136/136/136 137/137/137 138/138/138
f 135/135/135 134/134/134 139/139/139
f 135/135/135 139/139/139 140/140/140
f 134/134/134 141/141/141 139/139/139
f 142/142/142 60/60/60 61/61/61
f 142/142/142 138/138/138 143/143/143
f 142/142/142 144/144/144 60/60/60
f 142/142/142 143/143/143 144/144/144
f 137/137/137 145/145/145 143/143/143
f 146/146/146 147/147/147 148/148/148
f 149/149/149 150/150/150 151/151/151
f 147/147/147 152/152/152 148/148/148
f 147/147/147 153/153/153 152/152/152
f 147/147/147 154/154/154 153/153/153
f 52/52/52 51/51/51 150/150/150
f 154/154/154 155/155/155 153/153/153
f 154/154/154 156/156/156 155/155/155
f 157/157/157 45/45/45 158/158/158
f 157/157/157 47/47/47 45/45/45
f 158/158/158 40/40/40 159/159/159
f 158/158/158 45/45/45 40/40/40
f 160/160/160 161/161/161 162/162/162
f 160/160/160 162/162/162 163/163/163
f 164/164/164 159/159/159 165/165/165
f 164/164/164 166/166/166 167/167/167
f 164/164/164 165/165/165 168/168/168
f 164/164/164 168/168/168 166/166/166
f 159/159/159 38/38/38 165/165/165
f 159/159/159 40/40/40 38/38/38
f 167/167/167 166/166/166 169/169/169
f 167/167/167 169/169/169 162/162/162
f 162/162/162 169/169/169 170/170/170
f 168/168/168 165/165/165 171/171/171
f 168/168/168 172/172/172 166/166/166
f 168/168/168 171/171/171 173/173/173
f 168/168/168 173/173/173 172/172/172
f 165/165/165 36/36/36 171/171/171
f 165/165/165 38/38/38 36/36/36
f 169/169/169 174/174/174 170/170/170
f 169/169/169 166/166/166 175/175/175
f 169/169/169 175/175/175 174/174/174
f 176/176/176 177/177/177 178/178/178
f 179/179/179 180/180/180 177/177/177
f 166/166/166 172/172/172 175/175/175
f 173/173/173 171/171/171 181/181/181
f 173/173/173 31/31/31 172/172/172
f 173/173/173 181/181/181 182/182/182
f 173/173/173 182/182/182 31/31/31
f 179/179/179 177/177/177 176/176/176
f 171/171/171 34/34/34 181/181/181
f 171/171/171 36/36/36 34/34/34
f 183/183/183 184/184/184 185/185/185
f 183/183/183 185/185/185 186/186/186
f 172/172/172 31/31/31 28/28/28
f 172/172/172 28/28/28 175/175/175
f 175/175/175 28/28/28 32/32/32
f 182/182/182 181/181/181 187/187/187
f 182/182/182 188/188/188 31/31/31
f 182/182/182 187/187/187 189/189/189
f 182/182/182 189/189/189 188/188/188
f 181/181/181 27/27/27 187/187/187
f 181/181/181 34/34/34 27/27/27
f 186/186/186 185/185/185 190/190/190
f 186/186/186 190/190/190 191/191/191
f 185/185/185 30/30/30 190/190/190
f 185/185/185 32/32/32 30/30/30
f 31/31/31 188/188/188 29/29/29
f 189/189/189 187/187/187 192/192/192
f 189/189/189 193/193/193 188/188/188
f 189/189/189 192/192/192 194/194/194
f 189/189/189 194/194/194 193/193/193
f 26/26/26 192/192/192 187/187/187
f 26/26/26 187/187/187 27/27/27
f 191/191/191 190/190/190 195/195/195
f 191/191/191 195/195/195 196/196/196
f 30/30/30 29/29/29 197/197/197
f 30/30/30 197/197/197 190/190/190
f 190/190/190 197/197/197 195/195/195
f 188/188/188 193/193/193 198/198/198
f 188/188/188 198/198/198 29/29/29
f 194/194/194 199/199/199 193/193/193
f 196/196/196 195/195/195 200/200/200
f 196/196/196 200/200/200 201/201/201
f 195/195/195 202/202/202 200/200/200
f 195/195/195 197/197/197 202/202/202
f 193/193/193 199/199/199 203/203/203
f 201/201/201 200/200/200 204/204/204
f 202/202/202 203/203/203 205/205/205
f 202/202/202 205/205/205 200/200/200
f 200/200/200 205/205/205 204/204/204
f 199/199/199 206/206/206 203/203/203
f 204/204/204 205/205/205 207/207/207
f 207/207/207 205/205/205 206/206/206
f 208/208/208 21/21/21 23/23/23
f 209/209/209 21/21/21 208/208/208
f 209/209/209 208/208/208 210/210/210
f 211/211/211 179/179/179 176/176/176
f 212/212/212 213/213/213 214/214/214
f 215/215/215 212/212/212 216/216/216
f 215/215/215 213/213/213 212/212/212
f 215/215/215 216/216/216 217/217/217
f 218/218/218 219/219/219 220/220/220
f 221/221/221 222/222/222 218/218/218
f 221/221/221 218/218/218 220/220/220
f 221/221/221 223/223/223 222/222/222
f 224/224/224 220/220/220 219/219/219
f 225/225/225 224/224/224 219/219/219
f 20/20/20 21/21/21 209/209/209
f 14/14/14 215/215/215 217/217/217
f 15/15/15 224/224/224 226/226/226
f 15/15/15 220/220/220 224/224/224
f 227/227/227 224/224/224 225/225/225
f 227/227/227 226/226/226 224/224/224
f 228/228/228 229/229/229 213/213/213
f 230/230/230 209/209/209 229/229/229
f 230/230/230 20/20/20 209/209/209
f 230/230/230 229/229/229 228/228/228
f 231/231/231 213/213/213 215/215/215
f 231/231/231 215/215/215 14/14/14
f 17/17/17 221/221/221 220/220/220
f 17/17/17 232/232/232 221/221/221
f 17/17/17 220/220/220 15/15/15
f 17/17/17 14/14/14 232/232/232
f 16/16/16 226/226/226 233/233/233
f 16/16/16 15/15/15 226/226/226
f 234/234/234 226/226/226 227/227/227
f 234/234/234 233/233/233 226/226/226
f 235/235/235 230/230/230 228/228/228
f 236/236/236 20/20/20 230/230/230
f 236/236/236 18/18/18 20/20/20
f 236/236/236 230/230/230 235/235/235
f 236/236/236 237/237/237 18/18/18
f 13/13/13 231/231/231 14/14/14
f 238/238/238 228/228/228 231/231/231
f 238/238/238 231/231/231 13/13/13
f 238/238/238 235/235/235 228/228/228
f 239/239/239 240/240/240 241/241/241
f 239/239/239 242/242/242 240/240/240
f 239/239/239 241/241/241 243/243/243
f 239/239/239 244/244/244 242/242/242
f 239/239/239 243/243/243 245/245/245
f 239/239/239 7/7/7 244/244/244
f 239/239/239 245/245/245 7/7/7
f 246/246/246 16/16/16 233/233/233
f 247/247/247 233/233/233 234/234/234
f 247/247/247 246/246/246 233/233/233
f 243/243/243 248/248/248 245/245/245
f 243/243/243 241/241/241 249/249/249
f 243/243/243 250/250/250 248/248/248
f 243/243/243 249/249/249 250/250/250
f 244/244/244 7/7/7 251/251/251
f 244/244/244 252/252/252 242/242/242
f 244/244/244 251/251/251 253/253/253
f 244/244/244 253/253/253 252/252/252
f 254/254/254 10/10/10 237/237/237
f 254/254/254 237/237/237 236/236/236
f 254/254/254 11/11/11 10/10/10
f 241/241/241 255/255/255 249/249/249
f 245/245/245 248/248/248 256/256/256
f 245/245/245 8/8/8 7/7/7
f 245/245/245 256/256/256 8/8/8
f 250/250/250 249/249/249 257/257/257
f 250/250/250 258/258/258 248/248/248
f 250/250/250 257/257/257 259/259/259
f 250/250/250 259/259/259 258/258/258
f 251/251/251 260/260/260 253/253/253
f 251/251/251 7/7/7 9/9/9
f 251/251/251 261/261/261 260/260/260
f 251/251/251 9/9/9 261/261/261
f 252/252/252 262/262/262 263/263/263
f 252/252/252 253/253/253 264/264/264
f 252/252/252 264/264/264 262/262/262
f 254/254/254 236/236/236 235/235/235
f 265/265/265 238/238/238 13/13/13
f 266/266/266 12/12/12 16/16/16
f 266/266/266 13/13/13 12/12/12
f 255/255/255 267/267/267 249/249/249
f 266/266/266 16/16/16 246/246/246
f 256/256/256 248/248/248 268/268/268
f 256/256/256 269/269/269 8/8/8
f 256/256/256 268/268/268 270/270/270
f 256/256/256 270/270/270 269/269/269
f 248/248/248 258/258/258 268/268/268
f 259/259/259 257/257/257 271/271/271
f 259/259/259 42/42/42 258/258/258
f 259/259/259 271/271/271 272/272/272
f 259/259/259 272/272/272 42/42/42
f 260/260/260 261/261/261 227/227/227
f 260/260/260 273/273/273 253/253/253
f 260/260/260 227/227/227 225/225/225
f 260/260/260 225/225/225 273/273/273
f 273/273/273 264/264/264 253/253/253
f 9/9/9 8/8/8 274/274/274
f 9/9/9 275/275/275 261/261/261
f 9/9/9 274/274/274 275/275/275
f 8/8/8 269/269/269 274/274/274
f 266/266/266 265/265/265 13/13/13
f 267/267/267 276/276/276 257/257/257
f 277/277/277 246/246/246 247/247/247
f 270/270/270 268/268/268 6/6/6
f 270/270/270 278/278/278 269/269/269
f 270/270/270 6/6/6 279/279/279
f 270/270/270 280/280/280 278/278/278
f 270/270/270 279/279/279 280/280/280
f 258/258/258 42/42/42 281/281/281
f 258/258/258 281/281/281 268/268/268
f 268/268/268 281/281/281 6/6/6
f 272/272/272 271/271/271 2/2/2
f 272/272/272 43/43/43 42/42/42
f 272/272/272 2/2/2 1/1/1
f 272/272/272 1/1/1 43/43/43
f 227/227/227 261/261/261 234/234/234
f 261/261/261 275/275/275 234/234/234
f 274/274/274 269/269/269 277/277/277
f 274/274/274 247/247/247 275/275/275
f 274/274/274 277/277/277 247/247/247
f 247/247/247 234/234/234 275/275/275
f 277/277/277 269/269/269 278/278/278
f 279/279/279 5/5/5 11/11/11
f 271/271/271 282/282/282 2/2/2
f 279/279/279 6/6/6 5/5/5
f 281/281/281 42/42/42 41/41/41
f 281/281/281 4/4/4 6/6/6
f 281/281/281 41/41/41 4/4/4
f 231/231/231 228/228/228 213/213/213
f 282/282/282 283/283/283 2/2/2
f 2/2/2 283/283/283 3/3/3
f 283/283/283 284/284/284 3/3/3
f 285/285/285 286/286/286 278/278/278
f 285/285/285 265/265/265 286/286/286
f 285/285/285 278/278/278 280/280/280
f 285/285/285 287/287/287 265/265/265
f 285/285/285 280/280/280 279/279/279
f 285/285/285 11/11/11 287/287/287
f 285/285/285 279/279/279 11/11/11
f 286/286/286 277/277/277 278/278/278
f 286/286/286 265/265/265 266/266/266
f 286/286/286 246/246/246 277/277/277
f 286/286/286 266/266/266 246/246/246
f 287/287/287 11/11/11 254/254/254
f 287/287/287 238/238/238 265/265/265
f 287/287/287 254/254/254 235/235/235
f 287/287/287 235/235/235 238/238/238
f 257/257/257 276/276/276 271/271/271
f 288/288/288 289/289/289 290/290/290
f 249/249/249 267/267/267 257/257/257
f 291/291/291 263/263/263 262/262/262
f 292/292/292 291/291/291 289/289/289
f 292/292/292 263/263/263 291/291/291
f 292/292/292 289/289/289 288/288/288
f 293/293/293 255/255/255 241/241/241
f 293/293/293 292/292/292 288/288/288
f 242/242/242 252/252/252 263/263/263
f 240/240/240 263/263/263 292/292/292
f 240/240/240 292/292/292 293/293/293
f 240/240/240 242/242/242 263/263/263
f 240/240/240 293/293/293 241/241/241
f 294/294/294 295/295/295 296/296/296
f 232/232/232 223/223/223 221/221/221
f 232/232/232 14/14/14 217/217/217
f 232/232/232 217/217/217 223/223/223
f 229/229/229 214/214/214 213/213/213
f 229/229/229 209/209/209 210/210/210
f 229/229/229 210/210/210 214/214/214
f 223/223/223 297/297/297 222/222/222
f 223/223/223 217/217/217 298/298/298
f 223/223/223 298/298/298 297/297/297
f 217/217/217 216/216/216 298/298/298
f 297/297/297 298/298/298 299/299/299
f 216/216/216 300/300/300 298/298/298
f 298/298/298 300/300/300 299/299/299
f 300/300/300 301/301/301 299/299/299
f 203/203/203 206/206/206 205/205/205
f 198/198/198 203/203/203 202/202/202
f 198/198/198 193/193/193 203/203/203
f 198/198/198 202/202/202 197/197/197
f 29/29/29 198/198/198 197/197/197
f 184/184/184 32/32/32 185/185/185
f 174/174/174 32/32/32 184/184/184
f 174/174/174 175/175/175 32/32/32
f 302/302/302 170/170/170 174/174/174
f 302/302/302 174/174/174 184/184/184
f 303/303/303 184/184/184 183/183/183
f 303/303/303 302/302/302 184/184/184
f 304/304/304 170/170/170 302/302/302
f 163/163/163 170/170/170 304/304/304
f 163/163/163 162/162/162 170/170/170
f 305/305/305 302/302/302 303/303/303
f 305/305/305 304/304/304 302/302/302
f 161/161/161 167/167/167 162/162/162
f 155/155/155 163/163/163 304/304/304
f 306/306/306 304/304/304 305/305/305
f 306/306/306 155/155/155 304/304/304
f 307/307/307 164/164/164 167/167/167
f 307/307/307 159/159/159 164/164/164
f 307/307/307 167/167/167 161/161/161
f 307/307/307 158/158/158 159/159/159
f 308/308/308 161/161/161 160/160/160
f 309/309/309 160/160/160 163/163/163
f 310/310/310 160/160/160 309/309/309
f 310/310/310 308/308/308 160/160/160
f 156/156/156 309/309/309 163/163/163
f 156/156/156 163/163/163 155/155/155
f 153/153/153 155/155/155 306/306/306
f 311/311/311 307/307/307 161/161/161
f 311/311/311 158/158/158 307/307/307
f 311/311/311 161/161/161 308/308/308
f 311/311/311 157/157/157 158/158/158
f 312/312/312 308/308/308 310/310/310
f 55/55/55 47/47/47 157/157/157
f 313/313/313 157/157/157 311/311/311
f 313/313/313 311/311/311 308/308/308
f 313/313/313 55/55/55 157/157/157
f 313/313/313 308/308/308 312/312/312
f 314/314/314 313/313/313 312/312/312
f 57/57/57 54/54/54 55/55/55
f 315/315/315 55/55/55 313/313/313
f 315/315/315 57/57/57 55/55/55
f 315/315/315 313/313/313 314/314/314
f 316/316/316 146/146/146 148/148/148
f 317/317/317 316/316/316 148/148/148
f 318/318/318 315/315/315 314/314/314
f 59/59/59 56/56/56 57/57/57
f 319/319/319 59/59/59 57/57/57
f 319/319/319 57/57/57 315/315/315
f 320/320/320 146/146/146 316/316/316
f 321/321/321 316/316/316 317/317/317
f 322/322/322 315/315/315 318/318/318
f 322/322/322 319/319/319 315/315/315
f 61/61/61 59/59/59 319/319/319
f 139/139/139 320/320/320 316/316/316
f 141/141/141 320/320/320 139/139/139
f 140/140/140 316/316/316 321/321/321
f 140/140/140 139/139/139 316/316/316
f 323/323/323 319/319/319 322/322/322
f 323/323/323 61/61/61 319/319/319
f 323/323/323 322/322/322 324/324/324
f 138/138/138 137/137/137 143/143/143
f 325/325/325 323/323/323 324/324/324
f 326/326/326 61/61/61 323/323/323
f 326/326/326 142/142/142 61/61/61
f 326/326/326 323/323/323 325/325/325
f 326/326/326 138/138/138 142/142/142
f 327/327/327 141/141/141 134/134/134
f 328/328/328 325/325/325 324/324/324
f 329/329/329 136/136/136 138/138/138
f 329/329/329 138/138/138 326/326/326
f 329/329/329 330/330/330 136/136/136
f 329/329/329 326/326/326 325/325/325
f 331/331/331 327/327/327 134/134/134
f 331/331/331 332/332/332 327/327/327
f 331/331/331 134/134/134 133/133/133
f 331/331/331 328/328/328 332/332/332
f 331/331/331 133/133/133 330/330/330
f 331/331/331 325/325/325 328/328/328
f 331/331/331 330/330/330 329/329/329
f 331/331/331 329/329/329 325/325/325
f 132/132/132 129/129/129 130/130/130
f 132/132/132 130/130/130 131/131/131
f 125/125/125 127/127/127 129/129/129
f 64/64/64 120/120/120 125/125/125
f 110/110/110 63/63/63 62/62/62
f 104/104/104 110/110/110 103/103/103
f 100/100/100 110/110/110 104/104/104
f 100/100/100 99/99/99 110/110/110
f 94/94/94 104/104/104 93/93/93
f 333/333/333 104/104/104 94/94/94
f 333/333/333 100/100/100 104/104/104
f 334/334/334 98/98/98 100/100/100
f 334/334/334 100/100/100 333/333/333
f 335/335/335 333/333/333 94/94/94
f 83/83/83 335/335/335 94/94/94
f 83/83/83 94/94/94 84/84/84
f 336/336/336 334/334/334 333/333/333
f 336/336/336 333/333/333 335/335/335
f 85/85/85 84/84/84 89/89/89
f 337/337/337 88/88/88 86/86/86
f 337/337/337 89/89/89 88/88/88
f 337/337/337 86/86/86 81/81/81
f 337/337/337 85/85/85 89/89/89
f 338/338/338 335/335/335 83/83/83
f 339/339/339 336/336/336 335/335/335
f 339/339/339 335/335/335 338/338/338
f 340/340/340 338/338/338 83/83/83
f 340/340/340 341/341/341 338/338/338
f 342/342/342 340/340/340 83/83/83
f 342/342/342 83/83/83 82/82/82
f 343/343/343 82/82/82 85/85/85
f 344/344/344 85/85/85 337/337/337
f 344/344/344 337/337/337 81/81/81
f 344/344/344 343/343/343 85/85/85
f 344/344/344 81/81/81 80/80/80
f 345/345/345 339/339/339 338/338/338
f 345/345/345 338/338/338 341/341/341
f 345/345/345 341/341/341 346/346/346
f 347/347/347 342/342/342 82/82/82
f 347/347/347 82/82/82 343/343/343
f 79/79/79 80/80/80 75/75/75
f 348/348/348 344/344/344 80/80/80
f 348/348/348 80/80/80 79/79/79
f 348/348/348 343/343/343 344/344/344
f 349/349/349 345/345/345 346/346/346
f 350/350/350 347/347/347 343/343/343
f 350/350/350 343/343/343 348/348/348
f 351/351/351 348/348/348 79/79/79
f 77/77/77 351/351/351 79/79/79
f 77/77/77 79/79/79 78/78/78
f 352/352/352 349/349/349 346/346/346
f 352/352/352 346/346/346 353/353/353
f 354/354/354 350/350/350 348/348/348
f 354/354/354 348/348/348 351/351/351
f 355/355/355 352/352/352 353/353/353
f 356/356/356 352/352/352 355/355/355
f 357/357/357 354/354/354 351/351/351
f 358/358/358 351/351/351 77/77/77
f 49/49/49 77/77/77 76/76/76
f 49/49/49 358/358/358 77/77/77
f 49/49/49 76/76/76 50/50/50
f 359/359/359 355/355/355 353/353/353
f 360/360/360 356/356/356 355/355/355
f 361/361/361 357/357/357 351/351/351
f 361/361/361 351/351/351 358/358/358
f 177/177/177 355/355/355 359/359/359
f 178/178/178 177/177/177 359/359/359
f 180/180/180 360/360/360 355/355/355
f 180/180/180 355/355/355 177/177/177
f 362/362/362 150/150/150 149/149/149
f 362/362/362 52/52/52 150/150/150
f 362/362/362 149/149/149 363/363/363
f 364/364/364 361/361/361 358/358/358
f 365/365/365 358/358/358 49/49/49
f 365/365/365 49/49/49 48/48/48
f 365/365/365 364/364/364 358/358/358
f 365/365/365 48/48/48 52/52/52
f 366/366/366 361/361/361 364/364/364
f 296/296/296 362/362/362 363/363/363
f 367/367/367 52/52/52 362/362/362
f 367/367/367 365/365/365 52/52/52
f 367/367/367 362/362/362 296/296/296
f 367/367/367 364/364/364 365/365/365
f 368/368/368 176/176/176 178/178/178
f 369/369/369 296/296/296 363/363/363
f 295/295/295 366/366/366 364/364/364
f 295/295/295 364/364/364 367/367/367
f 295/295/295 370/370/370 366/366/366
f 295/295/295 367/367/367 296/296/296
f 294/294/294 176/176/176 368/368/368
f 294/294/294 211/211/211 176/176/176
f 294/294/294 368/368/368 371/371/371
f 294/294/294 369/369/369 211/211/211
f 294/294/294 371/371/371 370/370/370
f 294/294/294 296/296/296 369/369/369
f 294/294/294 370/370/370 295/295/295
f 276/276/276 282/282/282 271/271/271
f 372/372/372 373/373/373 374/374/374
f 375/375/375 376/376/376 377/377/377
f 376/376/376 378/378/378 379/379/379
f 380/380/380 381/381/381 382/382/382
f 381/381/381 383/383/383 382/382/382
f 375/375/375 384/384/384 376/376/376
f 375/375/375 380/380/380 384/384/384
f 378/378/378 385/385/385 379/379/379
f 383/383/383 386/386/386 387/387/387
f 382/382/382 388/388/388 380/380/380
f 380/380/380 388/388/388 384/384/384
f 376/376/376 384/384/384 389/389/389
f 384/384/384 388/388/388 389/389/389
f 378/378/378 390/390/390 385/385/385
f 383/383/383 387/387/387 391/391/391
f 382/382/382 391/391/391 388/388/388
f 382/382/382 383/383/383 391/391/391
f 376/376/376 389/389/389 392/392/392
f 378/378/378 392/392/392 390/390/390
f 378/378/378 376/376/376 392/392/392
f 388/388/388 393/393/393 389/389/389
f 389/389/389 393/393/393 392/392/392
f 391/391/391 387/387/387 394/394/394
f 387/387/387 395/395/395 394/394/394
f 390/390/390 396/396/396 397/397/397
f 388/388/388 398/398/398 393/393/393
f 391/391/391 394/394/394 398/398/398
f 391/391/391 398/398/398 388/388/388
f 392/392/392 393/393/393 399/399/399
f 390/390/390 399/399/399 396/396/396
f 390/390/390 392/392/392 399/399/399
f 395/395/395 400/400/400 401/401/401
f 395/395/395 401/401/401 394/394/394
f 397/397/397 402/402/402 403/403/403
f 397/397/397 396/396/396 402/402/402
f 397/397/397 403/403/403 404/404/404
f 398/398/398 394/394/394 405/405/405
f 394/394/394 401/401/401 405/405/405
f 393/393/393 398/398/398 406/406/406
f 398/398/398 405/405/405 406/406/406
f 393/393/393 406/406/406 399/399/399
f 396/396/396 407/407/407 402/402/402
f 396/396/396 399/399/399 407/407/407
f 401/401/401 400/400/400 408/408/408
f 406/406/406 405/405/405 409/409/409
f 399/399/399 410/410/410 407/407/407
f 399/399/399 406/406/406 410/410/410
f 401/401/401 411/411/411 405/405/405
f 405/405/405 411/411/411 409/409/409
f 401/401/401 408/408/408 411/411/411
f 412/412/412 413/413/413 414/414/414
f 402/402/402 415/415/415 416/416/416
f 402/402/402 407/407/407 415/415/415
f 406/406/406 417/417/417 410/410/410
f 406/406/406 409/409/409 417/417/417
f 408/408/408 412/412/412 418/418/418
f 412/412/412 414/414/414 418/418/418
f 408/408/408 418/418/418 411/411/411
f 407/407/407 419/419/419 415/415/415
f 410/410/410 419/419/419 407/407/407
f 410/410/410 417/417/417 419/419/419
f 409/409/409 411/411/411 420/420/420
f 411/411/411 418/418/418 420/420/420
f 421/421/421 422/422/422 423/423/423
f 423/423/423 424/424/424 421/421/421
f 425/425/425 426/426/426 427/427/427
f 414/414/414 425/425/425 428/428/428
f 418/418/418 414/414/414 428/428/428
f 418/418/418 428/428/428 420/420/420
f 425/425/425 427/427/427 428/428/428
f 429/429/429 423/423/423 422/422/422
f 417/417/417 409/409/409 430/430/430
f 409/409/409 420/420/420 430/430/430
f 419/419/419 431/431/431 432/432/432
f 419/419/419 432/432/432 415/415/415
f 417/417/417 431/431/431 419/419/419
f 417/417/417 430/430/430 431/431/431
f 415/415/415 432/432/432 433/433/433
f 434/434/434 429/429/429 422/422/422
f 435/145/435 429/429/429 434/434/434
f 436/435/436 437/436/437 421/421/421
f 428/428/428 427/427/427 438/437/438
f 420/420/420 428/428/428 438/437/438
f 420/420/420 438/437/438 430/430/430
f 431/431/431 439/438/439 440/439/440
f 431/431/431 440/439/440 432/432/432
f 430/430/430 438/437/438 439/438/439
f 436/435/436 421/421/421 441/440/441
f 422/422/422 421/421/421 437/436/437
f 430/430/430 439/438/439 431/431/431
f 442/143/442 435/145/435 434/434/434
f 436/435/436 441/440/441 443/441/443
f 444/442/444 422/422/422 437/436/437
f 427/427/427 445/443/445 446/444/446
f 446/444/446 438/437/438 427/427/427
f 446/444/446 440/439/440 439/438/439
f 446/444/446 447/445/447 440/439/440
f 446/444/446 445/443/445 447/445/447
f 446/444/446 439/438/439 438/437/438
f 448/446/448 449/447/449 450/448/450
f 444/442/444 434/434/434 422/422/422
f 451/144/451 442/143/442 434/434/434
f 452/449/452 436/435/436 443/441/443
f 453/450/453 454/451/454 437/436/437
f 453/450/453 437/436/437 436/435/436
f 454/451/454 444/442/444 437/436/437
f 451/144/451 434/434/434 444/442/444
f 453/450/453 436/435/436 452/449/452
f 455/452/455 452/449/452 456/453/456
f 457/454/457 444/442/444 454/451/454
f 451/144/451 444/442/444 457/454/457
f 458/455/458 459/456/459 460/457/460
f 461/458/461 452/449/452 455/452/455
f 458/455/458 462/459/462 459/456/459
f 458/455/458 460/457/460 463/460/463
f 458/455/458 463/460/463 464/461/464
f 465/462/465 454/451/454 453/450/453
f 461/458/461 465/462/465 453/450/453
f 460/457/460 459/456/459 466/463/466
f 463/460/463 467/464/467 468/465/468
f 468/465/468 467/464/467 469/466/469
f 461/458/461 453/450/453 452/449/452
f 470/467/470 457/454/457 454/451/454
f 470/467/470 454/451/454 465/462/465
f 460/457/460 471/468/471 463/460/463
f 463/460/463 471/468/471 467/464/467
f 460/457/460 466/463/466 471/468/471
f 459/456/459 472/469/472 473/470/473
f 459/456/459 474/471/474 472/469/472
f 459/456/459 473/470/473 466/463/466
f 469/466/469 475/472/475 476/473/476
f 469/466/469 476/473/476 477/474/477
f 467/464/467 471/468/471 475/472/475
f 467/464/467 475/472/475 469/466/469
f 478/60/478 451/144/451 457/454/457
f 479/475/479 465/462/465 461/458/461
f 472/469/472 480/476/480 481/477/481
f 472/469/472 481/477/481 473/470/473
f 466/463/466 482/478/482 471/468/471
f 466/463/466 473/470/473 482/478/482
f 476/473/476 483/479/483 484/480/484
f 476/473/476 475/472/475 483/479/483
f 476/473/476 484/480/484 485/481/485
f 476/473/476 485/481/485 477/474/477
f 486/482/486 461/458/461 455/452/455
f 481/477/481 487/483/487 488/484/488
f 471/468/471 482/478/482 489/485/489
f 475/472/475 489/485/489 483/479/483
f 475/472/475 471/468/471 489/485/489
f 473/470/473 490/486/490 482/478/482
f 481/477/481 488/484/488 490/486/490
f 481/477/481 490/486/490 473/470/473
f 484/480/484 483/479/483 491/487/491
f 487/483/487 492/488/492 493/489/493
f 489/485/489 494/490/494 483/479/483
f 483/479/483 494/490/494 491/487/491
f 482/478/482 495/491/495 489/485/489
f 489/485/489 495/491/495 494/490/494
f 482/478/482 490/486/490 495/491/495
f 488/484/488 496/492/496 497/493/497
f 488/484/488 487/483/487 496/492/496
f 487/483/487 493/489/493 496/492/496
f 488/484/488 497/493/497 490/486/490
f 484/480/484 491/487/491 498/494/498
f 484/480/484 498/494/498 499/495/499
f 494/490/494 495/491/495 500/496/500
f 496/492/496 501/497/501 497/493/497
f 490/486/490 497/493/497 502/498/502
f 490/486/490 502/498/502 495/491/495
f 491/487/491 494/490/494 503/499/503
f 494/490/494 500/496/500 503/499/503
f 491/487/491 503/499/503 504/500/504
f 491/487/491 504/500/504 498/494/498
f 479/475/479 461/458/461 486/482/486
f 496/492/496 493/489/493 505/501/505
f 497/493/497 501/497/501 506/502/506
f 496/492/496 505/501/505 501/497/501
f 495/491/495 507/503/507 500/496/500
f 508/504/508 509/505/509 510/506/510
f 504/500/504 511/507/511 508/504/508
f 486/482/486 455/452/455 512/508/512
f 497/493/497 506/502/506 502/498/502
f 502/498/502 507/503/507 495/491/495
f 502/498/502 506/502/506 507/503/507
f 501/497/501 513/509/513 506/502/506
f 500/496/500 514/510/514 503/499/503
f 503/499/503 511/507/511 504/500/504
f 503/499/503 514/510/514 511/507/511
f 515/511/515 470/467/470 465/462/465
f 508/504/508 516/512/516 509/505/509
f 508/504/508 511/507/511 516/512/516
f 517/58/517 470/467/470 518/513/518
f 517/58/517 457/454/457 470/467/470
f 507/503/507 519/514/519 500/496/500
f 500/496/500 519/514/519 514/510/514
f 518/513/518 470/467/470 515/511/515
f 501/497/501 505/501/505 520/515/520
f 501/497/501 520/515/520 513/509/513
f 506/502/506 513/509/513 521/516/521
f 507/503/507 521/516/521 519/514/519
f 507/503/507 506/502/506 521/516/521
f 511/507/511 522/517/522 516/512/516
f 511/507/511 514/510/514 522/517/522
f 513/509/513 520/515/520 523/518/523
f 519/514/519 524/519/524 525/520/525
f 519/514/519 521/516/521 524/519/524
f 514/510/514 519/514/519 525/520/525
f 514/510/514 525/520/525 522/517/522
f 517/58/517 478/60/478 457/454/457
f 515/511/515 465/462/465 479/475/479
f 526/521/526 527/522/527 528/523/528
f 516/512/516 522/517/522 529/524/529
f 526/521/526 479/475/479 486/482/486
f 513/509/513 523/518/523 530/525/530
f 521/516/521 530/525/530 524/519/524
f 521/516/521 513/509/513 530/525/530
f 525/520/525 531/526/531 522/517/522
f 529/524/529 531/526/531 532/527/532
f 529/524/529 522/517/522 531/526/531
f 533/528/533 526/521/526 528/523/528
f 534/56/534 517/58/517 518/513/518
f 535/529/535 515/511/515 479/475/479
f 535/529/535 479/475/479 526/521/526
f 524/519/524 530/525/530 536/530/536
f 525/520/525 536/530/536 531/526/531
f 525/520/525 524/519/524 536/530/536
f 531/526/531 536/530/536 537/531/537
f 526/521/526 486/482/486 527/522/527
f 538/532/538 533/528/533 539/533/539
f 540/534/540 541/535/541 518/513/518
f 540/534/540 518/513/518 515/511/515
f 534/56/534 518/513/518 541/535/541
f 540/534/540 515/511/515 535/529/535
f 542/536/542 533/528/533 538/532/538
f 542/536/542 535/529/535 533/528/533
f 535/529/535 526/521/526 533/528/533
f 543/537/543 544/538/544 545/539/545
f 543/537/543 538/532/538 544/538/544
f 546/54/546 534/56/534 541/535/541
f 547/540/547 542/536/542 538/532/538
f 548/541/548 540/534/540 542/536/542
f 547/540/547 548/541/548 542/536/542
f 540/534/540 535/529/535 542/536/542
f 549/542/549 543/537/543 545/539/545
f 550/543/550 543/537/543 549/542/549
f 550/543/550 547/540/547 543/537/543
f 547/540/547 538/532/538 543/537/543
f 551/53/551 546/54/546 541/535/541
f 541/535/541 540/534/540 548/541/548
f 552/544/552 553/545/553 549/542/549
f 552/544/552 549/542/549 554/546/554
f 553/545/553 550/543/550 549/542/549
f 555/547/555 548/541/548 547/540/547
f 555/547/555 551/53/551 548/541/548
f 555/547/555 547/540/547 550/543/550
f 551/53/551 541/535/541 548/541/548
f 552/544/552 554/546/554 556/548/556
f 557/549/557 550/543/550 553/545/553
f 557/549/557 555/547/555 550/543/550
f 558/46/558 551/53/551 555/547/555
f 559/550/559 552/544/552 556/548/556
f 560/551/560 553/545/553 552/544/552
f 560/551/560 561/552/561 553/545/553
f 561/552/561 557/549/557 553/545/553
f 558/46/558 555/547/555 557/549/557
f 560/551/560 552/544/552 559/550/559
f 562/553/562 559/550/559 563/554/563
f 564/555/564 562/553/562 563/554/563
f 565/44/565 557/549/557 561/552/561
f 565/44/565 558/46/558 557/549/557
f 566/556/566 559/550/559 562/553/562
f 567/557/567 561/552/561 560/551/560
f 566/556/566 567/557/567 560/551/560
f 566/556/566 560/551/560 559/550/559
f 568/558/568 562/553/562 564/555/564
f 569/39/569 561/552/561 567/557/567
f 569/39/569 565/44/565 561/552/561
f 570/559/570 566/556/566 562/553/562
f 568/558/568 570/559/570 562/553/562
f 571/560/571 566/556/566 570/559/570
f 571/560/571 567/557/567 566/556/566
f 572/37/572 569/39/569 567/557/567
f 573/561/573 570/559/570 568/558/568
f 572/37/572 567/557/567 571/560/571
f 574/562/574 571/560/571 570/559/570
f 574/562/574 570/559/570 573/561/573
f 575/35/575 572/37/572 571/560/571
f 576/563/576 574/562/574 573/561/573
f 575/35/575 571/560/571 574/562/574
f 577/33/577 574/562/574 576/563/576
f 577/33/577 575/35/575 574/562/574
f 578/25/578 577/33/577 576/563/576
f 579/564/579 580/565/580 581/566/581
f 582/567/582 579/564/579 581/566/581
f 583/568/583 579/564/579 582/567/582
f 584/569/584 585/570/585 579/564/579
f 583/568/583 584/569/584 579/564/579
f 586/24/586 583/568/583 582/567/582
f 587/571/587 584/569/584 588/572/588
f 587/571/587 589/573/589 584/569/584
f 588/572/588 584/569/584 583/568/583
f 590/22/590 583/568/583 586/24/586
f 591/574/591 587/571/587 588/572/588
f 592/575/592 593/576/593 587/571/587
f 591/574/591 592/575/592 587/571/587
f 590/22/590 588/572/588 583/568/583
f 594/19/594 591/574/591 588/572/588
f 594/19/594 588/572/588 590/22/590
f 595/577/595 592/575/592 596/578/596
f 595/577/595 597/579/597 592/575/592
f 596/578/596 592/575/592 591/574/591
f 598/18/598 591/574/591 594/19/594
f 599/580/599 597/579/597 595/577/595
f 598/18/598 596/578/596 591/574/591
f 600/581/600 599/580/599 595/577/595
f 601/582/601 596/578/596 602/237/602
f 601/582/601 595/577/595 596/578/596
f 602/237/602 596/578/596 598/18/598
f 600/581/600 595/577/595 601/582/601
f 603/10/603 601/582/601 602/237/602
f 604/583/604 600/581/600 601/582/601
f 604/583/604 601/582/601 603/10/603
f 605/5/605 604/583/604 603/10/603
f 606/584/606 607/585/607 608/586/608
f 609/587/609 606/584/606 608/586/608
f 610/588/610 609/587/609 608/586/608
f 611/589/611 612/590/612 606/584/606
f 613/591/613 611/589/611 606/584/606
f 613/591/613 606/584/606 609/587/609
f 614/592/614 609/587/609 610/588/610
f 615/151/615 614/592/614 610/588/610
f 616/593/616 617/594/617 611/589/611
f 618/595/618 616/593/616 611/589/611
f 618/595/618 611/589/611 613/591/613
f 619/596/619 613/591/613 609/587/609
f 619/596/619 609/587/609 614/592/614
f 620/150/620 614/592/614 615/151/615
f 621/597/621 622/598/622 616/593/616
f 623/599/623 621/597/621 616/593/616
f 624/600/624 618/595/618 613/591/613
f 624/600/624 613/591/613 619/596/619
f 625/51/625 619/596/619 614/592/614
f 625/51/625 614/592/614 620/150/620
f 626/601/626 623/599/623 618/595/618
f 626/601/626 618/595/618 624/600/624
f 627/602/627 624/600/624 619/596/619
f 625/51/625 627/602/627 619/596/619
f 628/603/628 621/597/621 623/599/623
f 629/604/629 626/601/626 624/600/624
f 629/604/629 624/600/624 627/602/627
f 630/48/630 627/602/627 625/51/625
f 631/605/631 623/599/623 626/601/626
f 631/605/631 628/603/628 623/599/623
f 632/50/632 629/604/629 627/602/627
f 632/50/632 627/602/627 630/48/630
f 633/606/633 626/601/626 629/604/629
f 633/606/633 631/605/631 626/601/626
f 634/607/634 628/603/628 631/605/631
f 635/608/635 629/604/629 632/50/632
f 635/608/635 633/606/633 629/604/629
f 636/609/636 631/605/631 633/606/633
f 636/609/636 634/607/634 631/605/631
f 637/76/637 635/608/635 632/50/632
f 638/610/638 636/609/636 633/606/633
f 635/608/635 638/610/638 633/606/633
f 639/611/639 636/609/636 638/610/638
f 640/612/640 634/607/634 636/609/636
f 639/611/639 640/612/640 636/609/636
f 641/613/641 635/608/635 637/76/637
f 642/78/642 641/613/641 637/76/637
f 641/613/641 638/610/638 635/608/635
f 643/614/643 639/611/639 638/610/638
f 644/615/644 639/611/639 645/616/645
f 644/615/644 640/612/640 639/611/639
f 645/616/645 639/611/639 643/614/643
f 646/74/646 641/613/641 642/78/642
f 641/613/641 643/614/643 638/610/638
f 647/617/647 648/618/648 644/615/644
f 647/617/647 644/615/644 645/616/645
f 649/619/649 643/614/643 646/74/646
f 649/619/649 645/616/645 643/614/643
f 646/74/646 643/614/643 641/613/641
f 650/620/650 645/616/645 649/619/649
f 650/620/650 647/617/647 645/616/645
f 651/71/651 649/619/649 646/74/646
f 652/621/652 650/620/650 649/619/649
f 653/622/653 650/620/650 654/623/654
f 653/622/653 647/617/647 650/620/650
f 654/623/654 650/620/650 652/621/652
f 651/71/651 652/621/652 649/619/649
f 655/624/655 656/625/656 653/622/653
f 655/624/655 653/622/653 654/623/654
f 657/626/657 655/624/655 654/623/654
f 658/627/658 654/623/654 652/621/652
f 657/626/657 654/623/654 658/627/658
f 659/73/659 658/627/658 652/621/652
f 659/73/659 652/621/652 651/71/651
f 660/628/660 658/627/658 661/68/661
f 660/628/660 657/626/657 658/627/658
f 661/68/661 658/627/658 659/73/659
f 662/629/662 657/626/657 660/628/660
f 663/630/663 655/624/655 657/626/657
f 662/629/662 663/630/663 657/626/657
f 664/70/664 660/628/660 661/68/661
f 665/631/665 666/632/666 663/630/663
f 665/631/665 663/630/663 662/629/662
f 667/633/667 662/629/662 660/628/660
f 664/70/664 667/633/667 660/628/660
f 668/634/668 666/632/666 665/631/665
f 669/635/669 665/631/665 662/629/662
f 669/635/669 662/629/662 667/633/667
f 670/65/670 667/633/667 664/70/664
f 671/636/671 668/634/668 665/631/665
f 672/637/672 669/635/669 667/633/667
f 672/637/672 667/633/667 670/65/670
f 671/636/671 665/631/665 669/635/669
f 673/67/673 672/637/672 670/65/670
f 674/638/674 669/635/669 672/637/672
f 674/638/674 671/636/671 669/635/669
f 675/639/675 672/637/672 673/67/673
f 675/639/675 674/638/674 672/637/672
f 676/123/676 675/639/675 673/67/673
f 677/640/677 678/641/678 679/642/679
f 678/641/678 680/643/680 679/642/679
f 681/644/681 677/640/677 682/645/682
f 683/646/683 684/647/684 677/640/677
f 681/644/681 683/646/683 677/640/677
f 684/647/684 678/641/678 677/640/677
f 685/284/685 684/647/684 683/646/683
f 686/648/686 687/649/687 681/644/681
f 686/648/686 681/644/681 688/650/688
f 687/649/687 683/646/683 681/644/681
f 689/3/689 685/284/685 683/646/683
f 686/648/686 688/650/688 690/651/690
f 689/3/689 683/646/683 687/649/687
f 691/652/691 686/648/686 690/651/690
f 692/653/692 687/649/687 686/648/686
f 691/652/691 692/653/692 686/648/686
f 693/1/693 687/649/687 692/653/692
f 693/1/693 689/3/689 687/649/687
f 694/654/694 691/652/691 695/655/695
f 599/580/599 694/654/694 695/655/695
f 696/656/696 691/652/691 694/654/694
f 696/656/696 692/653/692 691/652/691
f 697/43/697 693/1/693 692/653/692
f 600/581/600 694/654/694 599/580/599
f 697/43/697 692/653/692 696/656/696
f 698/657/698 696/656/696 694/654/694
f 600/581/600 698/657/698 694/654/694
f 699/41/699 696/656/696 698/657/698
f 699/41/699 697/43/697 696/656/696
f 604/583/604 698/657/698 600/581/600
f 700/4/700 699/41/699 698/657/698
f 700/4/700 698/657/698 604/583/604
f 605/5/605 700/4/700 604/583/604
f 623/599/623 616/593/616 618/595/618
f 701/658/701 702/659/702 375/375/375
f 688/650/688 681/644/681 682/645/682
f 679/642/679 682/645/682 677/640/677
f 666/632/666 703/660/703 663/630/663
f 703/660/703 655/624/655 663/630/663
f 703/660/703 656/625/656 655/624/655
f 656/625/656 704/661/704 653/622/653
f 704/661/704 647/617/647 653/622/653
f 704/661/704 648/618/648 647/617/647
f 648/618/648 705/662/705 644/615/644
f 705/662/705 706/663/706 640/612/640
f 705/662/705 640/612/640 644/615/644
f 706/663/706 634/607/634 640/612/640
f 706/663/706 707/664/707 634/607/634
f 707/664/707 628/603/628 634/607/634
f 707/664/707 708/665/708 628/603/628
f 708/665/708 621/597/621 628/603/628
f 708/665/708 709/666/709 621/597/621
f 709/666/709 622/598/622 621/597/621
f 622/598/622 617/594/617 616/593/616
f 617/594/617 612/590/612 611/589/611
f 612/590/612 607/585/607 606/584/606
f 597/579/597 593/576/593 592/575/592
f 593/576/593 589/573/589 587/571/587
f 589/573/589 585/570/585 584/569/584
f 585/570/585 580/565/580 579/564/579
f 580/565/580 710/667/710 581/566/581
f 563/554/563 559/550/559 556/548/556
f 554/546/554 549/542/549 545/539/545
f 544/538/544 538/532/538 539/533/539
f 528/523/528 539/533/539 533/528/533
f 527/522/527 486/482/486 512/508/512
f 512/508/512 455/452/455 711/668/711
f 711/668/711 455/452/455 456/453/456
f 456/453/456 452/449/452 443/441/443
f 441/440/441 421/421/421 424/424/424
f 712/669/712 713/670/713 537/531/537
f 712/669/712 530/525/530 714/671/714
f 712/669/712 537/531/537 536/530/536
f 712/669/712 536/530/536 530/525/530
f 714/671/714 713/670/713 712/669/712
f 532/527/532 537/531/537 713/670/713
f 532/527/532 531/526/531 537/531/537
f 523/518/523 714/671/714 530/525/530
f 715/672/715 716/673/716 717/674/717
f 716/673/716 715/672/715 718/675/718
f 718/675/718 713/670/713 714/671/714
f 716/673/716 718/675/718 714/671/714
f 716/673/716 523/518/523 717/674/717
f 523/518/523 716/673/716 714/671/714
f 719/676/719 718/675/718 715/672/715
f 720/677/720 721/678/721 715/672/715
f 720/677/720 715/672/715 717/674/717
f 719/676/719 715/672/715 721/678/721
f 722/679/722 532/527/532 713/670/713
f 722/679/722 713/670/713 718/675/718
f 723/680/723 720/677/720 724/681/724
f 725/682/725 721/678/721 720/677/720
f 723/680/723 725/682/725 720/677/720
f 724/681/724 720/677/720 717/674/717
f 726/683/726 725/682/725 723/680/723
f 532/527/532 516/512/516 529/524/529
f 727/684/727 718/675/718 719/676/719
f 727/684/727 722/679/722 718/675/718
f 728/685/728 719/676/719 721/678/721
f 520/515/520 717/674/717 523/518/523
f 520/515/520 724/681/724 717/674/717
f 729/686/729 726/683/726 723/680/723
f 730/687/730 726/683/726 729/686/729
f 509/505/509 516/512/516 532/527/532
f 722/679/722 509/505/509 532/527/532
f 731/688/731 727/684/727 719/676/719
f 731/688/731 719/676/719 728/685/728
f 732/689/732 729/686/729 723/680/723
f 732/689/732 723/680/723 724/681/724
f 505/501/505 724/681/724 520/515/520
f 733/690/733 730/687/730 729/686/729
f 734/691/734 730/687/730 733/690/733
f 735/692/735 509/505/509 722/679/722
f 727/684/727 735/692/735 722/679/722
f 731/688/731 728/685/728 736/693/736
f 505/501/505 732/689/732 724/681/724
f 737/694/737 729/686/729 732/689/732
f 737/694/737 733/690/733 729/686/729
f 738/695/738 734/691/734 733/690/733
f 739/696/739 734/691/734 738/695/738
f 510/506/510 509/505/509 735/692/735
f 510/506/510 735/692/735 740/697/740
f 510/506/510 740/697/740 498/494/498
f 510/506/510 498/494/498 508/504/508
f 741/698/741 735/692/735 727/684/727
f 731/688/731 741/698/741 727/684/727
f 493/489/493 732/689/732 505/501/505
f 493/489/493 737/694/737 732/689/732
f 742/699/742 733/690/733 737/694/737
f 742/699/742 738/695/738 733/690/733
f 743/700/743 744/701/744 739/696/739
f 738/695/738 743/700/743 739/696/739
f 745/702/745 746/703/746 744/701/744
f 745/702/745 744/701/744 743/700/743
f 740/697/740 735/692/735 741/698/741
f 498/494/498 504/500/504 508/504/508
f 747/704/747 741/698/741 731/688/731
f 747/704/747 731/688/731 736/693/736
f 492/488/492 737/694/737 493/489/493
f 492/488/492 742/699/742 737/694/737
f 748/705/748 743/700/743 738/695/738
f 742/699/742 748/705/748 738/695/738
f 749/706/749 743/700/743 748/705/748
f 749/706/749 745/702/745 743/700/743
f 499/495/499 740/697/740 750/707/750
f 499/495/499 498/494/498 740/697/740
f 750/707/750 740/697/740 741/698/741
f 751/708/751 747/704/747 736/693/736
f 752/709/752 742/699/742 492/488/492
f 748/705/748 742/699/742 752/709/752
f 753/710/753 750/707/750 741/698/741
f 753/710/753 741/698/741 747/704/747
f 754/711/754 485/481/485 499/495/499
f 754/711/754 499/495/499 750/707/750
f 485/481/485 484/480/484 499/495/499
f 747/704/747 751/708/751 755/712/755
f 480/476/480 487/483/487 481/477/481
f 480/476/480 492/488/492 487/483/487
f 480/476/480 752/709/752 492/488/492
f 756/713/756 749/706/749 748/705/748
f 756/713/756 748/705/748 752/709/752
f 757/714/757 754/711/754 750/707/750
f 757/714/757 750/707/750 753/710/753
f 758/715/758 485/481/485 754/711/754
f 477/474/477 485/481/485 758/715/758
f 753/710/753 747/704/747 755/712/755
f 759/716/759 758/715/758 754/711/754
f 759/716/759 754/711/754 757/714/757
f 757/714/757 753/710/753 755/712/755
f 474/471/474 480/476/480 472/469/472
f 474/471/474 760/717/760 480/476/480
f 761/718/761 477/474/477 758/715/758
f 759/716/759 761/718/761 758/715/758
f 762/719/762 469/466/469 477/474/477
f 762/719/762 477/474/477 761/718/761
f 763/720/763 757/714/757 755/712/755
f 462/459/462 474/471/474 459/456/459
f 764/721/764 760/717/760 474/471/474
f 462/459/462 764/721/764 474/471/474
f 764/721/764 765/722/765 760/717/760
f 766/723/766 761/718/761 759/716/759
f 767/724/767 762/719/762 761/718/761
f 766/723/766 767/724/767 761/718/761
f 768/725/768 759/716/759 757/714/757
f 768/725/768 757/714/757 763/720/763
f 769/726/769 468/465/468 469/466/469
f 769/726/769 762/719/762 767/724/767
f 769/726/769 469/466/469 762/719/762
f 464/461/464 463/460/463 468/465/468
f 770/727/770 764/721/764 462/459/462
f 768/725/768 766/723/766 759/716/759
f 771/728/771 772/729/772 767/724/767
f 771/728/771 767/724/767 766/723/766
f 772/729/772 769/726/769 767/724/767
f 773/730/773 464/461/464 468/465/468
f 769/726/769 773/730/773 468/465/468
f 774/731/774 462/459/462 458/455/458
f 770/727/770 462/459/462 774/731/774
f 775/732/775 771/728/771 766/723/766
f 775/732/775 766/723/766 768/725/768
f 773/730/773 769/726/769 772/729/772
f 776/733/776 770/727/770 774/731/774
f 777/734/777 771/728/771 778/735/778
f 777/734/777 772/729/772 771/728/771
f 778/735/778 771/728/771 775/732/775
f 779/736/779 772/729/772 777/734/777
f 779/736/779 773/730/773 772/729/772
f 780/737/780 777/734/777 778/735/778
f 781/738/781 782/739/782 779/736/779
f 781/738/781 779/736/779 777/734/777
f 782/739/782 783/740/783 779/736/779
f 780/737/780 781/738/781 777/734/777
f 784/741/784 781/738/781 785/742/785
f 784/741/784 782/739/782 781/738/781
f 785/742/785 781/738/781 780/737/780
f 450/448/450 784/741/784 785/742/785
f 786/743/786 447/445/447 445/443/445
f 787/744/787 440/439/440 447/445/447
f 786/743/786 787/744/787 447/445/447
f 788/745/788 432/432/432 440/439/440
f 788/745/788 440/439/440 787/744/787
f 426/426/426 786/743/786 445/443/445
f 426/426/426 445/443/445 427/427/427
f 789/746/789 788/745/788 787/744/787
f 433/433/433 788/745/788 790/747/790
f 433/433/433 432/432/432 788/745/788
f 790/747/790 788/745/788 789/746/789
f 791/748/791 787/744/787 786/743/786
f 791/748/791 789/746/789 787/744/787
f 792/749/792 790/747/790 789/746/789
f 416/416/416 415/415/415 433/433/433
f 793/750/793 433/433/433 790/747/790
f 416/416/416 433/433/433 793/750/793
f 794/751/794 795/752/795 796/753/796
f 795/752/795 794/751/794 797/754/797
f 796/753/796 795/752/795 798/755/798
f 799/756/799 786/743/786 426/426/426
f 799/756/799 791/748/791 786/743/786
f 426/426/426 425/425/425 414/414/414
f 800/757/800 801/758/801 793/750/793
f 800/757/800 793/750/793 790/747/790
f 792/749/792 800/757/800 790/747/790
f 797/754/797 794/751/794 801/758/801
f 802/759/802 793/750/793 801/758/801
f 802/759/802 801/758/801 794/751/794
f 802/759/802 416/416/416 793/750/793
f 803/760/803 796/753/796 798/755/798
f 804/761/804 803/760/803 798/755/798
f 805/762/805 806/763/806 791/748/791
f 799/756/799 805/762/805 791/748/791
f 413/413/413 426/426/426 414/414/414
f 792/749/792 791/748/791 806/763/806
f 807/764/807 797/754/797 801/758/801
f 808/765/808 802/759/802 794/751/794
f 809/766/809 796/753/796 803/760/803
f 808/765/808 796/753/796 809/766/809
f 808/765/808 794/751/794 796/753/796
f 403/403/403 402/402/402 416/416/416
f 403/403/403 416/416/416 802/759/802
f 810/767/810 803/760/803 804/761/804
f 811/768/811 810/767/810 804/761/804
f 799/756/799 426/426/426 413/413/413
f 400/400/400 412/412/412 408/408/408
f 400/400/400 812/769/812 412/412/412
f 792/749/792 789/746/789 791/748/791
f 807/764/807 801/758/801 800/757/800
f 813/770/813 809/766/809 803/760/803
f 404/404/404 808/765/808 809/766/809
f 808/765/808 403/403/403 802/759/802
f 813/770/813 803/760/803 810/767/810
f 814/771/814 810/767/810 811/768/811
f 815/772/815 814/771/814 811/768/811
f 816/773/816 799/756/799 413/413/413
f 816/773/816 413/413/413 812/769/812
f 812/769/812 413/413/413 412/412/412
f 816/773/816 805/762/805 799/756/799
f 817/774/817 800/757/800 792/749/792
f 806/763/806 817/774/817 792/749/792
f 817/774/817 807/764/807 800/757/800
f 404/404/404 403/403/403 808/765/808
f 818/775/818 810/767/810 814/771/814
f 818/775/818 813/770/813 810/767/810
f 819/776/819 816/773/816 812/769/812
f 819/776/819 812/769/812 400/400/400
f 820/777/820 806/763/806 805/762/805
f 821/778/821 805/762/805 816/773/816
f 820/777/820 805/762/805 821/778/821
f 822/779/822 817/774/817 806/763/806
f 823/780/823 809/766/809 813/770/813
f 404/404/404 809/766/809 823/780/823
f 824/781/824 400/400/400 395/395/395
f 824/781/824 819/776/819 400/400/400
f 821/778/821 816/773/816 819/776/819
f 822/779/822 806/763/806 820/777/820
f 825/782/825 823/780/823 813/770/813
f 825/782/825 813/770/813 818/775/818
f 385/385/385 390/390/390 397/397/397
f 385/385/385 404/404/404 823/780/823
f 385/385/385 397/397/397 404/404/404
f 818/775/818 826/783/826 827/784/827
f 828/785/828 824/781/824 395/395/395
f 828/785/828 395/395/395 387/387/387
f 829/786/829 819/776/819 824/781/824
f 821/778/821 819/776/819 829/786/829
f 830/787/830 822/779/822 820/777/820
f 825/782/825 818/775/818 827/784/827
f 831/788/831 824/781/824 828/785/828
f 831/788/831 829/786/829 824/781/824
f 386/386/386 828/785/828 387/387/387
f 832/789/832 821/778/821 829/786/829
f 833/790/833 820/777/820 821/778/821
f 832/789/832 833/790/833 821/778/821
f 830/787/830 820/777/820 833/790/833
f 379/379/379 385/385/385 834/791/834
f 835/792/835 831/788/831 828/785/828
f 835/792/835 828/785/828 386/386/386
f 836/793/836 829/786/829 831/788/831
f 832/789/832 829/786/829 836/793/836
f 837/794/837 830/787/830 833/790/833
f 838/795/838 383/383/383 839/796/839
f 838/795/838 386/386/386 383/383/383
f 839/796/839 383/383/383 381/381/381
f 840/797/840 835/792/835 386/386/386
f 840/797/840 386/386/386 838/795/838
f 841/798/841 380/380/380 375/375/375
f 841/798/841 381/381/381 380/380/380
f 842/799/842 831/788/831 835/792/835
f 842/799/842 836/793/836 831/788/831
f 843/800/843 833/790/833 832/789/832
f 836/793/836 843/800/843 832/789/832
f 843/800/843 837/794/837 833/790/833
f 377/377/377 379/379/379 844/801/844
f 377/377/377 376/376/376 379/379/379
f 844/801/844 379/379/379 834/791/834
f 845/802/845 838/795/838 839/796/839
f 845/802/845 840/797/840 838/795/838
f 846/803/846 839/796/839 381/381/381
f 846/803/846 381/381/381 841/798/841
f 842/799/842 835/792/835 840/797/840
f 847/804/847 843/800/843 836/793/836
f 848/805/848 377/377/377 844/801/844
f 695/655/695 691/652/691 690/651/690
f 701/658/701 375/375/375 377/377/377
f 841/798/841 375/375/375 702/659/702
f 849/806/849 845/802/845 839/796/839
f 849/806/849 839/796/839 846/803/846
f 850/807/850 842/799/842 840/797/840
f 850/807/850 840/797/840 845/802/845
f 851/808/851 836/793/836 842/799/842
f 851/808/851 847/804/847 836/793/836
f 701/658/701 377/377/377 848/805/848
f 846/803/846 841/798/841 702/659/702
f 852/809/852 845/802/845 849/806/849
f 852/809/852 850/807/850 845/802/845
f 851/808/851 842/799/842 850/807/850
f 853/810/853 701/658/701 848/805/848
f 854/811/854 852/809/852 849/806/849
f 855/812/855 849/806/849 846/803/846
f 854/811/854 849/806/849 855/812/855
f 856/813/856 850/807/850 852/809/852
f 856/813/856 851/808/851 850/807/850
f 855/812/855 846/803/846 857/814/857
f 858/815/858 852/809/852 854/811/854
f 858/815/858 856/813/856 852/809/852
f 859/816/859 860/817/860 855/812/855
f 859/816/859 855/812/855 857/814/857
f 860/817/860 854/811/854 855/812/855
f 861/818/861 858/815/858 854/811/854
f 861/818/861 854/811/854 860/817/860
f 862/819/862 859/816/859 863/820/863
f 862/819/862 860/817/860 859/816/859
f 864/821/864 860/817/860 862/819/862
f 864/821/864 861/818/861 860/817/860
f 373/373/373 864/821/864 862/819/862
f 373/373/373 862/819/862 374/374/374
f 374/374/374 862/819/862 863/820/863
f 863/820/863 859/816/859 865/822/865
f 865/822/865 859/816/859 857/814/857
f 865/822/865 857/814/857 866/823/866
f 866/823/866 701/658/701 853/810/853
f 857/814/857 702/659/702 866/823/866
f 866/823/866 702/659/702 701/658/701
f 857/814/857 846/803/846 702/659/702
f 834/791/834 867/824/867 844/801/844
f 834/791/834 825/782/825 867/824/867
f 867/824/867 825/782/825 827/784/827
f 834/791/834 385/385/385 823/780/823
f 834/791/834 823/780/823 825/782/825
f 826/783/826 814/771/814 868/825/868
f 826/783/826 818/775/818 814/771/814
f 868/825/868 815/772/815 869/826/869
f 868/825/868 814/771/814 815/772/815
f 449/447/449 784/741/784 450/448/450
f 449/447/449 870/827/870 784/741/784
f 870/827/870 871/828/871 782/739/782
f 870/827/870 782/739/782 784/741/784
f 871/828/871 783/740/783 782/739/782
f 871/828/871 872/829/872 783/740/783
f 872/829/872 776/733/776 774/731/774
f 783/740/783 872/829/872 873/830/873
f 872/829/872 774/731/774 873/830/873
f 783/740/783 873/830/873 773/730/773
f 783/740/783 773/730/773 779/736/779
f 873/830/873 774/731/774 458/455/458
f 873/830/873 458/455/458 464/461/464
f 873/830/873 464/461/464 773/730/773
f 765/722/765 874/831/874 756/713/756
f 765/722/765 756/713/756 760/717/760
f 874/831/874 749/706/749 756/713/756
f 760/717/760 756/713/756 752/709/752
f 760/717/760 752/709/752 480/476/480
f 874/831/874 875/832/875 749/706/749
f 875/832/875 876/833/876 745/702/745
f 875/832/875 745/702/745 749/706/749
f 876/833/876 746/703/746 745/702/745
f 876/833/876 877/834/877 746/703/746
f 320/320/320 147/147/147 146/146/146
f 156/156/156 154/154/154 309/309/309
f 147/147/147 320/320/320 154/154/154
f 154/154/154 320/320/320 309/309/309
f 320/320/320 141/141/141 309/309/309
f 309/309/309 141/141/141 310/310/310
f 141/141/141 327/327/327 310/310/310
f 310/310/310 327/327/327 312/312/312
f 327/327/327 332/332/332 312/312/312
f 312/312/312 332/332/332 314/314/314
f 332/332/332 328/328/328 314/314/314
f 314/314/314 328/328/328 318/318/318
f 328/328/328 324/324/324 318/318/318
f 322/322/322 318/318/318 324/324/324
f 341/341/341 340/340/340 346/346/346
f 353/353/353 346/346/346 359/359/359
f 346/346/346 340/340/340 359/359/359
f 342/342/342 359/359/359 340/340/340
f 359/359/359 342/342/342 178/178/178
f 342/342/342 347/347/347 178/178/178
f 178/178/178 347/347/347 368/368/368
f 347/347/347 350/350/350 368/368/368
f 368/368/368 350/350/350 371/371/371
f 350/350/350 354/354/354 371/371/371
f 371/371/371 354/354/354 370/370/370
f 354/354/354 357/357/357 370/370/370
f 370/370/370 357/357/357 366/366/366
f 357/357/357 361/361/361 366/366/366
f 891/835/878 890/836/879 893/837/880
f 896/838/881 893/837/880 895/839/882
f 893/837/880 890/836/879 895/839/882
f 892/840/883 895/839/882 890/836/879
f 895/839/882 892/840/883 894/841/883
f 892/840/883 900/842/884 894/841/883
f 894/841/883 900/842/884 899/843/884
f 900/842/884 901/844/885 899/843/884
f 899/843/884 901/844/885 897/845/885
f 901/844/885 902/846/886 897/845/885
f 897/845/885 902/846/886 898/847/887
f 906/848/888 882/849/889 898/847/887 902/846/886
f 913/850/888 898/847/887 882/849/889 912/851/889
f 882/849/889 883/852/890 912/851/889
f 912/851/889 883/852/890 911/853/890
f 883/852/890 884/854/891 911/853/890
f 911/853/890 884/854/891 910/855/891
f 884/854/891 905/856/892 910/855/891
f 910/855/891 905/856/892 909/857/892
f 905/856/892 904/858/893 909/857/892
f 909/857/892 904/858/893 908/859/893
f 904/858/893 903/860/894 908/859/893
f 908/859/893 903/860/894 907/861/894
f 903/860/894 885/862/895 907/861/894
f 907/861/894 885/862/895 878/863/895
f 885/862/895 886/864/896 878/863/895
f 878/863/895 886/864/896 879/865/896
f 886/864/896 887/866/897 879/865/896
f 879/865/896 887/866/897 880/867/897
f 887/866/897 888/868/898 880/867/897
f 880/867/897 888/868/898 881/869/898
f 888/868/898 889/870/899 881/869/898
o Arm
v -19.340586 20.626656 -0.001273
v -8.283882 20.656670 -6.944501
v -19.934580 19.917656 -6.740600
v -7.569283 21.360649 0.129246
v -10.296181 17.517662 -13.570353
v -21.398478 17.045647 -12.965852
v -13.336281 12.275658 -19.056152
v -19.340586 20.626656 -0.001273
v -19.636179 19.089670 6.659889
v -8.390083 19.508661 7.249490
v -7.569283 21.360649 0.129246
v -10.518990 15.421657 13.698649
v 17.723782 15.397462 7.273367
v 3.074223 19.686670 7.634881
v 12.557449 11.331733 14.877378
v 4.969822 21.827660 0.095556
v -46.813988 -1.179312 8.678424
v -54.150978 -2.349325 10.150646
v -47.138992 -3.779311 7.063234
v -49.983986 2.198686 4.948936
v -54.328979 2.392679 8.878818
v -49.434990 3.056688 6.191916
v -50.350990 0.723687 3.638165
v -49.907990 -1.347312 3.574154
v -55.411980 -1.038321 6.481377
v -57.845985 0.659685 8.461074
v -59.503983 0.643678 9.846687
v -59.156975 1.211679 10.381647
v -48.658989 -3.675314 4.846644
v -55.228981 -2.581320 8.188756
v -20.845575 15.400661 12.659149
v -30.756182 18.392664 5.990449
v -30.531481 19.625650 -0.123158
v -31.678682 15.209666 11.462548
v -22.989878 9.879663 17.238150
v -13.606575 9.337664 18.460251
v -41.163986 17.166681 5.077649
v -47.138992 -3.779311 7.063234
v -54.150978 -2.349325 10.150646
v -40.941986 18.100702 -0.321457
v -41.985985 14.474696 9.874028
v -49.573990 15.366693 4.134189
v -49.382988 16.127680 -0.446146
v -34.621582 -15.166321 6.256262
v -28.479181 -18.850441 -2.427160
v -27.504877 -17.849236 6.811801
v -35.461784 -16.184334 -2.176359
v -29.325174 -4.624341 18.204947
v -24.793283 -13.439338 14.688241
v -21.254572 -6.457334 19.663244
v -32.474281 -11.126332 13.601242
v -26.139277 2.843661 19.323849
v -17.469276 1.741664 20.737846
v -33.540878 10.179674 15.568248
v -43.488991 10.093668 13.362547
v -49.755989 13.378688 8.089117
v -56.610992 2.451684 6.957776
v -59.734993 2.878679 6.305152
v -56.973991 2.577684 5.632976
v -56.218987 12.916681 3.127988
v -56.682991 13.541681 -0.575473
v -50.877991 9.774683 10.963646
v -55.172989 12.050684 6.282438
v -60.323990 9.964684 -0.699235
v -49.216980 -9.247320 4.770162
v -42.736984 -13.237328 -1.921228
v -42.328995 -12.068319 5.576472
v -59.951996 3.374681 5.305971
v -57.194992 2.978685 4.474656
v -47.164986 -1.428327 14.025744
v -40.828995 -8.653325 12.125143
v -38.514999 -2.981329 16.323444
v -48.438988 -6.453321 10.513543
v -57.316978 3.745675 -3.655903
v -61.191978 4.256676 -4.482815
v -60.936974 4.364678 -5.585295
v -57.008987 3.716683 -4.875384
v -45.356979 4.515665 14.947446
v -35.986389 3.771670 17.415047
v -49.636978 -10.045324 -1.564948
v -56.932991 9.499689 7.966757
v -59.636978 9.744683 3.729887
v -53.479988 -0.313315 11.573945
v -52.287987 4.898676 12.367446
v -54.884987 -6.355314 3.613933
v -54.275986 -4.578314 8.489643
v -55.000992 -6.939314 -1.432277
v -61.364990 5.525674 4.093486
v -58.122986 5.245676 8.630215
v -57.724991 -2.392317 6.698315
v -59.478989 -2.844321 2.952164
v -60.519989 -2.848311 -1.322076
v -62.306984 5.676682 -0.840282
v -58.151993 0.727686 8.242805
v -60.587982 4.935669 -6.835274
v -56.480988 4.574685 -6.209284
v -61.212990 1.073686 3.573265
v -62.248993 1.211686 -1.077724
v -52.667992 6.775673 -9.458744
v -52.964989 4.342682 -9.797283
v -57.292984 6.231674 -11.257257
v 2.315117 17.916649 -13.958054
v -1.884281 12.276665 -19.841553
v 18.428242 16.787558 -7.599843
v 14.875484 14.099004 -14.784424
v 4.756821 21.035637 -6.924640
v -53.176979 8.517685 -7.522553
v -58.932983 6.838677 -8.001927
v -54.192986 7.345673 -5.459463
v -33.049881 -9.297317 -17.241459
v -25.064280 -10.947326 -18.460360
v -27.636881 -16.568329 -11.394861
v -26.822672 5.531677 -21.139555
v -17.067284 5.170676 -22.406654
v -21.196787 -3.153321 -22.377556
v -30.189676 -2.203324 -21.049757
v -56.666969 4.261681 -11.251857
v -54.667992 4.642685 -5.167185
v -23.684381 12.206658 -18.019753
v -49.496979 -8.986320 -7.873007
v -42.352997 -11.703322 -9.384708
v -42.736984 -13.237328 -1.921228
v -49.636978 -10.045324 -1.564948
v -54.524986 3.587685 -6.143424
v -57.770981 3.434677 -9.140368
v -54.048988 3.301682 -7.457455
v -57.252983 3.609680 -10.136957
v -53.550987 3.372681 -8.613515
v -57.683990 3.990686 2.042067
v -61.060997 4.329675 0.843272
v -57.807991 4.097688 0.664096
v -61.092995 4.819680 -0.181970
v -57.782990 4.513688 -0.541395
v -34.914185 -14.286325 -10.530060
v -28.479181 -18.850441 -2.427160
v -35.461784 -16.184334 -2.176359
v -32.058479 16.339685 -12.023252
v -33.941879 11.929681 -16.661350
v -36.470490 5.802680 -19.465553
v 4.969822 21.827660 0.095556
v -55.187988 -6.239318 -6.317136
v -55.000992 -6.939314 -1.432277
v -48.738991 -5.752319 -13.442257
v -54.874992 -4.061317 -11.112556
v -30.958879 18.907663 -6.305191
v -45.339989 5.923683 -17.273252
v -39.042999 -1.154328 -19.089554
v -41.788986 15.184686 -10.761251
v -43.303986 11.339684 -14.831252
v -59.777992 -2.422317 -5.162295
v -58.173988 -1.642318 -8.609446
v -60.519989 -2.848311 -1.322076
v -41.153992 17.388697 -5.754651
v -54.082993 0.656692 -14.193655
v -47.332985 -0.312317 -16.945654
v -41.132996 -7.480316 -15.601857
v -49.503990 14.001672 -9.056782
v -50.983986 10.782677 -12.369653
v -30.531481 19.625650 -0.123158
v -56.394989 6.720689 4.421136
v -57.199989 4.302682 3.455146
v -60.467995 6.179681 5.254563
v -61.183990 1.527688 -5.394574
v -58.886978 1.618683 -10.347554
v -55.561989 6.007684 8.087546
v -59.618996 5.690675 8.817542
v -56.146988 3.200685 8.027955
v -62.248993 1.211686 -1.077724
v -49.307991 15.613672 -4.986160
v -60.149994 4.366678 4.311982
v -52.609985 6.054695 -14.452454
v -40.941986 18.100702 -0.321457
v -61.160988 5.772683 -5.487644
v -59.372993 3.476679 8.597081
v -62.306984 5.676682 -0.840282
v -55.017990 12.443688 -7.337571
v -58.632988 6.188683 -9.975054
v -49.382988 16.127680 -0.446146
v -60.323990 9.964684 -0.699235
v -57.074989 10.137688 -9.191433
v -56.014992 13.124689 -4.284691
v -56.682991 13.541681 -0.575473
v -59.604988 9.883683 -4.879822
v -55.723991 6.993683 -6.026943
v -56.480988 4.574685 -6.209284
v -60.935982 6.971680 -6.741414
v -56.232986 7.751687 -1.745863
v -61.568985 7.781678 -3.192293
v -57.209991 5.142686 -1.389374
v -60.587982 4.935669 -6.835274
v -61.619980 5.632676 -2.568174
v -56.987991 8.104684 -0.479293
v -57.540993 5.809686 -1.609324
v -61.561996 7.628678 -0.343295
v -56.821991 7.416688 3.281627
v -61.361000 7.162675 3.316818
v -57.425987 4.723687 3.156407
v -61.102997 5.804681 -1.202313
v -61.102997 4.944681 3.158866
v -66.881004 5.998681 2.003727
v -67.093010 6.370675 1.623898
v -67.955009 5.819680 1.580957
v -65.685005 7.326676 1.692968
v -66.892998 5.640679 2.119687
v -65.533005 6.544679 2.681367
v -67.028008 6.160676 1.168297
v -67.138023 5.898675 0.990968
v -65.325005 5.413674 2.631867
v -63.356995 5.156678 3.012908
v -63.692001 8.132676 1.734258
v -65.635002 6.909677 0.504000
v -65.478004 5.942681 0.093020
v -63.194008 5.847680 -0.743301
v -63.510002 6.984682 3.200197
v -63.642006 7.423676 -0.030623
v -61.710999 8.585671 1.708608
v -56.586983 9.232682 1.714257
v -66.808968 6.633675 -5.379184
v -66.878975 6.866677 -5.897584
v -67.785973 6.396676 -5.972854
v -65.388985 7.684678 -5.792574
v -66.897972 6.338677 -5.161944
v -65.563980 7.281678 -4.601584
v -66.753975 6.507676 -6.231844
v -66.862968 6.209679 -6.337754
v -65.522980 6.191674 -4.236104
v -63.736977 5.941674 -3.322574
v -63.349983 8.311677 -5.522383
v -65.156975 6.880677 -6.736484
v -65.064980 5.822678 -6.766634
v -62.697983 5.283677 -6.941794
v -63.649979 7.728676 -3.769994
v -63.041985 7.035668 -6.900274
v -61.360985 8.584680 -5.203613
v -55.467987 8.838685 -4.019623
v -65.273994 4.476678 8.488921
v -65.552994 4.849679 8.155791
v -66.403999 4.288675 8.260732
v -64.162994 5.819681 7.983651
v -65.260994 4.117677 8.601980
v -63.833000 5.032678 8.922892
v -65.566986 4.642679 7.694021
v -65.704994 4.380678 7.536581
v -63.625999 3.903681 8.827560
v -61.619995 3.665666 8.853081
v -62.201996 6.646677 7.679783
v -64.320000 5.411676 6.800882
v -64.228996 4.448678 6.360171
v -62.127998 4.384676 5.133162
v -61.753998 5.490678 9.080421
v -62.458000 5.949678 5.927492
v -60.260994 7.121675 7.308863
v -55.598991 7.819688 6.507657
v 19.762363 17.283052 -0.664783
v -22.181482 -21.095032 -2.648680
v -7.280579 4.722678 -23.208954
v -17.716980 -12.502321 -19.330759
v -12.710785 -4.078324 -23.286060
v -20.930483 -18.559227 -12.196962
v 8.977478 8.952745 -20.792627
v -5.653507 -6.375184 -24.337631
v 1.994343 2.017487 -24.098028
v -17.953125 -22.708103 -3.554823
v -12.328533 -14.528608 -20.655430
v -16.593536 -20.282970 -13.190734
v -14.762779 -8.030338 20.700144
v -9.922081 0.687663 21.861147
v -21.356783 -20.150032 7.152360
v -18.539988 -15.372329 15.502241
v -22.181482 -21.095032 -2.648680
v -8.850521 -10.883034 20.706669
v -4.815376 8.701663 19.343151
v -1.731236 -2.526783 22.225773
v -17.363552 -21.980803 6.344606
v -14.187279 -17.594547 15.009768
v 5.744511 5.261238 19.590876
v -17.953125 -22.708103 -3.554823
v -0.317383 15.295650 14.586149
v 19.762363 17.283052 -0.664783
v -56.231979 1.587679 11.369948
v -58.635979 1.253672 11.952847
v -56.265984 0.076670 12.024446
v -58.860985 1.474680 11.040848
v -53.319984 -0.265318 10.934447
v -56.818985 1.871675 10.087868
v -53.543983 1.882677 10.260248
v -58.615982 0.203669 12.402647
v -60.509979 0.785669 11.804646
v -60.559982 0.685663 12.211047
v -48.245987 2.812685 7.768566
v -55.048981 1.845667 7.734628
v -57.357979 1.496675 9.202048
v -60.437981 0.340670 12.212547
v -56.852982 -1.767325 11.310246
v -59.003983 -1.002333 11.916847
v -59.156975 1.211679 10.381647
v -61.590981 0.334673 12.199947
v -60.710983 0.746675 11.441247
v -60.677979 -0.275328 12.143948
v -55.581978 0.670679 6.803118
v -49.983986 2.198686 4.948936
v -55.048981 1.845667 7.734628
v -57.357979 1.496675 9.202048
v -58.002983 -0.630324 8.337948
v -57.660980 -1.958319 9.563165
v -59.703979 -0.244330 9.837507
v -59.524979 -1.144331 10.662947
v -56.852982 -1.767325 11.310246
v -60.718979 0.405672 11.149847
v -59.003983 -1.002333 11.916847
v -60.882980 0.029680 11.155847
v -60.794983 -0.344328 11.562447
v -60.710983 0.746675 11.441247
v -60.677979 -0.275328 12.143948
v -61.590981 0.334673 12.199947
v -63.729996 3.425668 7.388430
v -61.749001 3.111681 7.965812
v -63.610001 3.387682 8.164380
v -61.858994 3.153680 6.897232
v -65.195000 3.921678 8.289881
v -63.916985 3.713678 6.768431
v -65.394997 3.859682 7.935111
v -65.459000 4.102678 7.644391
v -61.619995 3.665666 8.853081
v -59.539993 2.783678 7.638492
v -59.372993 3.476679 8.597081
v -66.403999 4.288675 8.260732
v -63.625999 3.903681 8.827560
v -65.260994 4.117677 8.601980
v -61.960999 3.540681 6.030382
v -64.228996 4.448678 6.360171
v -65.704994 4.380678 7.536581
v -56.146988 3.200685 8.027955
v -62.127998 4.384676 5.133162
v -60.149994 4.366678 4.311982
v -57.199989 4.302682 3.455146
v -65.157982 5.228676 -5.354844
v -63.613983 5.107674 -3.955404
v -65.343979 5.470681 -4.630644
v -63.308983 4.764679 -4.927575
v -66.751976 6.042679 -5.338794
v -65.050980 5.278679 -6.054055
v -66.812981 5.860680 -5.703404
v -66.723976 5.983681 -6.056414
v -63.736977 5.941674 -3.322574
v -61.526970 4.644677 -3.232853
v -61.619980 5.632676 -2.568174
v -67.785973 6.396676 -5.972854
v -65.522980 6.191674 -4.236104
v -66.897972 6.338677 -5.161944
v -63.015984 4.815667 -5.835045
v -65.064980 5.822678 -6.766634
v -57.414986 3.945679 -2.299643
v -66.862968 6.209679 -6.337754
v -57.209991 5.142686 -1.389374
v -62.697983 5.283677 -6.941794
v -58.313980 7.727676 -9.888956
v -59.273979 6.032677 -11.965457
v -60.095978 7.212669 -10.719959
v -60.763985 6.538666 -9.107149
v -61.317978 5.603676 -12.364159
v -58.702980 4.340675 -11.911258
v -61.082985 4.567680 -12.366959
v -60.728981 4.742669 -8.695019
v -62.317978 5.879669 -10.412858
v -62.230980 4.791672 -10.047059
v -62.964981 4.707680 -12.427558
v -61.891983 6.339668 -11.516359
v -62.927979 5.013680 -12.297359
v -58.860985 4.680680 -7.408807
v -63.322983 4.792671 -11.302859
v -63.182983 5.342674 -12.008658
v -63.967979 4.763680 -12.319259
v -63.219978 5.103668 -11.489458
v -61.461983 3.920670 -11.028259
v -60.335983 3.952667 -9.271239
v -61.861984 4.113670 -10.379259
v -59.744980 3.682671 -10.128059
v -63.098984 4.523666 -11.434459
v -61.183983 4.006676 -11.674659
v -63.036972 4.347679 -11.801858
v -62.875984 4.492676 -12.119060
v -60.728981 4.742669 -8.695019
v -58.467979 3.735672 -8.023518
v -58.860985 4.680680 -7.408807
v -63.967979 4.763680 -12.319259
v -62.230980 4.791672 -10.047059
v -63.322983 4.792671 -11.302859
v -59.234978 3.800667 -10.926458
v -61.082985 4.567680 -12.366959
v -62.964981 4.707680 -12.427558
v -54.667992 4.642685 -5.167185
v -58.702980 4.340675 -11.911258
v -56.666969 4.261681 -11.251857
v -52.964989 4.342682 -9.797283
v -65.178001 4.923676 1.200477
v -63.334007 4.596681 2.120718
v -65.198006 4.891679 1.985557
v -63.253006 4.629678 1.049208
v -66.774010 5.440675 1.825597
v -65.250008 5.208680 0.555151
v -66.909019 5.377679 1.441517
v -66.918999 5.618676 1.142347
v -63.356995 5.156678 3.012908
v -61.105995 4.245667 2.190718
v -61.102997 4.944681 3.158866
v -67.955009 5.819680 1.580957
v -65.325005 5.413674 2.631867
v -66.892998 5.640679 2.119687
v -63.196007 5.010674 0.175251
v -65.478004 5.942681 0.093020
v -67.138023 5.898675 0.990968
v -57.425987 4.723687 3.156407
v -63.194008 5.847680 -0.743301
v -61.102997 5.804681 -1.202313
v -57.540993 5.809686 -1.609324
v 26.026058 9.133672 7.198501
v 20.362072 5.795948 14.802512
v 26.910229 10.416978 -7.674710
v 23.029606 8.228093 -14.859291
v 28.298664 10.729465 -0.739650
v 16.495922 3.917483 -20.867495
v -0.054832 -9.314434 -24.412498
v 8.647438 -2.020807 -24.172895
v -14.429695 -23.854317 -3.629691
v -7.761009 -16.501165 -20.730297
v -12.757774 -21.632963 -13.265601
v -3.826385 -13.353863 20.631804
v 4.347198 -6.025588 22.150906
v -13.748085 -23.212467 6.269739
v -10.013363 -19.290758 14.934903
v 12.797997 0.691865 19.516008
v -14.429695 -23.854317 -3.629691
v 28.298664 10.729465 -0.739650
v 32.076611 4.087178 7.198500
v 26.412617 0.749454 14.802512
v 32.960781 5.370485 -7.674710
v 29.080151 3.181598 -14.859291
v 34.349209 5.682972 -0.739651
v 22.546467 -1.129012 -20.867495
v 5.995708 -14.360931 -24.412497
v 14.697979 -7.067302 -24.172895
v -8.379154 -28.900806 -3.629691
v -1.710464 -21.547659 -20.730297
v -6.707230 -26.679455 -13.265602
v 2.224159 -18.400358 20.631804
v 10.397739 -11.072083 22.150906
v -7.697544 -28.258957 6.269739
v -3.962822 -24.337255 14.934901
v 18.848537 -4.354631 19.516008
v -8.379154 -28.900806 -3.629691
v 34.349209 5.682972 -0.739651
v 36.654064 -0.791515 7.198500
v 30.990070 -4.129236 14.802510
v 37.538227 0.491795 -7.674711
v 33.657612 -1.697094 -14.859292
v 38.926662 0.804281 -0.739651
v 27.123928 -6.007704 -20.867495
v 10.573158 -19.239618 -24.412497
v 19.275425 -11.945992 -24.172895
v -3.801704 -33.779495 -3.629692
v 2.866982 -26.426350 -20.730297
v -2.129780 -31.558138 -13.265603
v 6.801605 -23.279047 20.631804
v 14.975185 -15.950771 22.150908
v -3.120094 -33.137642 6.269738
v 0.614628 -29.215944 14.934901
v 23.425991 -9.233322 19.516008
v -3.801704 -33.779495 -3.629692
v 38.926662 0.804281 -0.739651
v 39.696514 -6.569737 7.198499
v 34.032528 -9.907460 14.802511
v 40.580685 -5.286427 -7.674713
v 36.700069 -7.475317 -14.859292
v 41.969120 -4.973939 -0.739652
v 30.166378 -11.785927 -20.867496
v 13.615616 -25.017843 -24.412498
v 22.317890 -17.724215 -24.172895
v -0.759243 -39.557716 -3.629692
v 5.909439 -32.204563 -20.730299
v 0.912674 -37.336357 -13.265603
v 9.844070 -29.057272 20.631802
v 18.017643 -21.728994 22.150906
v -0.077641 -38.915863 6.269738
v 3.657089 -34.994164 14.934900
v 26.468441 -15.011543 19.516008
v -0.759243 -39.557716 -3.629692
v 41.969120 -4.973939 -0.739652
vn -0.3844 0.5432 0.7465
vn -0.3922 0.2953 0.8712
vn -0.4431 0.7334 -0.5154
vn -0.7449 0.5592 -0.3640
vn -0.4453 0.7927 0.4164
vn -0.5159 0.6034 0.6081
vn -0.2124 0.5403 -0.8142
vn -0.5600 0.4517 -0.6945
vn -0.2518 0.5331 0.8077
vn -0.2350 0.2842 0.9295
vn -0.5345 0.7317 -0.4230
vn -0.7997 0.5566 -0.2253
vn -0.3183 0.9289 0.1894
vn -0.3533 0.9306 0.0956
vn -0.1536 -0.0500 0.9869
vn 0.0135 -0.0713 0.9974
vn -0.9799 -0.0143 0.1989
vn -0.6910 0.4789 -0.5414
vn -0.7408 0.3137 -0.5940
vn -0.5561 -0.8197 -0.1376
vn -0.2824 -0.9052 0.3174
vn -0.2665 -0.8406 0.4715
vn -0.4705 -0.7253 -0.5026
vn -0.4976 -0.6590 -0.5640
vn -0.5233 -0.7242 0.4491
vn -0.5552 -0.6110 0.5643
vn -0.3605 -0.8488 -0.3867
vn -0.3512 -0.8070 -0.4748
vn -0.4131 0.3984 -0.8189
vn -0.0611 0.5349 -0.8427
vn -0.7317 0.5122 0.4497
vn -0.6394 0.7148 0.2835
vn -0.5217 -0.8004 0.2953
vn -0.5987 -0.6941 0.3997
vn -0.1315 -0.8747 -0.4666
vn -0.1055 -0.8299 -0.5479
vn -0.3443 -0.8996 0.2686
vn -0.3552 -0.8335 0.4232
vn -0.3828 -0.7256 -0.5718
vn -0.3983 -0.6574 -0.6396
vn -0.0747 0.9925 -0.0967
vn -0.0479 0.9652 -0.2571
vn -0.0791 0.9636 -0.2554
vn -0.0452 0.9943 -0.0970
vn -0.0548 0.8331 -0.5504
vn -0.0846 0.8364 -0.5416
vn -0.0660 0.6039 -0.7943
vn -0.0708 0.9716 0.2256
vn -0.0682 0.9264 0.3702
vn -0.0434 0.9207 0.3879
vn -0.0441 0.9672 0.2502
vn -0.0543 0.7501 0.6591
vn 0.4092 0.7855 0.4642
vn 0.1171 0.8940 0.4325
vn 0.2872 0.5990 0.7475
vn 0.1468 0.9433 0.2976
vn 0.3177 -0.1905 0.9288
vn 0.2586 -0.4408 0.8596
vn 0.2474 -0.5334 0.8089
vn -0.3281 0.8534 -0.4049
vn -0.1319 0.9910 0.0204
vn -0.2090 0.9734 -0.0935
vn -0.4742 0.2902 -0.8312
vn -0.4648 -0.4062 -0.7867
vn -0.5228 -0.3394 -0.7820
vn -0.5498 0.4615 -0.6963
vn -0.6220 0.4790 -0.6194
vn -0.5029 0.7202 -0.4779
vn -0.3078 -0.9146 -0.2624
vn -0.3120 -0.9213 -0.2319
vn -0.0744 0.7643 0.6406
vn -0.1081 0.9327 0.3442
vn -0.1114 0.9740 0.1973
vn -0.1174 0.7733 0.6231
vn -0.1016 0.5026 0.8585
vn -0.0733 0.4929 0.8670
vn -0.1819 0.9321 0.3134
vn -0.1696 -0.9830 0.0702
vn -0.1190 -0.9796 0.1620
vn -0.1796 0.9697 0.1654
vn -0.1977 0.7744 0.6011
vn -0.2927 0.9135 0.2828
vn -0.2858 0.9457 0.1551
vn -0.3598 -0.8693 0.3388
vn -0.3410 -0.9297 0.1393
vn -0.3449 -0.8730 0.3447
vn -0.3609 -0.9203 0.1508
vn -0.2334 -0.2723 0.9335
vn -0.2925 -0.6384 0.7120
vn -0.2201 -0.2683 0.9379
vn -0.3022 -0.6433 0.7035
vn -0.1605 0.1400 0.9771
vn -0.1344 0.1437 0.9804
vn -0.1553 0.5037 0.8498
vn -0.2375 0.5050 0.8298
vn -0.2999 0.7680 0.5659
vn -0.0448 -0.9575 0.2850
vn -0.1726 -0.9579 -0.2295
vn -0.1695 -0.9678 -0.1863
vn -0.5095 0.8172 0.2692
vn -0.5263 0.8251 0.2052
vn -0.3444 0.5090 0.7889
vn -0.4456 0.7516 0.4863
vn -0.8088 0.5620 0.1734
vn -0.4280 -0.8558 0.2906
vn -0.3818 -0.9107 0.1579
vn -0.3757 -0.8671 0.3272
vn -0.2528 -0.8134 -0.5240
vn -0.2464 -0.8054 -0.5391
vn -0.3394 -0.2696 0.9012
vn -0.3283 -0.6554 0.6802
vn -0.2703 -0.2814 0.9207
vn -0.3825 -0.6552 0.6514
vn -0.1724 -0.9831 0.0609
vn -0.1897 -0.9804 0.0533
vn -0.1287 -0.9507 -0.2822
vn -0.0832 -0.9533 -0.2903
vn -0.2886 0.1482 0.9459
vn -0.2097 0.1370 0.9681
vn -0.4458 -0.8849 0.1347
vn -0.5859 0.4934 0.6429
vn -0.7716 0.5474 0.3240
vn -0.4896 -0.2444 0.8370
vn -0.4223 0.1547 0.8931
vn -0.5524 -0.8006 0.2322
vn -0.5329 -0.6275 0.5677
vn -0.5484 -0.8281 0.1160
vn -0.9077 0.1609 0.3874
vn -0.6896 0.1314 0.7121
vn -0.6885 -0.5246 0.5008
vn -0.7435 -0.6084 0.2776
vn -0.7738 -0.6074 0.1800
vn -0.9632 0.1818 0.1980
vn -0.7146 -0.2192 0.6643
vn -0.0856 -0.8889 -0.4501
vn 0.0081 -0.8425 -0.5387
vn -0.9051 -0.2333 0.3556
vn -0.9554 -0.2108 0.2066
vn 0.2700 0.4992 -0.8233
vn 0.3544 0.0927 -0.9305
vn 0.2710 0.4362 -0.8581
vn 0.0807 0.8160 -0.5724
vn 0.0162 0.5824 -0.8127
vn 0.4264 0.8483 -0.3140
vn 0.3276 0.7099 -0.6235
vn 0.1300 0.9539 -0.2706
vn -0.0813 0.9870 -0.1386
vn -0.4541 0.6105 0.6489
vn -0.4211 0.6207 0.6613
vn -0.2645 -0.5679 -0.7795
vn -0.2248 -0.5486 -0.8053
vn -0.3050 -0.8292 -0.4684
vn -0.1359 0.2658 -0.9544
vn -0.0925 0.2613 -0.9608
vn -0.1452 -0.1588 -0.9766
vn -0.1958 -0.1707 -0.9657
vn 0.3408 0.1057 -0.9342
vn -0.4747 0.1881 0.8598
vn -0.1018 0.6111 -0.7850
vn -0.4309 -0.8406 -0.3283
vn -0.3701 -0.8417 -0.3933
vn -0.3877 -0.9010 -0.1949
vn -0.4501 -0.8807 -0.1472
vn -0.2609 -0.8457 0.4656
vn -0.0777 -0.9970 -0.0002
vn -0.0688 -0.9966 0.0454
vn 0.0599 -0.9488 -0.3101
vn 0.0933 -0.9446 -0.3146
vn -0.0638 -0.9584 0.2783
vn -0.1162 -0.9613 -0.2498
vn -0.0960 -0.9727 -0.2114
vn -0.1415 -0.8182 -0.5573
vn -0.1144 -0.8088 -0.5769
vn -0.3324 -0.8371 -0.4345
vn -0.3348 -0.9077 -0.2529
vn -0.3582 -0.9065 -0.2233
vn -0.1330 0.8396 -0.5267
vn -0.1544 0.6159 -0.7725
vn -0.1981 0.2592 -0.9453
vn 0.1261 0.9852 -0.1160
vn -0.5817 -0.7755 -0.2453
vn -0.5619 -0.8191 -0.1151
vn -0.3878 -0.6149 -0.6866
vn -0.5698 -0.5882 -0.5739
vn -0.1233 0.9601 -0.2512
vn -0.2836 0.2638 -0.9219
vn -0.2510 -0.1836 -0.9504
vn -0.2017 0.8367 -0.5092
vn -0.2328 0.6188 -0.7503
vn -0.7759 -0.5463 -0.3154
vn -0.7486 -0.4887 -0.4481
vn -0.7781 -0.5899 -0.2158
vn -0.1913 0.9491 -0.2502
vn -0.5157 -0.1608 -0.8416
vn -0.3379 -0.1947 -0.9208
vn -0.3112 -0.5866 -0.7477
vn -0.2961 0.8310 -0.4709
vn -0.3484 0.6213 -0.7019
vn -0.1158 0.9878 -0.1044
vn -0.2281 0.7460 -0.6257
vn -0.2383 0.4231 -0.8742
vn -0.2754 0.6814 -0.6782
vn -0.9249 -0.1730 -0.3386
vn -0.7781 -0.1471 -0.6107
vn 0.1089 0.3949 0.9122
vn 0.1038 0.3608 0.9269
vn 0.1767 -0.0651 0.9821
vn -0.9546 -0.1760 -0.2402
vn -0.2881 0.9301 -0.2280
vn -0.2883 0.4014 -0.8693
vn -0.4431 0.2743 -0.8535
vn -0.1850 0.9757 -0.1173
vn -0.9202 0.2007 -0.3360
vn 0.1401 -0.0827 0.9867
vn -0.9504 0.2091 -0.2301
vn -0.4415 0.8012 -0.4038
vn -0.7367 0.2465 -0.6296
vn -0.2842 0.9511 -0.1213
vn -0.8144 0.5566 -0.1645
vn -0.5940 0.5879 -0.5492
vn -0.4922 0.8339 -0.2498
vn -0.5128 0.8416 -0.1696
vn -0.7819 0.5578 -0.2784
vn 0.1254 0.4674 -0.8751
vn 0.1403 0.0412 -0.9892
vn 0.1012 0.3961 -0.9126
vn -0.1952 0.6827 0.7041
vn -0.2014 0.6652 0.7190
vn -0.2457 0.2364 0.9401
vn 0.1173 0.0657 -0.9909
vn -0.2495 0.2755 0.9283
vn -0.1000 0.7456 -0.6589
vn -0.0817 0.4413 -0.8936
vn -0.1442 0.6813 -0.7177
vn -0.0398 0.3974 0.9168
vn -0.0525 0.3697 0.9277
vn 0.0064 -0.0553 0.9984
vn -0.1395 0.3930 -0.9089
vn -0.0336 -0.0749 0.9966
vn -0.4525 0.4233 0.7849
vn -0.4788 0.8618 0.1676
vn -0.5636 0.8048 0.1863
vn -0.3875 0.3474 0.8539
vn -0.4300 0.2060 0.8790
vn -0.6351 0.6439 -0.4266
vn -0.2608 -0.0996 0.9602
vn -0.1231 -0.1033 0.9870
vn -0.2902 0.9451 0.1500
vn -0.4497 0.6309 -0.6322
vn -0.5466 0.6071 -0.5767
vn -0.3781 0.3065 -0.8736
vn -0.2322 0.3512 -0.9071
vn -0.1932 0.3655 0.9106
vn -0.2697 0.6676 -0.6939
vn -0.1413 0.9788 0.1482
vn -0.1229 0.9715 0.2026
vn -0.5368 0.6983 0.4735
vn -0.3686 0.8986 -0.2382
vn -0.4629 0.8576 -0.2241
vn -0.4994 0.6469 0.5762
vn -0.5671 0.5254 0.6343
vn -0.4287 0.5013 -0.7516
vn -0.4660 0.2563 0.8468
vn -0.3387 0.2518 0.9066
vn -0.1699 0.9571 -0.2348
vn -0.2093 0.4048 -0.8901
vn -0.3180 0.4087 -0.8554
vn -0.1387 0.0131 -0.9903
vn 0.0160 0.0331 -0.9993
vn -0.3205 0.6695 0.6701
vn -0.0169 0.4051 -0.9141
vn -0.0313 0.9766 -0.2126
vn -0.0147 0.9901 -0.1395
vn -0.3106 0.4123 0.8564
vn -0.4497 0.8554 0.2569
vn -0.5293 0.7976 0.2894
vn -0.2341 0.3374 0.9118
vn -0.2700 0.1943 0.9430
vn -0.7048 0.6412 -0.3033
vn -0.0863 -0.1091 0.9903
vn 0.0540 -0.1115 0.9923
vn -0.2681 0.9409 0.2069
vn -0.5601 0.6305 -0.5374
vn -0.6450 0.6057 -0.4660
vn -0.5291 0.3085 -0.7905
vn -0.3919 0.3551 -0.8487
vn -0.0328 0.3570 0.9335
vn -0.3942 0.6694 -0.6297
vn -0.1288 0.9751 0.1804
vn -0.1050 0.9671 0.2317
vn 0.4584 0.8766 -0.1465
vn -0.3543 -0.8933 -0.2764
vn -0.0541 0.2680 -0.9619
vn -0.2830 -0.4849 -0.8275
vn -0.1544 -0.1022 -0.9827
vn -0.3510 -0.7966 -0.4921
vn 0.1853 0.4877 -0.8532
vn -0.1192 -0.1001 -0.9878
vn 0.0373 0.2159 -0.9757
vn -0.3605 -0.8909 -0.2763
vn -0.2878 -0.4635 -0.8380
vn -0.3647 -0.7833 -0.5035
vn -0.1737 -0.2740 0.9459
vn -0.0630 0.1280 0.9898
vn -0.3357 -0.8713 0.3580
vn -0.2654 -0.6392 0.7218
vn -0.3459 -0.9315 0.1127
vn -0.1530 -0.3268 0.9326
vn 0.0222 0.4498 0.8929
vn 0.0150 0.0678 0.9976
vn -0.3278 -0.8936 0.3066
vn -0.2716 -0.6795 0.6815
vn 0.1554 0.3571 0.9211
vn -0.3252 -0.9416 0.0872
vn 0.0721 0.7082 0.7023
vn 0.4539 0.8347 0.3119
vn 0.1272 0.7405 0.6599
vn -0.0363 0.7527 0.6574
vn 0.2553 -0.0109 0.9668
vn -0.2661 0.9632 0.0383
vn 0.3266 -0.0534 0.9436
vn -0.1884 0.9820 0.0131
vn 0.2140 0.7020 0.6793
vn 0.0536 -0.0035 0.9986
vn -0.3013 0.9448 0.1287
vn -0.2152 0.6062 0.7657
vn 0.1820 0.7255 0.6637
vn -0.2682 0.9253 -0.2680
vn -0.2853 0.9320 -0.2236
vn -0.0934 -0.0949 0.9911
vn 0.2052 -0.4116 0.8880
vn 0.0259 -0.3539 0.9349
vn -0.3568 0.9157 -0.1848
vn -0.3041 0.9503 0.0662
vn 0.0323 -0.1065 0.9938
vn -0.5113 0.4113 -0.7546
vn -0.3920 0.6653 -0.6353
vn -0.4286 0.6726 -0.6032
vn -0.4405 0.7164 -0.5411
vn -0.6283 -0.2789 -0.7263
vn -0.4113 -0.8918 -0.1884
vn -0.7115 -0.2278 -0.6648
vn -0.5245 -0.8381 -0.1498
vn -0.2027 -0.9592 0.1971
vn -0.6778 0.4143 -0.6074
vn -0.3198 -0.9193 0.2293
vn -0.8296 -0.1909 -0.5247
vn -0.8224 -0.5674 0.0419
vn -0.6419 0.5068 -0.5754
vn -0.5616 -0.8250 0.0634
vn -0.2651 -0.9487 -0.1724
vn -0.0997 -0.9562 0.2753
vn -0.1979 -0.9318 0.3042
vn -0.1880 -0.9609 -0.2032
vn -0.2274 -0.8959 0.3815
vn -0.3695 -0.7562 -0.5400
vn -0.3578 -0.9254 -0.1253
vn -0.4533 -0.6995 -0.5525
vn -0.0433 -0.8383 0.5435
vn -0.0661 -0.9540 0.2923
vn 0.0057 -0.8181 0.5750
vn -0.1564 -0.7871 0.5967
vn -0.2252 -0.8458 0.4836
vn -0.2782 -0.8117 -0.5135
vn -0.4289 -0.6015 -0.6740
vn -0.4815 -0.6528 -0.5848
vn 0.0291 -0.8248 0.5647
vn -0.3218 -0.7152 -0.6204
vn -0.2770 -0.6882 -0.6705
vn -0.2364 -0.5934 -0.7694
vn -0.3311 -0.9423 0.0500
vn -0.3482 -0.7911 0.5028
vn -0.4451 -0.7559 0.4801
vn -0.2512 -0.9661 0.0591
vn -0.4948 -0.6945 0.5223
vn -0.2581 -0.8930 -0.3687
vn -0.4303 -0.9015 0.0464
vn -0.3215 -0.8425 -0.4322
vn -0.3779 -0.5854 0.7173
vn -0.2960 -0.7919 0.5341
vn -0.3222 -0.5565 0.7658
vn -0.4927 -0.5166 0.7002
vn -0.5225 -0.6123 0.5934
vn -0.1937 -0.9369 -0.2910
vn -0.2376 -0.7959 -0.5569
vn -0.2570 -0.8100 0.5271
vn -0.3277 -0.8090 -0.4880
vn -0.2720 -0.5525 0.7879
vn -0.1780 -0.8845 -0.4312
vn -0.1017 0.9724 -0.2100
vn 0.1694 0.4294 -0.8871
vn -0.2274 0.9347 -0.2732
vn -0.5699 0.6007 0.5607
vn -0.0208 0.4039 -0.9146
vn 0.2721 0.0676 -0.9599
vn 0.1245 0.0278 -0.9918
vn -0.5940 0.1767 0.7848
vn -0.7133 0.5590 0.4227
vn -0.7007 0.1670 0.6936
vn -0.1342 0.3922 -0.9100
vn -0.4084 0.8515 -0.3288
vn -0.2791 0.4665 -0.8393
vn -0.4996 0.2140 0.8394
vn -0.7772 0.4275 0.4617
vn -0.4969 0.7986 -0.3396
vn -0.7290 0.6081 0.3144
vn -0.2056 -0.9780 -0.0368
vn -0.3604 -0.8450 0.3951
vn -0.4513 -0.8219 0.3475
vn -0.1285 -0.9917 -0.0071
vn -0.5183 -0.7688 0.3745
vn -0.0329 -0.9061 -0.4219
vn -0.3042 -0.9502 -0.0677
vn -0.0835 -0.8622 -0.4996
vn -0.4717 -0.6522 0.5935
vn -0.3143 -0.8360 0.4498
vn -0.4194 -0.6236 0.6598
vn -0.5858 -0.5983 0.5467
vn -0.5749 -0.6922 0.4364
vn 0.0141 -0.9440 -0.3297
vn 0.0231 -0.8010 -0.5982
vn -0.0793 -0.8284 -0.5545
vn -0.3590 -0.6597 0.6603
vn 0.0587 -0.8856 -0.4608
vn 0.1351 -0.8746 -0.4657
vn 0.2319 -0.8055 -0.5453
vn -0.2405 -0.9477 -0.2101
vn -0.1569 -0.9527 0.2601
vn -0.2584 -0.9272 0.2711
vn -0.1596 -0.9608 -0.2265
vn -0.3009 -0.8903 0.3418
vn -0.2763 -0.7574 -0.5916
vn -0.3401 -0.9230 -0.1798
vn -0.3567 -0.6996 -0.6192
vn -0.1475 -0.8332 0.5329
vn -0.1056 -0.9537 0.2817
vn -0.0878 -0.8153 0.5723
vn -0.2676 -0.7802 0.5654
vn -0.3164 -0.8390 0.4426
vn -0.1919 -0.8136 -0.5489
vn -0.3096 -0.6036 -0.7347
vn -0.3787 -0.6516 -0.6573
vn -0.0495 -0.8291 0.5569
vn -0.2150 -0.7179 -0.6621
vn -0.1439 -0.6990 -0.7005
vn -0.0879 -0.6236 -0.7767
vn -0.4820 -0.8714 0.0910
vn -0.4611 -0.8268 0.3222
vn 0.4643 0.6021 -0.6495
vn 0.2907 0.3935 -0.8721
vn -0.1828 -0.2934 0.9384
vn 0.0405 0.0483 0.9980
vn 0.6156 0.7713 -0.1617
vn 0.5836 0.7390 -0.3367
vn 0.1038 0.1535 -0.9827
vn -0.0862 -0.1183 -0.9892
vn -0.2832 -0.4481 -0.8479
vn -0.4293 -0.7465 -0.5083
vn -0.4676 -0.8394 -0.2770
vn 0.3935 0.5049 0.7683
vn 0.5454 0.6854 0.4824
vn 0.2207 0.2917 0.9307
vn -0.3616 -0.6154 0.7004
vn 0.5922 0.7393 0.3206
vn 0.0400 0.0438 0.9982
vn 0.2465 0.2634 0.9327
vn 0.6449 0.6833 -0.3423
vn 0.5180 0.5502 -0.6550
vn 0.6003 0.6345 0.4869
vn 0.6508 0.6865 0.3243
vn -0.4890 -0.5190 0.7011
vn -0.2382 -0.2523 0.9379
vn -0.3665 -0.3890 -0.8452
vn -0.5926 -0.6294 -0.5027
vn 0.3303 0.3524 -0.8756
vn -0.6830 -0.7244 0.0940
vn -0.6494 -0.6883 0.3233
vn 0.1226 0.1315 -0.9837
vn -0.1035 -0.1091 -0.9886
vn 0.4350 0.4630 0.7723
vn 0.6795 0.7141 -0.1682
vn -0.6604 -0.6985 -0.2756
vn -0.8115 -0.5769 0.0933
vn -0.7731 -0.5465 0.3219
vn 0.1503 0.1066 -0.9829
vn -0.1156 -0.0842 -0.9897
vn -0.5804 -0.4133 0.7016
vn -0.4314 -0.3088 -0.8477
vn 0.2922 0.2094 0.9331
vn 0.5117 0.3668 0.7769
vn 0.7092 0.5035 0.4935
vn -0.2756 -0.1984 0.9406
vn 0.0551 0.0378 0.9978
vn 0.8038 0.5649 -0.1864
vn 0.7601 0.5436 -0.3561
vn -0.7064 -0.5018 -0.4992
vn -0.7895 -0.5538 -0.2646
vn 0.3911 0.2801 -0.8767
vn 0.6092 0.4361 -0.6623
vn 0.7688 0.5476 0.3302
vn 0.8680 0.4570 -0.1944
vn 0.8239 0.4338 -0.3646
vn -0.7887 -0.4153 -0.4532
vn -0.8562 -0.4508 -0.2525
vn 0.4090 0.2154 -0.8867
vn 0.1384 0.0729 -0.9877
vn 0.0221 0.0116 0.9997
vn 0.3044 0.1603 0.9390
vn 0.6536 0.3442 -0.6740
vn 0.7645 0.4025 0.5035
vn 0.8359 0.4402 0.3278
vn -0.6642 -0.3498 0.6606
vn -0.3520 -0.1854 0.9175
vn -0.5186 -0.2731 -0.8102
vn -0.8812 -0.4640 0.0908
vn -0.8458 -0.4454 0.2937
vn -0.1672 -0.0881 -0.9820
vn 0.5433 0.2861 0.7893
vt 0.182614 -0.608437
vt 0.177670 -0.608306
vt 0.177529 -0.602080
vt 0.185621 -0.607529
vt 0.171200 -0.606925
vt 0.173392 -0.608083
vt 0.067147 -0.960833
vt 0.062590 -0.960780
vt 0.062590 -0.955093
vt 0.070625 -0.959535
vt 0.057205 -0.959388
vt 0.059042 -0.960516
vt 0.163230 -0.545534
vt 0.159986 -0.545566
vt 0.159986 -0.541035
vt 0.165330 -0.544651
vt 0.154753 -0.544315
vt 0.156297 -0.545322
vt 0.156179 -0.449509
vt 0.158881 -0.443952
vt 0.158881 -0.449029
vt 0.153585 -0.448695
vt 0.161389 -0.449102
vt 0.165027 -0.447196
vt 0.110661 -0.478923
vt 0.113342 -0.480757
vt 0.107082 -0.478408
vt 0.104845 -0.478276
vt 0.107082 -0.483668
vt 0.102948 -0.479437
vt 0.135717 -0.537844
vt 0.132743 -0.543437
vt 0.132743 -0.538085
vt 0.137988 -0.538877
vt 0.130081 -0.538275
vt 0.128090 -0.539561
vt 0.027189 -0.948341
vt 0.024143 -0.954040
vt 0.024143 -0.948643
vt 0.029506 -0.949367
vt 0.021441 -0.948865
vt 0.019408 -0.950194
vt 0.210322 -0.457216
vt 0.205374 -0.455899
vt 0.208545 -0.456140
vt 0.205375 -0.461395
vt 0.200748 -0.455852
vt 0.197339 -0.457124
vt 0.281499 -0.404104
vt 0.284775 -0.398119
vt 0.284775 -0.403820
vt 0.279257 -0.402992
vt 0.287251 -0.403619
vt 0.289250 -0.402239
vt 0.137448 -0.624077
vt 0.134653 -0.628320
vt 0.134907 -0.624284
vt 0.139350 -0.625005
vt 0.132543 -0.624444
vt 0.130879 -0.625589
vt 0.068044 -0.925890
vt 0.061259 -0.887730
vt 0.081598 -0.913635
vt 0.046146 -0.900124
vt 0.079391 -0.878171
vt 0.097004 -0.903765
vt 0.100303 -0.871102
vt 0.069635 -0.714934
vt 0.081995 -0.727935
vt 0.062777 -0.750626
vt 0.048057 -0.737878
vt 0.080410 -0.760958
vt 0.024532 -0.795209
vt 0.042962 -0.773857
vt 0.049448 -0.803200
vt 0.025188 -0.762575
vt 0.178632 -0.487672
vt 0.187749 -0.478176
vt 0.190711 -0.487672
vt 0.143783 -0.487672
vt 0.148101 -0.478176
vt 0.150526 -0.487672
vt 0.100959 -0.443169
vt 0.107082 -0.443169
vt 0.107082 -0.453063
vt 0.099661 -0.464736
vt 0.101972 -0.473327
vt 0.097333 -0.473327
vt 0.116601 -0.443169
vt 0.118725 -0.453063
vt 0.096470 -0.739037
vt 0.101124 -0.706462
vt 0.090696 -0.694065
vt 0.113070 -0.717013
vt 0.113104 -0.747795
vt 0.100208 -0.768855
vt 0.119459 -0.687697
vt 0.123348 -0.443169
vt 0.130699 -0.453063
vt 0.111337 -0.676020
vt 0.128883 -0.697477
vt 0.135633 -0.674017
vt 0.130018 -0.663112
vt 0.196176 -0.755937
vt 0.219917 -0.775843
vt 0.195186 -0.776964
vt 0.217995 -0.751633
vt 0.152413 -0.756997
vt 0.170206 -0.779401
vt 0.145490 -0.778377
vt 0.174180 -0.757777
vt 0.132147 -0.753419
vt 0.122161 -0.774344
vt 0.127208 -0.725099
vt 0.140073 -0.704998
vt 0.141384 -0.683458
vt 0.141179 -0.502239
vt 0.132743 -0.511521
vt 0.132743 -0.502239
vt 0.150896 -0.664943
vt 0.149285 -0.654766
vt 0.149698 -0.690307
vt 0.151211 -0.673687
vt 0.163604 -0.653510
vt 0.195707 -0.711436
vt 0.215153 -0.728160
vt 0.196310 -0.731667
vt 0.124865 -0.511521
vt 0.123430 -0.502239
vt 0.166471 -0.713356
vt 0.178044 -0.733797
vt 0.160086 -0.733736
vt 0.180828 -0.713985
vt 0.024143 -0.912276
vt 0.024143 -0.921774
vt 0.016170 -0.921774
vt 0.017123 -0.912276
vt 0.152720 -0.710363
vt 0.143080 -0.730685
vt 0.210828 -0.706759
vt 0.158166 -0.677046
vt 0.161991 -0.665291
vt 0.171218 -0.698475
vt 0.159941 -0.695573
vt 0.194256 -0.694523
vt 0.182960 -0.698556
vt 0.205869 -0.689537
vt 0.172083 -0.668489
vt 0.166796 -0.680785
vt 0.182918 -0.687599
vt 0.189323 -0.679909
vt 0.196686 -0.671381
vt 0.176551 -0.656535
vt 0.175626 -0.685293
vt 0.006481 -0.921774
vt 0.008788 -0.912276
vt 0.181335 -0.673020
vt 0.187350 -0.662766
vt 0.215016 -0.423586
vt 0.224834 -0.423586
vt 0.217688 -0.433177
vt 0.058195 -0.849092
vt 0.083627 -0.843461
vt 0.021621 -0.838117
vt 0.043410 -0.829923
vt 0.038023 -0.858382
vt 0.205375 -0.423586
vt 0.193437 -0.433177
vt 0.196078 -0.423586
vt 0.175436 -0.891306
vt 0.171651 -0.869032
vt 0.195539 -0.872190
vt 0.133984 -0.892027
vt 0.122877 -0.867142
vt 0.146986 -0.866627
vt 0.154580 -0.890559
vt 0.229496 -0.433177
vt 0.186388 -0.423586
vt 0.114442 -0.896334
vt 0.196814 -0.935535
vt 0.196896 -0.915069
vt 0.215207 -0.919044
vt 0.211509 -0.940542
vt 0.278641 -0.437603
vt 0.284775 -0.427965
vt 0.284775 -0.437603
vt 0.292515 -0.427965
vt 0.290661 -0.437603
vt 0.142839 -0.591603
vt 0.134653 -0.600492
vt 0.134653 -0.591603
vt 0.126890 -0.600492
vt 0.125938 -0.591603
vt 0.196439 -0.893585
vt 0.218943 -0.875015
vt 0.217610 -0.896643
vt 0.113383 -0.927139
vt 0.127984 -0.919692
vt 0.144292 -0.914920
vt 0.023604 -0.871344
vt 0.195308 -0.952650
vt 0.206137 -0.957852
vt 0.181997 -0.932269
vt 0.183951 -0.948424
vt 0.100684 -0.937033
vt 0.153288 -0.934498
vt 0.161332 -0.912814
vt 0.128456 -0.946831
vt 0.140105 -0.939405
vt 0.189703 -0.968208
vt 0.183729 -0.960726
vt 0.196163 -0.975747
vt 0.119011 -0.956840
vt 0.171495 -0.947999
vt 0.167268 -0.932122
vt 0.178852 -0.912871
vt 0.140541 -0.961974
vt 0.149832 -0.955405
vt 0.089357 -0.949044
vt 0.146572 -0.576384
vt 0.131841 -0.576384
vt 0.147294 -0.567132
vt 0.181580 -0.974926
vt 0.175654 -0.962434
vt 0.174064 -0.576384
vt 0.171675 -0.567132
vt 0.189650 -0.576384
vt 0.186919 -0.984464
vt 0.134600 -0.971348
vt 0.135462 -0.567132
vt 0.160335 -0.950427
vt 0.110488 -0.968520
vt 0.172208 -0.979309
vt 0.184625 -0.567132
vt 0.175975 -0.990680
vt 0.150772 -0.972719
vt 0.166946 -0.966940
vt 0.129331 -0.982611
vt 0.162998 -0.993252
vt 0.158130 -0.969649
vt 0.150048 -0.981265
vt 0.148784 -0.991732
vt 0.161910 -0.982076
vt 0.050766 -0.993872
vt 0.037380 -0.993872
vt 0.049253 -0.984478
vt 0.073979 -0.993872
vt 0.074953 -0.984478
vt 0.087547 -0.993872
vt 0.036830 -0.984478
vt 0.088333 -0.984478
vt 0.161399 -0.642658
vt 0.147073 -0.642658
vt 0.163991 -0.633770
vt 0.188956 -0.642658
vt 0.188710 -0.633770
vt 0.204003 -0.642658
vt 0.151448 -0.633770
vt 0.201404 -0.633770
vt 0.177529 -0.615884
vt 0.185517 -0.615884
vt 0.193298 -0.615884
vt 0.197721 -0.624867
vt 0.177529 -0.624867
vt 0.169765 -0.615884
vt 0.162930 -0.615884
vt 0.156182 -0.624867
vt 0.187203 -0.624867
vt 0.166754 -0.624867
vt 0.177529 -0.633770
vt 0.177529 -0.642658
vt 0.062590 -0.967425
vt 0.070549 -0.967425
vt 0.077958 -0.967425
vt 0.084019 -0.975792
vt 0.062590 -0.975792
vt 0.055173 -0.967425
vt 0.048638 -0.967425
vt 0.040880 -0.975792
vt 0.073100 -0.975792
vt 0.051806 -0.975792
vt 0.062590 -0.984478
vt 0.062590 -0.993872
vt 0.159986 -0.551140
vt 0.166516 -0.551140
vt 0.173018 -0.551140
vt 0.180135 -0.558741
vt 0.159986 -0.558741
vt 0.152668 -0.551140
vt 0.146722 -0.551140
vt 0.139334 -0.558741
vt 0.169362 -0.558741
vt 0.149587 -0.558741
vt 0.159986 -0.567132
vt 0.159986 -0.576384
vt 0.005649 -0.848216
vt 0.219612 -0.855784
vt 0.111135 -0.842585
vt 0.168091 -0.848332
vt 0.138523 -0.843989
vt 0.194213 -0.852633
vt 0.071206 -0.825264
vt 0.132056 -0.828056
vt 0.103034 -0.825620
vt 0.219636 -0.841143
vt 0.165521 -0.832749
vt 0.193635 -0.838280
vt 0.139759 -0.795384
vt 0.113029 -0.792612
vt 0.194206 -0.794506
vt 0.166918 -0.796767
vt 0.219602 -0.794798
vt 0.135646 -0.810447
vt 0.087616 -0.788606
vt 0.105475 -0.809224
vt 0.194462 -0.807009
vt 0.165855 -0.810147
vt 0.076117 -0.806609
vt 0.219095 -0.808015
vt 0.064222 -0.782743
vt 0.006251 -0.783056
vt 0.158881 -0.465762
vt 0.158881 -0.455942
vt 0.168612 -0.465762
vt 0.152650 -0.455942
vt 0.173570 -0.478176
vt 0.149763 -0.465762
vt 0.158881 -0.478176
vt 0.165445 -0.455942
vt 0.158881 -0.487672
vt 0.138588 -0.478176
vt 0.142635 -0.465762
vt 0.180707 -0.465762
vt 0.173089 -0.455942
vt 0.147742 -0.455942
vt 0.097935 -0.453063
vt 0.094504 -0.443169
vt 0.089903 -0.453063
vt 0.092461 -0.464736
vt 0.107082 -0.464736
vt 0.116797 -0.464736
vt 0.107082 -0.473328
vt 0.113940 -0.473327
vt 0.127260 -0.464736
vt 0.121540 -0.473328
vt 0.132743 -0.530929
vt 0.139835 -0.521686
vt 0.138049 -0.530929
vt 0.132743 -0.521686
vt 0.128219 -0.530929
vt 0.146809 -0.521686
vt 0.141160 -0.511521
vt 0.148676 -0.511521
vt 0.143528 -0.530929
vt 0.126540 -0.521686
vt 0.122877 -0.530929
vt 0.150523 -0.502239
vt 0.118483 -0.521686
vt 0.115196 -0.511521
vt 0.112124 -0.502239
vt 0.024143 -0.941289
vt 0.031387 -0.932025
vt 0.029523 -0.941289
vt 0.024143 -0.932025
vt 0.019557 -0.941289
vt 0.038462 -0.932025
vt 0.032931 -0.921774
vt 0.040995 -0.921774
vt 0.035058 -0.941289
vt 0.017891 -0.932025
vt 0.014133 -0.941289
vt 0.031320 -0.912276
vt 0.038112 -0.912276
vt 0.009784 -0.932025
vt 0.205374 -0.433177
vt 0.215342 -0.441504
vt 0.205375 -0.441504
vt 0.195098 -0.441504
vt 0.212193 -0.450462
vt 0.225747 -0.441504
vt 0.218453 -0.450462
vt 0.184678 -0.441504
vt 0.197481 -0.450462
vt 0.190362 -0.450462
vt 0.205374 -0.450462
vt 0.180785 -0.433177
vt 0.284775 -0.411046
vt 0.276824 -0.419493
vt 0.279137 -0.411046
vt 0.284775 -0.419494
vt 0.289611 -0.411046
vt 0.269338 -0.419494
vt 0.275038 -0.427965
vt 0.266625 -0.427965
vt 0.273527 -0.411046
vt 0.291254 -0.419493
vt 0.295575 -0.411046
vt 0.273958 -0.437603
vt 0.300219 -0.419494
vt 0.302653 -0.427965
vt 0.297409 -0.437603
vt 0.134653 -0.617829
vt 0.141225 -0.609395
vt 0.139534 -0.617829
vt 0.134653 -0.609395
vt 0.130331 -0.617829
vt 0.147836 -0.609395
vt 0.142443 -0.600492
vt 0.149924 -0.600492
vt 0.144450 -0.617829
vt 0.128430 -0.609395
vt 0.125166 -0.617829
vt 0.151422 -0.591603
vt 0.120535 -0.609395
vt 0.117904 -0.600492
vt 0.115202 -0.591603
s 0
usemtl Material.001
f 1113/871/900 1114/872/900 1115/873/900
f 1113/871/901 1115/873/901 1117/874/901
f 1120/875/902 1115/873/902 1114/872/902
f 1120/875/903 1114/872/903 1119/876/903
f 1131/877/904 1132/878/904 1133/879/904
f 1131/877/905 1133/879/905 1135/880/905
f 1138/881/906 1133/879/906 1132/878/906
f 1138/881/907 1132/878/907 1137/882/907
f 1149/883/908 1150/884/908 1151/885/908
f 1149/883/909 1151/885/909 1153/886/909
f 1156/887/910 1151/885/910 1150/884/910
f 1156/887/911 1150/884/911 1155/888/911
f 1201/889/912 1210/890/912 1202/891/912
f 1201/889/913 1211/892/913 1210/890/913
f 1206/893/914 1202/891/914 1212/894/914
f 1212/894/915 1202/891/915 1210/890/915
f 1225/895/916 1227/896/916 1224/897/916
f 1222/898/917 1228/899/917 1226/900/917
f 1222/898/918 1224/897/918 1228/899/918
f 1228/899/919 1224/897/919 1227/896/919
f 1233/901/920 1240/902/920 1235/903/920
f 1233/901/921 1242/904/921 1240/902/921
f 1235/903/922 1240/902/922 1236/905/922
f 1240/902/923 1245/906/923 1236/905/923
f 1254/907/924 1261/908/924 1256/909/924
f 1254/907/925 1263/910/925 1261/908/925
f 1256/909/926 1261/908/926 1257/911/926
f 1261/908/927 1267/912/927 1257/911/927
f 1280/913/928 1285/914/928 1282/915/928
f 1280/913/929 1286/916/929 1285/914/929
f 1287/917/930 1286/916/930 1284/918/930
f 1287/917/931 1285/914/931 1286/916/931
f 1292/919/932 1299/920/932 1294/921/932
f 1292/919/933 1301/922/933 1299/920/933
f 1294/921/934 1299/920/934 1295/923/934
f 1299/920/935 1304/924/935 1295/923/935
f 1313/925/936 1320/926/936 1315/927/936
f 1313/925/937 1322/928/937 1320/926/937
f 1315/927/938 1320/926/938 1316/929/938
f 1320/926/939 1325/930/939 1316/929/939
s 1
f 914/931/940 915/932/941 916/933/942
f 914/931/940 917/934/943 915/932/941
f 916/933/942 915/932/941 918/935/944
f 916/933/942 918/935/944 919/936/945
f 919/936/945 918/935/944 920/937/946
f 921/938/947 922/939/948 923/940/949
f 921/938/947 923/940/949 924/941/950
f 922/939/948 925/942/951 923/940/949
f 926/943/952 927/944/953 928/945/954
f 924/941/950 927/944/953 929/946/955
f 924/941/950 923/940/949 927/944/953
f 930/947/956 931/948/957 932/949/958
f 933/950/959 934/951/960 935/952/961
f 936/953/962 937/954/963 938/955/964
f 939/956/965 940/957/966 941/958/967
f 937/954/963 942/959/968 943/960/969
f 944/961/970 925/942/951 922/939/948
f 945/962/971 944/961/970 922/939/948
f 946/963/972 922/939/948 921/938/947
f 946/963/972 945/962/971 922/939/948
f 947/964/973 944/961/970 945/962/971
f 948/965/974 944/961/970 947/964/973
f 948/965/974 949/966/975 944/961/970
f 950/967/976 947/964/973 945/962/971
f 942/959/968 951/968/977 952/969/978
f 953/970/979 945/962/971 946/963/972
f 953/970/979 950/967/976 945/962/971
f 954/971/980 947/964/973 950/967/976
f 955/972/981 954/971/980 950/967/976
f 956/973/982 950/967/976 953/970/979
f 956/973/982 955/972/981 950/967/976
f 957/974/983 958/975/984 959/976/985
f 960/977/986 958/975/984 957/974/983
f 961/978/987 962/979/988 963/980/989
f 964/981/990 959/976/985 962/979/988
f 964/981/990 962/979/988 961/978/987
f 964/981/990 957/974/983 959/976/985
f 965/982/991 966/983/992 948/965/974
f 965/982/991 963/980/989 966/983/992
f 965/982/991 948/965/974 967/984/993
f 965/982/991 961/978/987 963/980/989
f 968/985/994 967/984/993 954/971/980
f 969/986/995 954/971/980 955/972/981
f 969/986/995 968/985/994 954/971/980
f 970/987/996 971/988/997 972/989/998
f 973/990/999 955/972/981 956/973/982
f 974/991/1000 973/990/999 956/973/982
f 975/992/1001 968/985/994 969/986/995
f 976/993/1002 969/986/995 955/972/981
f 976/993/1002 955/972/981 973/990/999
f 976/993/1002 975/992/1001 969/986/995
f 977/994/1003 973/990/999 974/991/1000
f 978/995/1004 979/996/1005 980/997/1006
f 972/989/998 981/998/1007 982/999/1008
f 983/1000/1009 984/1001/1010 985/1002/1011
f 986/1003/1012 980/997/1006 984/1001/1010
f 986/1003/1012 984/1001/1010 983/1000/1009
f 986/1003/1012 978/995/1004 980/997/1006
f 987/1004/1013 988/1005/1014 989/1006/1015
f 987/1004/1013 989/1006/1015 990/1007/1016
f 991/1008/1017 992/1009/1018 968/985/994
f 991/1008/1017 985/1002/1011 992/1009/1018
f 991/1008/1017 968/985/994 975/992/1001
f 991/1008/1017 983/1000/1009 985/1002/1011
f 993/1010/1019 979/996/1005 978/995/1004
f 994/1011/1020 975/992/1001 976/993/1002
f 995/1012/1021 976/993/1002 973/990/999
f 995/1012/1021 994/1011/1020 976/993/1002
f 995/1012/1021 973/990/999 977/994/1003
f 996/1013/1022 986/1003/1012 983/1000/1009
f 997/1014/1023 983/1000/1009 991/1008/1017
f 997/1014/1023 991/1008/1017 975/992/1001
f 997/1014/1023 996/1013/1022 983/1000/1009
f 997/1014/1023 975/992/1001 994/1011/1020
f 998/1015/1024 993/1010/1019 978/995/1004
f 999/1016/1025 978/995/1004 986/1003/1012
f 999/1016/1025 998/1015/1024 978/995/1004
f 999/1016/1025 986/1003/1012 996/1013/1022
f 1000/1017/1026 993/1010/1019 998/1015/1024
f 1001/1018/1027 995/1012/1021 977/994/1003
f 1002/1019/1028 994/1011/1020 995/1012/1021
f 1002/1019/1028 997/1014/1023 994/1011/1020
f 1002/1019/1028 995/1012/1021 1001/1018/1027
f 1002/1019/1028 996/1013/1022 997/1014/1023
f 1003/1020/1029 998/1015/1024 999/1016/1025
f 1004/1021/1030 1000/1017/1026 998/1015/1024
f 1004/1021/1030 998/1015/1024 1003/1020/1029
f 1004/1021/1030 1005/1022/1031 1000/1017/1026
f 1006/1023/1032 1001/1018/1027 977/994/1003
f 1007/1024/1033 999/1016/1025 996/1013/1022
f 1007/1024/1033 996/1013/1022 1002/1019/1028
f 990/1007/1016 989/1006/1015 1008/1025/1034
f 990/1007/1016 1008/1025/1034 1009/1026/1035
f 1007/1024/1033 1003/1020/1029 999/1016/1025
f 1007/1024/1033 1002/1019/1028 1001/1018/1027
f 1010/1027/1036 1011/1028/1037 1005/1022/1031
f 1010/1027/1036 1005/1022/1031 1004/1021/1030
f 1010/1027/1036 1006/1023/1032 1011/1028/1037
f 1012/1029/1038 1013/1030/1039 1014/1031/1040
f 1010/1027/1036 1004/1021/1030 1003/1020/1029
f 1010/1027/1036 1001/1018/1027 1006/1023/1032
f 1010/1027/1036 1003/1020/1029 1007/1024/1033
f 1010/1027/1036 1007/1024/1033 1001/1018/1027
f 918/935/944 1015/1032/1041 1016/1033/1042
f 1017/1034/1043 1018/1035/1044 1019/1036/1045
f 1020/1037/1046 1021/1038/1047 1022/1039/1048
f 915/932/941 1015/1032/1041 918/935/944
f 915/932/941 1019/1036/1045 1015/1032/1041
f 1023/1040/1049 1024/1041/1050 1025/1042/1051
f 1026/1043/1052 1027/1044/1053 1028/1045/1054
f 1029/1046/1055 1028/1045/1054 1024/1041/1050
f 1013/1030/1039 1030/1047/1056 1014/1031/1040
f 1029/1046/1055 1026/1043/1052 1028/1045/1054
f 1029/1046/1055 1024/1041/1050 1023/1040/1049
f 1022/1039/1048 1021/1038/1047 1031/1048/1057
f 1032/1049/1058 920/937/946 1027/1044/1053
f 1032/1049/1058 919/936/945 920/937/946
f 1032/1049/1058 1027/1044/1053 1026/1043/1052
f 1033/1050/1059 1034/1051/1060 1035/1052/1061
f 1033/1050/1059 1035/1052/1061 1036/1053/1062
f 1037/1054/1063 1038/1055/1064 1039/1056/1065
f 1039/1056/1065 1040/1057/1066 1041/1058/1067
f 1042/1059/1068 1043/1060/1069 1044/1061/1070
f 1044/1061/1070 1045/1062/1071 1046/1063/1072
f 1047/1064/1073 1025/1042/1051 1048/1065/1074
f 1047/1064/1073 1048/1065/1074 1049/1066/1075
f 1047/1064/1073 1023/1040/1049 1025/1042/1051
f 1047/1064/1073 1049/1066/1075 1034/1051/1060
f 1050/1067/1076 919/936/945 1032/1049/1058
f 1051/1068/1077 1032/1049/1058 1026/1043/1052
f 1051/1068/1077 1050/1067/1076 1032/1049/1058
f 1051/1068/1077 1026/1043/1052 1052/1069/1078
f 917/934/943 1053/1070/1079 1019/1036/1045
f 917/934/943 1019/1036/1045 915/932/941
f 1054/1071/1080 1033/1050/1059 1036/1053/1062
f 1055/1072/1081 1054/1071/1080 1036/1053/1062
f 1056/1073/1082 1034/1051/1060 1033/1050/1059
f 1057/1074/1083 1056/1073/1082 1033/1050/1059
f 1058/1075/1084 919/936/945 1050/1067/1076
f 1058/1075/1084 916/933/942 919/936/945
f 1059/1076/1085 1052/1069/1078 1060/1077/1086
f 1061/1078/1087 1050/1067/1076 1051/1068/1077
f 1062/1079/1088 1051/1068/1077 1052/1069/1078
f 1062/1079/1088 1061/1078/1087 1051/1068/1077
f 1062/1079/1088 1052/1069/1078 1059/1076/1085
f 1063/1080/1089 1054/1071/1080 1055/1072/1081
f 1064/1081/1090 1054/1071/1080 1063/1080/1089
f 1064/1081/1090 1057/1074/1083 1054/1071/1080
f 1065/1082/1091 1063/1080/1089 1055/1072/1081
f 1066/1083/1092 1050/1067/1076 1061/1078/1087
f 1066/1083/1092 1058/1075/1084 1050/1067/1076
f 1067/1084/1093 1056/1073/1082 1057/1074/1083
f 1068/1085/1094 1060/1077/1086 1069/1086/1095
f 1068/1085/1094 1069/1086/1095 1056/1073/1082
f 1068/1085/1094 1059/1076/1085 1060/1077/1086
f 1068/1085/1094 1056/1073/1082 1067/1084/1093
f 1070/1087/1096 1061/1078/1087 1062/1079/1088
f 1071/1088/1097 1070/1087/1096 1062/1079/1088
f 1071/1088/1097 1062/1079/1088 1059/1076/1085
f 1072/1089/1098 914/931/940 916/933/942
f 1072/1089/1098 916/933/942 1058/1075/1084
f 1073/1090/1099 1074/1091/1100 1075/1092/1101
f 1076/1093/1102 1064/1081/1090 1063/1080/1089
f 1077/1094/1103 1057/1074/1083 1064/1081/1090
f 1077/1094/1103 1064/1081/1090 1076/1093/1102
f 1077/1094/1103 1067/1084/1093 1057/1074/1083
f 1078/1095/1104 1079/1096/1105 1080/1097/1106
f 1081/1098/1107 1063/1080/1089 1065/1082/1091
f 1081/1098/1107 1076/1093/1102 1063/1080/1089
f 1082/1099/1108 1066/1083/1092 1061/1078/1087
f 1082/1099/1108 1061/1078/1087 1070/1087/1096
f 1074/1091/1100 1083/1100/1109 1075/1092/1101
f 1084/1101/1110 1059/1076/1085 1068/1085/1094
f 1084/1101/1110 1071/1088/1097 1059/1076/1085
f 1084/1101/1110 1068/1085/1094 1067/1084/1093
f 1085/1102/1111 1072/1089/1098 1058/1075/1084
f 1085/1102/1111 1058/1075/1084 1066/1083/1092
f 1086/1103/1112 1077/1094/1103 1076/1093/1102
f 1080/1097/1106 1079/1096/1105 1087/1104/1113
f 1088/1105/1114 1076/1093/1102 1081/1098/1107
f 1088/1105/1114 1086/1103/1112 1076/1093/1102
f 1089/1106/1115 1082/1099/1108 1070/1087/1096
f 1089/1106/1115 1070/1087/1096 1071/1088/1097
f 1090/1107/1116 1067/1084/1093 1077/1094/1103
f 1090/1107/1116 1077/1094/1103 1086/1103/1112
f 1090/1107/1116 1084/1101/1110 1067/1084/1093
f 1091/1108/1117 1085/1102/1111 1066/1083/1092
f 1091/1108/1117 1066/1083/1092 1082/1099/1108
f 1092/1109/1118 1086/1103/1112 1088/1105/1114
f 1093/1110/1119 1071/1088/1097 1084/1101/1110
f 1093/1110/1119 1089/1106/1115 1071/1088/1097
f 1093/1110/1119 1084/1101/1110 1090/1107/1116
f 1094/1111/1120 1091/1108/1117 1082/1099/1108
f 1094/1111/1120 1095/1112/1121 1091/1108/1117
f 1094/1111/1120 1082/1099/1108 1089/1106/1115
f 1096/1113/1122 1090/1107/1116 1086/1103/1112
f 1096/1113/1122 1086/1103/1112 1092/1109/1118
f 1097/1114/1123 1098/1115/1124 1099/1116/1125
f 1096/1113/1122 1093/1110/1119 1090/1107/1116
f 1096/1113/1122 1092/1109/1118 1095/1112/1121
f 1096/1113/1122 1089/1106/1115 1093/1110/1119
f 1096/1113/1122 1095/1112/1121 1094/1111/1120
f 1100/1117/1126 1101/1118/1127 1102/1119/1128
f 1096/1113/1122 1094/1111/1120 1089/1106/1115
f 1098/1115/1124 1103/1120/1129 1099/1116/1125
f 1102/1119/1128 1101/1118/1127 1104/1121/1130
f 1105/1122/1131 1106/1123/1132 1107/1124/1133
f 1108/1125/1134 1109/1126/1135 1110/1127/1136
f 1106/1123/1132 1111/1128/1137 1107/1124/1133
f 1110/1127/1136 1109/1126/1135 1112/1129/1138
f 1057/1074/1083 1033/1050/1059 1054/1071/1080
f 1113/871/1139 1116/1130/1140 1114/872/1141
f 1118/1131/1142 1116/1130/1140 1113/871/1139
f 1118/1131/1142 1113/871/1139 1117/874/1143
f 1119/876/1144 1114/872/1141 1116/1130/1140
f 1121/1132/1145 1118/1131/1142 1117/874/1143
f 1112/1129/1138 1109/1126/1135 1122/1133/1146
f 1123/1134/1147 1116/1130/1140 1118/1131/1142
f 1124/1135/1148 1119/876/1144 1116/1130/1140
f 1124/1135/1148 1120/875/1149 1119/876/1144
f 1124/1135/1148 1116/1130/1140 1123/1134/1147
f 1124/1135/1148 1125/1136/1150 1120/875/1149
f 1107/1124/1133 1111/1128/1137 1126/1137/1151
f 1127/1138/1152 1121/1132/1145 1122/1133/1146
f 1127/1138/1152 1118/1131/1142 1121/1132/1145
f 1127/1138/1152 1122/1133/1146 1109/1126/1135
f 1127/1138/1152 1123/1134/1147 1118/1131/1142
f 1128/1139/1153 1126/1137/1151 1125/1136/1150
f 1128/1139/1153 1125/1136/1150 1124/1135/1148
f 1128/1139/1153 1107/1124/1133 1126/1137/1151
f 1128/1139/1153 1124/1135/1148 1123/1134/1147
f 1129/1140/1154 1127/1138/1152 1109/1126/1135
f 1129/1140/1154 1123/1134/1147 1127/1138/1152
f 1129/1140/1154 1109/1126/1135 1108/1125/1134
f 1129/1140/1154 1128/1139/1153 1123/1134/1147
f 1129/1140/1154 1108/1125/1134 1130/1141/1155
f 1129/1140/1154 1107/1124/1133 1128/1139/1153
f 1129/1140/1154 1130/1141/1155 1105/1122/1131
f 1129/1140/1154 1105/1122/1131 1107/1124/1133
f 1131/877/1156 1134/1142/1157 1132/878/1158
f 1136/1143/1159 1134/1142/1157 1131/877/1156
f 1136/1143/1159 1131/877/1156 1135/880/1160
f 1137/882/1161 1132/878/1158 1134/1142/1157
f 1139/1144/1162 1136/1143/1159 1135/880/1160
f 1104/1121/1130 1101/1118/1127 1140/1145/1163
f 1141/1146/1164 1134/1142/1157 1136/1143/1159
f 1142/1147/1165 1137/882/1161 1134/1142/1157
f 1142/1147/1165 1138/881/1166 1137/882/1161
f 1142/1147/1165 1134/1142/1157 1141/1146/1164
f 1142/1147/1165 1143/1148/1167 1138/881/1166
f 1099/1116/1125 1103/1120/1129 1144/1149/1168
f 1145/1150/1169 1139/1144/1162 1140/1145/1163
f 1145/1150/1169 1136/1143/1159 1139/1144/1162
f 1145/1150/1169 1140/1145/1163 1101/1118/1127
f 1145/1150/1169 1141/1146/1164 1136/1143/1159
f 1146/1151/1170 1144/1149/1168 1143/1148/1167
f 1146/1151/1170 1143/1148/1167 1142/1147/1165
f 1146/1151/1170 1099/1116/1125 1144/1149/1168
f 1146/1151/1170 1142/1147/1165 1141/1146/1164
f 1147/1152/1171 1145/1150/1169 1101/1118/1127
f 1147/1152/1171 1141/1146/1164 1145/1150/1169
f 1147/1152/1171 1101/1118/1127 1100/1117/1126
f 1147/1152/1171 1146/1151/1170 1141/1146/1164
f 1147/1152/1171 1100/1117/1126 1148/1153/1172
f 1147/1152/1171 1099/1116/1125 1146/1151/1170
f 1147/1152/1171 1148/1153/1172 1097/1114/1123
f 1147/1152/1171 1097/1114/1123 1099/1116/1125
f 1149/883/1173 1152/1154/1174 1150/884/1175
f 1154/1155/1176 1152/1154/1174 1149/883/1173
f 1154/1155/1176 1149/883/1173 1153/886/1177
f 1155/888/1178 1150/884/1175 1152/1154/1174
f 1157/1156/1179 1154/1155/1176 1153/886/1177
f 1087/1104/1113 1079/1096/1105 1158/1157/1180
f 1159/1158/1181 1152/1154/1174 1154/1155/1176
f 1160/1159/1182 1155/888/1178 1152/1154/1174
f 1160/1159/1182 1156/887/1183 1155/888/1178
f 1160/1159/1182 1152/1154/1174 1159/1158/1181
f 1160/1159/1182 1161/1160/1184 1156/887/1183
f 1075/1092/1101 1083/1100/1109 1162/1161/1185
f 1163/1162/1186 1157/1156/1179 1158/1157/1180
f 1163/1162/1186 1154/1155/1176 1157/1156/1179
f 1163/1162/1186 1158/1157/1180 1079/1096/1105
f 1163/1162/1186 1159/1158/1181 1154/1155/1176
f 1164/1163/1187 1162/1161/1185 1161/1160/1184
f 1164/1163/1187 1161/1160/1184 1160/1159/1182
f 1164/1163/1187 1075/1092/1101 1162/1161/1185
f 1164/1163/1187 1160/1159/1182 1159/1158/1181
f 1165/1164/1188 1163/1162/1186 1079/1096/1105
f 1165/1164/1188 1159/1158/1181 1163/1162/1186
f 1165/1164/1188 1079/1096/1105 1078/1095/1104
f 1165/1164/1188 1164/1163/1187 1159/1158/1181
f 1165/1164/1188 1078/1095/1104 1166/1165/1189
f 1165/1164/1188 1075/1092/1101 1164/1163/1187
f 1165/1164/1188 1166/1165/1189 1073/1090/1099
f 1165/1164/1188 1073/1090/1099 1075/1092/1101
f 1069/1086/1095 1034/1051/1060 1056/1073/1082
f 1069/1086/1095 1060/1077/1086 1023/1040/1049
f 1069/1086/1095 1047/1064/1073 1034/1051/1060
f 1069/1086/1095 1023/1040/1049 1047/1064/1073
f 1060/1077/1086 1029/1046/1055 1023/1040/1049
f 1060/1077/1086 1052/1069/1078 1029/1046/1055
f 1052/1069/1078 1026/1043/1052 1029/1046/1055
f 1035/1052/1061 1034/1051/1060 1049/1066/1075
f 1053/1070/1079 1017/1034/1043 1019/1036/1045
f 1053/1070/1079 1167/1166/1190 1017/1034/1043
f 1048/1065/1074 1025/1042/1051 1168/1167/1191
f 1019/1036/1045 1018/1035/1044 1015/1032/1041
f 920/937/946 1169/1168/1192 1027/1044/1053
f 920/937/946 918/935/944 1016/1033/1042
f 920/937/946 1016/1033/1042 1169/1168/1192
f 1028/1045/1054 1170/1169/1193 1024/1041/1050
f 1028/1045/1054 1027/1044/1053 1171/1170/1194
f 1028/1045/1054 1171/1170/1194 1170/1169/1193
f 1027/1044/1053 1169/1168/1192 1171/1170/1194
f 1025/1042/1051 1172/1171/1195 1168/1167/1191
f 1025/1042/1051 1024/1041/1050 1172/1171/1195
f 1024/1041/1050 1170/1169/1193 1172/1171/1195
f 1018/1035/1044 1173/1172/1196 1015/1032/1041
f 1015/1032/1041 1173/1172/1196 1016/1033/1042
f 1169/1168/1192 1174/1173/1197 1171/1170/1194
f 1169/1168/1192 1016/1033/1042 1175/1174/1198
f 1169/1168/1192 1175/1174/1198 1174/1173/1197
f 1175/1174/1198 1016/1033/1042 1173/1172/1196
f 1168/1167/1191 1172/1171/1195 1176/1175/1199
f 1170/1169/1193 1171/1170/1194 1177/1176/1200
f 1170/1169/1193 1178/1177/1201 1172/1171/1195
f 1170/1169/1193 1177/1176/1200 1178/1177/1201
f 1178/1177/1201 1176/1175/1199 1172/1171/1195
f 1177/1176/1200 1171/1170/1194 1174/1173/1197
f 992/1009/1018 985/1002/1011 961/978/987
f 992/1009/1018 967/984/993 968/985/994
f 992/1009/1018 961/978/987 965/982/991
f 992/1009/1018 965/982/991 967/984/993
f 984/1001/1010 980/997/1006 957/974/983
f 984/1001/1010 964/981/990 985/1002/1011
f 984/1001/1010 957/974/983 964/981/990
f 985/1002/1011 964/981/990 961/978/987
f 979/996/1005 960/977/986 980/997/1006
f 980/997/1006 960/977/986 957/974/983
f 967/984/993 948/965/974 947/964/973
f 967/984/993 947/964/973 954/971/980
f 966/983/992 963/980/989 1179/1178/1202
f 966/983/992 949/966/975 948/965/974
f 966/983/992 1179/1178/1202 1180/1179/1203
f 966/983/992 1180/1179/1203 949/966/975
f 962/979/988 959/976/985 1181/1180/1204
f 962/979/988 1182/1181/1205 963/980/989
f 962/979/988 1181/1180/1204 1182/1181/1205
f 963/980/989 1182/1181/1205 1179/1178/1202
f 958/975/984 1183/1182/1206 959/976/985
f 959/976/985 1183/1182/1206 1181/1180/1204
f 1180/1179/1203 1179/1178/1202 1184/1183/1207
f 1180/1179/1203 1185/1184/1208 949/966/975
f 1180/1179/1203 1184/1183/1207 1186/1185/1209
f 1180/1179/1203 1186/1185/1209 1185/1184/1208
f 1182/1181/1205 1181/1180/1204 1187/1186/1210
f 1182/1181/1205 1188/1187/1211 1179/1178/1202
f 1182/1181/1205 1187/1186/1210 1188/1187/1211
f 1188/1187/1211 1184/1183/1207 1179/1178/1202
f 1181/1180/1204 1183/1182/1206 1187/1186/1210
f 949/966/975 1185/1184/1208 925/942/951
f 949/966/975 925/942/951 944/961/970
f 1186/1185/1209 1189/1188/1212 1185/1184/1208
f 1183/1182/1206 1190/1189/1213 1187/1186/1210
f 1189/1188/1212 1191/1190/1214 1185/1184/1208
f 1189/1188/1212 928/945/954 1191/1190/1214
f 925/942/951 1191/1190/1214 923/940/949
f 925/942/951 1185/1184/1208 1191/1190/1214
f 1191/1190/1214 928/945/954 927/944/953
f 1191/1190/1214 927/944/953 923/940/949
f 929/946/955 927/944/953 926/943/952
f 929/946/955 926/943/952 1192/1191/1215
f 1193/1192/1216 1194/1193/1217 1195/1194/1218
f 1193/1192/1216 1196/1195/1219 1194/1193/1217
f 1193/1192/1216 1195/1194/1218 1197/1196/1220
f 1193/1192/1216 1198/1197/1221 1196/1195/1219
f 1193/1192/1216 1197/1196/1220 1199/1198/1222
f 1193/1192/1216 934/951/960 1198/1197/1221
f 1193/1192/1216 1199/1198/1222 934/951/960
f 1194/1193/1217 1200/1199/1223 1195/1194/1218
f 1194/1193/1217 1196/1195/1219 1201/889/1224
f 1194/1193/1217 1202/891/1225 1200/1199/1223
f 1194/1193/1217 1201/889/1224 1202/891/1225
f 1197/1196/1220 1203/1200/1226 1199/1198/1222
f 1197/1196/1220 1195/1194/1218 931/948/957
f 1197/1196/1220 930/947/956 1203/1200/1226
f 1197/1196/1220 931/948/957 930/947/956
f 1198/1197/1221 934/951/960 1204/1201/1227
f 1198/1197/1221 1205/1202/1228 1196/1195/1219
f 1198/1197/1221 1204/1201/1227 1205/1202/1228
f 1200/1199/1223 1202/891/1225 1206/893/1229
f 1200/1199/1223 1207/1203/1230 1195/1194/1218
f 1200/1199/1223 1206/893/1229 1208/1204/1231
f 1200/1199/1223 1208/1204/1231 1207/1203/1230
f 1207/1203/1230 931/948/957 1195/1194/1218
f 1201/889/1224 1196/1195/1219 1209/1205/1232
f 1201/889/1224 1209/1205/1232 1211/892/1233
f 1209/1205/1232 1196/1195/1219 1205/1202/1228
f 1199/1198/1222 1203/1200/1226 935/952/961
f 1199/1198/1222 935/952/961 934/951/960
f 1204/1201/1227 934/951/960 933/950/959
f 1206/893/1229 1212/894/1234 1208/1204/1231
f 1213/1206/1235 1214/1207/1236 936/953/962
f 1213/1206/1235 1215/1208/1237 1214/1207/1236
f 1213/1206/1235 936/953/962 938/955/964
f 1213/1206/1235 1216/1209/1238 1215/1208/1237
f 1213/1206/1235 938/955/964 1217/1210/1239
f 1213/1206/1235 939/956/965 1216/1209/1238
f 1213/1206/1235 1217/1210/1239 939/956/965
f 1216/1209/1238 939/956/965 941/958/967
f 1217/1210/1239 938/955/964 943/960/969
f 1217/1210/1239 940/957/966 939/956/965
f 1217/1210/1239 943/960/969 1218/1211/1240
f 1217/1210/1239 1219/1212/1241 940/957/966
f 1217/1210/1239 1218/1211/1240 1219/1212/1241
f 938/955/964 937/954/963 943/960/969
f 1218/1211/1240 1220/1213/1242 1219/1212/1241
f 1218/1211/1240 943/960/969 952/969/978
f 1218/1211/1240 1221/1214/1243 1220/1213/1242
f 1218/1211/1240 952/969/978 1221/1214/1243
f 940/957/966 1222/898/1244 941/958/967
f 940/957/966 1219/1212/1241 1222/898/1244
f 943/960/969 942/959/968 952/969/978
f 1220/1213/1242 1221/1214/1243 1223/1215/1245
f 1220/1213/1242 1224/897/1246 1219/1212/1241
f 1220/1213/1242 1223/1215/1245 1225/895/1247
f 1220/1213/1242 1225/895/1247 1224/897/1246
f 1219/1212/1241 1224/897/1246 1222/898/1244
f 941/958/967 1222/898/1244 1226/900/1248
f 1223/1215/1245 1227/896/1249 1225/895/1247
f 1229/1216/1250 1230/1217/1251 1231/1218/1252
f 1229/1216/1250 1232/1219/1253 1230/1217/1251
f 1229/1216/1250 1231/1218/1252 1233/901/1254
f 1229/1216/1250 1234/1220/1255 1232/1219/1253
f 1229/1216/1250 1233/901/1254 1235/903/1256
f 1229/1216/1250 1236/905/1257 1234/1220/1255
f 1229/1216/1250 1235/903/1256 1236/905/1257
f 1230/1217/1251 1237/1221/1258 1231/1218/1252
f 1230/1217/1251 1232/1219/1253 1238/1222/1259
f 1230/1217/1251 1239/1223/1260 1237/1221/1258
f 1230/1217/1251 1238/1222/1259 1239/1223/1260
f 1233/901/1254 1231/1218/1252 1241/1224/1261
f 1233/901/1254 1241/1224/1261 1242/904/1262
f 1241/1224/1261 1231/1218/1252 1237/1221/1258
f 1234/1220/1255 1243/1225/1263 1232/1219/1253
f 1234/1220/1255 1236/905/1257 1244/1226/1264
f 1234/1220/1255 1244/1226/1264 1243/1225/1263
f 1238/1222/1259 970/987/996 1239/1223/1260
f 1238/1222/1259 1232/1219/1253 971/988/997
f 1238/1222/1259 971/988/997 970/987/996
f 1232/1219/1253 1243/1225/1263 971/988/997
f 1236/905/1257 1245/906/1265 1244/1226/1264
f 1239/1223/1260 970/987/996 1246/1227/1266
f 1243/1225/1263 981/998/1007 971/988/997
f 1243/1225/1263 1244/1226/1264 1247/1228/1267
f 1243/1225/1263 1247/1228/1267 981/998/1007
f 971/988/997 981/998/1007 972/989/998
f 1247/1228/1267 1248/1229/1268 981/998/1007
f 981/998/1007 1248/1229/1268 982/999/1008
f 1248/1229/1268 1249/1230/1269 982/999/1008
f 1250/1231/1270 1251/1232/1271 1252/1233/1272
f 1250/1231/1270 1253/1234/1273 1251/1232/1271
f 1250/1231/1270 1252/1233/1272 1254/907/1274
f 1250/1231/1270 1255/1235/1275 1253/1234/1273
f 1250/1231/1270 1254/907/1274 1256/909/1276
f 1250/1231/1270 1257/911/1277 1255/1235/1275
f 1250/1231/1270 1256/909/1276 1257/911/1277
f 1251/1232/1271 1258/1236/1278 1252/1233/1272
f 1251/1232/1271 1253/1234/1273 1259/1237/1279
f 1251/1232/1271 1260/1238/1280 1258/1236/1278
f 1251/1232/1271 1259/1237/1279 1260/1238/1280
f 1254/907/1274 1252/1233/1272 1262/1239/1281
f 1254/907/1274 1262/1239/1281 1263/910/1282
f 1262/1239/1281 1252/1233/1272 1258/1236/1278
f 1255/1235/1275 1264/1240/1283 1253/1234/1273
f 1255/1235/1275 1257/911/1277 1265/1241/1284
f 1255/1235/1275 1265/1241/1284 1264/1240/1283
f 1259/1237/1279 1266/1242/1285 1260/1238/1280
f 1259/1237/1279 1253/1234/1273 988/1005/1014
f 1259/1237/1279 987/1004/1013 1266/1242/1285
f 1259/1237/1279 988/1005/1014 987/1004/1013
f 1253/1234/1273 1264/1240/1283 988/1005/1014
f 1257/911/1277 1267/912/1286 1265/1241/1284
f 1260/1238/1280 1266/1242/1285 1268/1243/1287
f 988/1005/1014 1264/1240/1283 989/1006/1015
f 1265/1241/1284 1269/1244/1288 1264/1240/1283
f 1264/1240/1283 1269/1244/1288 989/1006/1015
f 1008/1025/1034 989/1006/1015 1269/1244/1288
f 1270/1245/1289 1012/1029/1038 1014/1031/1040
f 1270/1245/1289 1020/1037/1046 1012/1029/1038
f 1270/1245/1289 1014/1031/1040 1271/1246/1290
f 1270/1245/1289 1021/1038/1047 1020/1037/1046
f 1270/1245/1289 1271/1246/1290 1272/1247/1291
f 1270/1245/1289 1273/1248/1292 1021/1038/1047
f 1270/1245/1289 1272/1247/1291 1273/1248/1292
f 1271/1246/1290 1274/1249/1293 1272/1247/1291
f 1271/1246/1290 1014/1031/1040 1275/1250/1294
f 1271/1246/1290 1276/1251/1295 1274/1249/1293
f 1271/1246/1290 1275/1250/1294 1276/1251/1295
f 1273/1248/1292 1277/1252/1296 1021/1038/1047
f 1273/1248/1292 1272/1247/1291 1278/1253/1297
f 1273/1248/1292 1279/1254/1298 1277/1252/1296
f 1273/1248/1292 1278/1253/1297 1279/1254/1298
f 1014/1031/1040 1030/1047/1056 1275/1250/1294
f 1274/1249/1293 1276/1251/1295 1280/913/1299
f 1274/1249/1293 1281/1255/1300 1272/1247/1291
f 1274/1249/1293 1280/913/1299 1282/915/1301
f 1274/1249/1293 1282/915/1301 1281/1255/1300
f 1272/1247/1291 1281/1255/1300 1278/1253/1297
f 1277/1252/1296 1283/1256/1302 1021/1038/1047
f 1021/1038/1047 1283/1256/1302 1031/1048/1057
f 1279/1254/1298 1278/1253/1297 1284/918/1303
f 1282/915/1301 1285/914/1304 1281/1255/1300
f 1278/1253/1297 1287/917/1305 1284/918/1303
f 1278/1253/1297 1281/1255/1300 1287/917/1305
f 1287/917/1305 1281/1255/1300 1285/914/1304
f 1288/1257/1306 1289/1258/1307 1290/1259/1308
f 1288/1257/1306 1291/1260/1309 1289/1258/1307
f 1288/1257/1306 1290/1259/1308 1292/919/1310
f 1288/1257/1306 1293/1261/1311 1291/1260/1309
f 1288/1257/1306 1292/919/1310 1294/921/1312
f 1288/1257/1306 1295/923/1313 1293/1261/1311
f 1288/1257/1306 1294/921/1312 1295/923/1313
f 1289/1258/1307 1296/1262/1314 1290/1259/1308
f 1289/1258/1307 1291/1260/1309 1297/1263/1315
f 1289/1258/1307 1298/1264/1316 1296/1262/1314
f 1289/1258/1307 1297/1263/1315 1298/1264/1316
f 1292/919/1310 1290/1259/1308 1300/1265/1317
f 1292/919/1310 1300/1265/1317 1301/922/1318
f 1300/1265/1317 1290/1259/1308 1296/1262/1314
f 1293/1261/1311 1302/1266/1319 1291/1260/1309
f 1293/1261/1311 1295/923/1313 1303/1267/1320
f 1293/1261/1311 1303/1267/1320 1302/1266/1319
f 1297/1263/1315 1037/1054/1063 1298/1264/1316
f 1297/1263/1315 1291/1260/1309 1038/1055/1064
f 1297/1263/1315 1038/1055/1064 1037/1054/1063
f 1291/1260/1309 1302/1266/1319 1038/1055/1064
f 1295/923/1313 1304/924/1321 1303/1267/1320
f 1298/1264/1316 1037/1054/1063 1305/1268/1322
f 1302/1266/1319 1040/1057/1066 1038/1055/1064
f 1302/1266/1319 1303/1267/1320 1306/1269/1323
f 1302/1266/1319 1306/1269/1323 1040/1057/1066
f 1038/1055/1064 1040/1057/1066 1039/1056/1065
f 1306/1269/1323 1307/1270/1324 1040/1057/1066
f 1040/1057/1066 1307/1270/1324 1041/1058/1067
f 1307/1270/1324 1308/1271/1325 1041/1058/1067
f 1309/1272/1326 1310/1273/1327 1311/1274/1328
f 1309/1272/1326 1312/1275/1329 1310/1273/1327
f 1309/1272/1326 1311/1274/1328 1313/925/1330
f 1309/1272/1326 1314/1276/1331 1312/1275/1329
f 1309/1272/1326 1313/925/1330 1315/927/1332
f 1309/1272/1326 1316/929/1333 1314/1276/1331
f 1309/1272/1326 1315/927/1332 1316/929/1333
f 1310/1273/1327 1317/1277/1334 1311/1274/1328
f 1310/1273/1327 1312/1275/1329 1318/1278/1335
f 1310/1273/1327 1319/1279/1336 1317/1277/1334
f 1310/1273/1327 1318/1278/1335 1319/1279/1336
f 1313/925/1330 1311/1274/1328 1321/1280/1337
f 1313/925/1330 1321/1280/1337 1322/928/1338
f 1321/1280/1337 1311/1274/1328 1317/1277/1334
f 1314/1276/1331 1323/1281/1339 1312/1275/1329
f 1314/1276/1331 1316/929/1333 1324/1282/1340
f 1314/1276/1331 1324/1282/1340 1323/1281/1339
f 1318/1278/1335 1042/1059/1068 1319/1279/1336
f 1318/1278/1335 1312/1275/1329 1043/1060/1069
f 1318/1278/1335 1043/1060/1069 1042/1059/1068
f 1312/1275/1329 1323/1281/1339 1043/1060/1069
f 1316/929/1333 1325/930/1341 1324/1282/1340
f 1319/1279/1336 1042/1059/1068 1326/1283/1342
f 1323/1281/1339 1045/1062/1071 1043/1060/1069
f 1323/1281/1339 1324/1282/1340 1327/1284/1343
f 1323/1281/1339 1327/1284/1343 1045/1062/1071
f 1043/1060/1069 1045/1062/1071 1044/1061/1070
f 1327/1284/1343 1328/1285/1344 1045/1062/1071
f 1045/1062/1071 1328/1285/1344 1046/1063/1072
f 1328/1285/1344 1329/1286/1345 1046/1063/1072
f 1187/1186/1210 1190/1189/1213 1346/1189/1346 1343/1186/1347
f 1173/1172/1196 1018/1035/1044 1333/1035/1348 1335/1172/1349
f 1186/1185/1209 1184/1183/1207 1341/1183/1350 1342/1185/1351
f 1017/1034/1043 1167/1166/1190 1334/1166/1352 1332/1034/1353
f 1174/1173/1197 1175/1174/1198 1337/1174/1354 1336/1173/1355
f 1178/1177/1201 1177/1176/1200 1339/1176/1356 1340/1177/1357
f 1176/1175/1199 1178/1177/1201 1340/1177/1357 1338/1175/1358
f 1177/1176/1200 1174/1173/1197 1336/1173/1355 1339/1176/1356
f 1175/1174/1198 1173/1172/1196 1335/1172/1349 1337/1174/1354
f 926/943/952 928/945/954 1331/945/1359 1330/943/1360
f 1018/1035/1044 1017/1034/1043 1332/1034/1353 1333/1035/1348
f 1189/1188/1212 1186/1185/1209 1342/1185/1351 1345/1188/1361
f 1188/1187/1211 1187/1186/1210 1343/1186/1347 1344/1187/1362
f 928/945/954 1189/1188/1212 1345/1188/1361 1331/945/1359
f 1192/1191/1215 926/943/952 1330/943/1360 1347/1191/1363
f 1184/1183/1207 1188/1187/1211 1344/1187/1362 1341/1183/1350
f 1345/1188/1361 1342/1185/1351 1360/1185/1364 1363/1188/1365
f 1333/1035/1348 1332/1034/1353 1350/1034/1366 1351/1035/1367
f 1347/1191/1363 1330/943/1360 1348/943/1368 1365/1191/1369
f 1341/1183/1350 1344/1187/1362 1362/1187/1370 1359/1183/1371
f 1340/1177/1357 1339/1176/1356 1357/1176/1372 1358/1177/1373
f 1335/1172/1349 1333/1035/1348 1351/1035/1367 1353/1172/1374
f 1343/1186/1347 1346/1189/1346 1364/1189/1375 1361/1186/1376
f 1336/1173/1355 1337/1174/1354 1355/1174/1377 1354/1173/1378
f 1344/1187/1362 1343/1186/1347 1361/1186/1376 1362/1187/1370
f 1339/1176/1356 1336/1173/1355 1354/1173/1378 1357/1176/1372
f 1331/945/1359 1345/1188/1361 1363/1188/1365 1349/945/1379
f 1330/943/1360 1331/945/1359 1349/945/1379 1348/943/1368
f 1342/1185/1351 1341/1183/1350 1359/1183/1371 1360/1185/1364
f 1332/1034/1353 1334/1166/1352 1352/1166/1380 1350/1034/1366
f 1338/1175/1358 1340/1177/1357 1358/1177/1373 1356/1175/1381
f 1337/1174/1354 1335/1172/1349 1353/1172/1374 1355/1174/1377
f 1361/1186/1376 1364/1189/1375 1382/1189/1382 1379/1186/1383
f 1354/1173/1378 1355/1174/1377 1373/1174/1384 1372/1173/1385
f 1362/1187/1370 1361/1186/1376 1379/1186/1383 1380/1187/1386
f 1357/1176/1372 1354/1173/1378 1372/1173/1385 1375/1176/1387
f 1349/945/1379 1363/1188/1365 1381/1188/1388 1367/945/1389
f 1348/943/1368 1349/945/1379 1367/945/1389 1366/943/1390
f 1360/1185/1364 1359/1183/1371 1377/1183/1391 1378/1185/1392
f 1350/1034/1366 1352/1166/1380 1370/1166/1393 1368/1034/1394
f 1356/1175/1381 1358/1177/1373 1376/1177/1395 1374/1175/1396
f 1355/1174/1377 1353/1172/1374 1371/1172/1397 1373/1174/1384
f 1363/1188/1365 1360/1185/1364 1378/1185/1392 1381/1188/1388
f 1351/1035/1367 1350/1034/1366 1368/1034/1394 1369/1035/1398
f 1365/1191/1369 1348/943/1368 1366/943/1390 1383/1191/1399
f 1359/1183/1371 1362/1187/1370 1380/1187/1386 1377/1183/1391
f 1358/1177/1373 1357/1176/1372 1375/1176/1387 1376/1177/1395
f 1353/1172/1374 1351/1035/1367 1369/1035/1398 1371/1172/1397
f 1368/1034/1394 1370/1166/1393 1388/1166/1400 1386/1034/1401
f 1374/1175/1396 1376/1177/1395 1394/1177/1402 1392/1175/1403
f 1373/1174/1384 1371/1172/1397 1389/1172/1404 1391/1174/1405
f 1381/1188/1388 1378/1185/1392 1396/1185/1406 1399/1188/1407
f 1369/1035/1398 1368/1034/1394 1386/1034/1401 1387/1035/1408
f 1383/1191/1399 1366/943/1390 1384/943/1409 1401/1191/1410
f 1377/1183/1391 1380/1187/1386 1398/1187/1411 1395/1183/1412
f 1376/1177/1395 1375/1176/1387 1393/1176/1413 1394/1177/1402
f 1371/1172/1397 1369/1035/1398 1387/1035/1408 1389/1172/1404
f 1379/1186/1383 1382/1189/1382 1400/1189/1414 1397/1186/1415
f 1372/1173/1385 1373/1174/1384 1391/1174/1405 1390/1173/1416
f 1380/1187/1386 1379/1186/1383 1397/1186/1415 1398/1187/1411
f 1375/1176/1387 1372/1173/1385 1390/1173/1416 1393/1176/1413
f 1367/945/1389 1381/1188/1388 1399/1188/1407 1385/945/1417
f 1366/943/1390 1367/945/1389 1385/945/1417 1384/943/1409
f 1378/1185/1392 1377/1183/1391 1395/1183/1412 1396/1185/1406
o Foot
v 12.022461 -12.084724 23.543686
v 14.511959 -13.081875 27.151487
v 15.093060 -13.808863 21.439287
v 8.976063 -13.808865 25.660288
v 17.802959 -14.767365 24.876186
v 16.449062 -18.716852 20.484785
v 11.227562 -14.767366 29.413485
v 20.385662 -20.169788 35.642483
v 19.673763 -20.629877 34.620682
v 20.796856 -20.044157 33.532383
v 7.602364 -18.716856 26.589285
v 18.257870 -20.044157 35.284382
v 20.037060 -20.561808 33.235981
v 17.297863 -21.168776 31.177485
v 19.033459 -20.659977 30.086584
v 20.323772 -19.660837 29.703085
v 18.180859 -16.275728 32.456985
v 18.250256 -20.561808 34.468884
v 17.166866 -20.571125 25.314684
v 18.781658 -19.254185 24.200886
v 14.845669 -19.660837 33.483185
v 14.514370 -21.344246 27.143583
v 18.781658 -19.254185 24.200886
v 15.279659 -20.303074 21.291584
v 16.449062 -18.716852 20.484785
v 15.662060 -20.659977 32.412884
v 10.248863 -19.254187 30.088785
v 12.025661 -21.378445 23.536884
v 11.863163 -20.571127 28.974386
v 20.041470 -17.761606 30.639986
v 10.248863 -19.254187 30.088785
v 8.771664 -20.303076 25.782284
v 7.602364 -18.716856 26.589285
v 0.006664 -20.372318 42.147480
v 0.001064 -20.832409 40.902184
v 1.543461 -20.246689 40.644279
v -1.541336 -20.246689 40.644279
v 15.821774 -17.761606 33.551685
v 1.086464 -20.764338 39.968781
v 0.001064 -21.371298 36.718880
v 2.049164 -20.862509 36.806580
v 3.328964 -19.863369 37.223782
v -1.084339 -20.764339 39.968781
v 3.222961 -20.773657 31.818983
v 5.184563 -19.456707 31.819288
v -3.326836 -19.863369 37.223782
v 20.458462 -19.201668 33.391384
v 0.001064 -21.546778 31.817686
v 3.954563 -20.505606 27.435783
v 5.375362 -18.919374 27.435886
v -2.047039 -20.862509 36.806580
v 20.323772 -19.660837 29.703085
v 0.001064 -21.580975 27.435783
v -3.220837 -20.773657 31.818983
v -5.182438 -19.456707 31.819288
v -3.952438 -20.505606 27.435783
v 18.246166 -19.201668 34.917980
v -5.373234 -18.919376 27.435886
v -20.448137 -20.330797 35.773380
v -19.745438 -20.790888 34.745281
v -18.329437 -20.205168 35.408981
v -20.868437 -20.205168 33.656982
v -18.321938 -20.722818 34.593483
v -17.369537 -21.329786 31.302084
v -15.733738 -20.820988 32.537582
v -14.917236 -19.821848 33.607784
v 14.845669 -19.660837 33.483185
v -20.108736 -20.722818 33.360584
v -11.934837 -20.732136 29.098986
v -10.320538 -19.415195 30.213385
v -20.395437 -19.821846 29.827684
v -14.586037 -21.505255 27.268185
v -8.843338 -20.464085 25.906883
v 20.044262 -19.198418 35.157482
v -7.674038 -18.877865 26.713886
v -19.105137 -20.820986 30.211187
v -12.097336 -21.539454 23.661484
v -17.238636 -20.732136 25.439283
v -18.853336 -19.415194 24.325485
v -15.351437 -20.464083 21.416185
v -16.520836 -18.877863 20.609386
v 20.796856 -20.044157 33.532383
v 18.257870 -20.044157 35.284382
v 20.385662 -20.169788 35.642483
v 0.001064 -11.686425 27.435886
v 0.001064 -12.683576 31.819288
v 3.717064 -14.011395 27.451485
v -3.714935 -14.011395 27.451485
v 3.995564 -14.969886 31.819387
v 5.375362 -18.919374 27.435886
v -3.993439 -14.969886 31.819387
v -5.373234 -18.919376 27.435886
v 0.001064 -16.478258 38.273384
v 5.184563 -19.456707 31.819288
v -5.182438 -19.456707 31.819288
v 2.564461 -17.964140 37.834682
v -2.562336 -17.964140 37.834682
v 1.344963 -19.404188 40.336082
v 3.328964 -19.863369 37.223782
v -1.342838 -19.404188 40.336082
v -3.326836 -19.863369 37.223782
v 0.001064 -19.400938 41.554382
v 1.543461 -20.246689 40.644279
v -1.541336 -20.246689 40.644279
v 0.006664 -20.372318 42.147480
v -12.106037 -12.120224 23.659586
v -14.595535 -13.117416 27.267487
v -9.047737 -13.969875 25.784885
v -15.164837 -13.969874 21.563885
v -11.299232 -14.928376 29.538088
v -7.674038 -18.877865 26.713886
v -17.874737 -14.928375 25.000885
v -16.520836 -18.877863 20.609386
v -18.252537 -16.436737 32.581684
v -10.320538 -19.415195 30.213385
v -18.853336 -19.415194 24.325485
v -15.893436 -17.922619 33.676384
v -20.113136 -17.922617 30.764685
v -18.317738 -19.362679 35.042580
v -14.917236 -19.821848 33.607784
v -20.530136 -19.362679 33.516083
v -20.395437 -19.821846 29.827684
v -20.115837 -19.359428 35.282082
v -18.329437 -20.205168 35.408981
v -20.868437 -20.205168 33.656982
v -20.448137 -20.330797 35.773380
v 0.012760 -14.858732 -27.323111
v -7.465237 -14.957952 -26.178114
v 0.012760 -9.748413 -26.308411
v 0.012760 -19.750254 -25.993216
v -7.425041 -9.958512 -25.197910
v 0.012760 -4.619215 -21.876812
v -7.353142 -5.019216 -21.067612
v 0.012760 -1.106616 -13.784108
v -7.272640 -19.728304 -24.905214
v 0.012760 -21.571783 -22.280214
v -14.006142 -10.299414 -22.193314
v -14.187241 -15.131264 -22.840815
v -7.489639 -1.728915 -13.479108
v -13.688442 -6.307914 -19.457211
v -6.845341 -21.572784 -21.412214
v -19.061041 -10.318814 -17.555912
v -13.809940 -19.620214 -21.790712
v -14.390141 -3.475617 -12.682010
v -19.693140 -15.142774 -17.753111
v -12.894440 -21.576176 -18.972315
v -17.947041 -7.632316 -16.477512
v -20.356741 -6.534719 -11.552011
v -19.228239 -19.453615 -17.066214
v -22.614740 -9.911816 -11.588413
v -23.546440 -14.917907 -11.530514
v -17.708839 -21.571787 -15.409816
v -23.049040 -19.283236 -10.972514
v -20.689640 -21.571787 -10.062114
v 0.012764 -13.699036 33.496887
v 0.012764 -9.082027 31.182987
v -8.077335 -13.872456 32.363083
v 0.012764 -19.453068 32.518585
v -7.759537 -19.466698 31.462286
v 7.785061 -19.466696 31.462286
v 8.102863 -13.872456 32.363083
v 0.012764 -19.453068 32.518585
v -20.689640 -21.571787 -10.062114
v -17.631542 -22.559025 -3.129225
v -22.640940 -21.573149 -3.814864
v 0.012764 -13.699036 33.496887
v 20.715160 -21.571787 -10.062114
v 17.734356 -21.571787 -15.409816
v 23.074558 -19.283236 -10.972514
v 0.012764 -9.082027 31.182987
v -16.346642 -22.481140 -8.582213
v -14.629341 -22.455284 -12.294013
v -17.708839 -21.571787 -15.409816
v 7.945164 -9.019726 30.014786
v 19.253765 -19.453615 -17.066214
v -11.146740 -22.615917 -8.742614
v 12.919960 -21.576176 -18.972315
v 23.571957 -14.917907 -11.530514
v 25.995159 -14.693678 -4.480213
v 13.835457 -19.620214 -21.790712
v 22.640255 -9.955216 -11.588413
v 24.829060 -9.587718 -4.559292
v -11.412941 -22.615915 -14.359614
v 6.870857 -21.572784 -21.412214
v 19.718555 -15.142774 -17.753111
v 7.298161 -19.728304 -24.905214
v 19.086460 -10.187315 -17.555912
v 20.382259 -6.534719 -11.552011
v -12.894440 -21.576176 -18.972315
v 22.077457 -5.760020 -4.564011
v 0.012760 -21.571783 -22.280214
v 14.212765 -15.131264 -22.840815
v 17.972561 -7.632316 -16.477512
v 14.415661 -3.475617 -12.682010
v 0.012760 -19.750254 -25.993216
v 14.031658 -10.259315 -22.193314
v 0.012760 -1.106616 -13.784108
v 7.515160 -1.728915 -13.479108
v 7.378658 -5.019216 -21.067612
v -6.217640 -22.615915 -16.152014
v -5.866543 -22.615917 -9.396815
v -5.864841 -22.615917 -3.105155
v -6.845341 -21.572784 -21.412214
v 13.713959 -6.307914 -19.457211
v 7.490765 -14.957952 -26.178114
v 0.012760 -4.619215 -21.876812
v 0.012760 -22.615917 -9.557614
v 7.450558 -9.958512 -25.197910
v 0.012760 -22.615915 -16.768114
v 0.012760 -21.571783 -22.280214
v 0.012760 -14.858732 -27.323111
v 0.012760 -9.748413 -26.308411
v 6.870857 -21.572784 -21.412214
v 20.715160 -21.571787 -10.062114
v 16.372158 -22.481140 -8.582213
v 14.654858 -22.455284 -12.294013
v 17.734356 -21.571787 -15.409816
v 17.657055 -22.559025 -3.129225
v 11.438457 -22.615915 -14.359614
v 5.892059 -22.615917 -9.396815
v 0.012760 -22.615917 -3.153045
v 5.890358 -22.615917 -3.105155
v 11.172260 -22.615917 -8.742614
v 6.243160 -22.615915 -16.152014
v 11.567558 -22.615917 -2.953726
v 12.919960 -21.576176 -18.972315
v 16.454769 -22.543423 14.463085
v 11.397766 -22.615896 14.990086
v 11.637959 -22.615910 9.035545
v 15.071774 -22.455250 18.447386
v 11.880768 -22.615881 21.020483
v 18.294659 -21.571753 21.407185
v 13.546364 -21.571745 25.655884
v 6.043858 -22.615915 3.066240
v 0.012760 -22.615915 3.079000
v 6.412663 -22.615883 22.774084
v 5.959862 -22.615896 15.658585
v 5.955158 -22.615910 9.203335
v 11.739357 -22.615915 3.023646
v 17.535862 -22.576159 8.989185
v 21.128658 -21.571762 15.914686
v 7.154163 -21.571747 28.238983
v 18.018261 -22.542645 2.938729
v 22.845158 -21.574871 9.576656
v 0.012764 -22.615896 15.871384
v 0.012760 -22.615910 9.210964
v 23.136158 -21.573360 2.913893
v 22.666462 -21.573149 -3.814864
v 0.012764 -22.615883 23.524485
v -5.934338 -22.615896 15.658585
v -5.929741 -22.615910 9.203335
v 0.012764 -21.571747 29.077085
v -11.372234 -22.615896 14.990084
v -11.612442 -22.615910 9.035545
v -6.018341 -22.615915 3.066239
v -6.387138 -22.615883 22.774084
v -7.128635 -21.571747 28.238983
v -15.046234 -22.455252 18.447384
v -16.429234 -22.543423 14.463084
v -17.510342 -22.576159 8.989185
v -11.542042 -22.615917 -2.953726
v 7.761257 0.087480 -5.446500
v 15.131260 -1.744620 -5.023860
v 0.012760 0.692480 -5.612760
v -11.855236 -22.615881 21.020483
v 7.769558 0.365080 2.638226
v 0.012760 0.908678 2.580210
v 15.364460 -1.406919 2.855774
v -13.520836 -21.571745 25.655884
v -21.103138 -21.571762 15.914684
v 7.563560 -0.615323 10.434911
v 0.012760 -0.133023 10.468550
v 14.878857 -1.964522 10.432090
v 22.674458 -5.304821 2.928074
v 21.592060 -5.315122 10.335718
v -11.713840 -22.615915 3.023646
v 7.330261 -2.423325 17.742788
v 0.012764 -1.948924 18.009588
v 14.195766 -3.589425 17.401791
v 19.988659 -5.844624 16.857590
v -18.269136 -21.571754 21.407185
v 7.392864 -5.059128 24.527388
v 0.012764 -4.778328 25.297388
v 13.819862 -5.753225 22.857887
v 18.168056 -6.676425 21.196688
v 25.845356 -9.374920 2.832408
v 25.201260 -9.108921 10.186498
v -22.819738 -21.574871 9.576656
v 19.818768 -9.105624 22.786886
v 14.584057 -8.983525 26.927486
v 23.155666 -9.103024 17.044989
v -17.992741 -22.542645 2.938729
v 20.635967 -14.186694 23.635586
v 27.008259 -14.498430 2.842107
v 26.562962 -14.331502 10.136847
v 15.143566 -13.899476 28.793686
v 25.385761 -19.101997 -4.180713
v 24.391964 -14.292053 17.265388
v 22.666462 -21.573149 -3.814864
v -23.110640 -21.573360 2.913893
v 0.012764 -21.571747 29.077085
v 14.633358 -19.328966 28.122486
v 26.450558 -19.089230 2.903474
v 25.800961 -19.177393 9.967985
v 7.154163 -21.571747 28.238983
v 20.005962 -19.232115 23.043486
v 23.664761 -19.260092 16.833086
v 23.136158 -21.573360 2.913893
v 22.845158 -21.574871 9.576656
v 13.546364 -21.571745 25.655884
v 18.294659 -21.571753 21.407185
v 21.128658 -21.571762 15.914686
v -21.103138 -21.571762 15.914684
v -18.269136 -21.571754 21.407185
v -23.639236 -19.260092 16.833086
v -22.819738 -21.574871 9.576656
v -13.520836 -21.571745 25.655884
v -19.980436 -19.232115 23.043486
v -25.775438 -19.177393 9.967985
v -7.128635 -21.571747 28.238983
v -14.607838 -19.328966 28.122486
v -23.110640 -21.573360 2.913893
v -24.366438 -14.292054 17.265387
v -26.425041 -19.089230 2.903474
v -26.537439 -14.331502 10.136847
v -20.610437 -14.186695 23.635586
v 0.012764 -21.571747 29.077085
v -25.360239 -19.101997 -4.180713
v -26.982740 -14.498430 2.842107
v -15.118038 -13.899477 28.793686
v -14.558537 -8.983526 26.927486
v -23.130138 -9.059625 17.044987
v -22.640940 -21.573149 -3.814864
v -25.175739 -9.065422 10.186498
v -25.819841 -9.331420 2.832408
v -7.367336 -5.059128 24.527388
v -13.794338 -5.753225 22.857887
v -7.919636 -9.019726 30.014786
v -19.793234 -9.062225 22.786886
v -25.969641 -14.693678 -4.480213
v -21.566538 -5.315122 10.335718
v 0.012764 -4.778328 25.297388
v -14.170235 -3.589425 17.401789
v -18.142536 -6.676425 21.196688
v -19.963139 -5.844624 16.857590
v -22.648941 -5.304821 2.928074
v -24.803541 -9.544217 -4.559292
v -7.304836 -2.423325 17.742788
v -14.853340 -1.964522 10.432090
v 0.012764 -1.948924 18.009588
v -22.051941 -5.760020 -4.564011
v -15.338940 -1.406919 2.855774
v -7.538040 -0.615323 10.434911
v 0.012760 -0.133023 10.468550
v -15.105740 -1.744620 -5.023860
v -7.744041 0.365080 2.638226
v 0.012760 0.908678 2.580210
v -7.735741 0.087480 -5.446500
v 0.012760 0.692480 -5.612760
vn 0.4959 -0.8672 0.0450
vn -0.1323 -0.8661 0.4821
vn 0.5337 -0.8399 0.0987
vn -0.0971 -0.8399 0.5340
vn 0.3826 -0.8672 0.3187
vn -0.3827 -0.8661 0.3217
vn 0.3832 -0.8399 0.3844
vn -0.3832 -0.8399 0.3844
vn 0.1339 -0.8672 0.4796
vn -0.4977 -0.8661 0.0474
vn 0.0971 -0.8399 0.5340
vn -0.5337 -0.8399 0.0987
vn 0.8948 0.3944 0.2091
vn -0.1220 0.3944 0.9108
vn 0.8897 0.4115 0.1979
vn -0.1282 0.4066 0.9046
vn 0.6177 0.3944 0.6803
vn -0.6177 0.3944 0.6803
vn 0.6199 0.4115 0.6681
vn -0.6193 0.4066 0.6717
vn 0.1220 0.3944 0.9108
vn -0.8948 0.3943 0.2092
vn 0.1307 0.4115 0.9020
vn -0.8912 0.4066 0.2011
vn -0.0000 -1.0000 -0.0000
vn 0.1255 0.9751 0.1829
vn 0.1799 0.9482 0.2618
vn 0.6440 0.7047 -0.2979
vn -0.5075 0.7042 0.4965
vn 0.7525 0.6258 -0.2051
vn 0.8119 0.2869 -0.5084
vn -0.4591 0.6254 0.6309
vn -0.7634 0.2869 0.5787
vn 0.4346 -0.9000 -0.0329
vn 0.1683 -0.9548 0.2449
vn 0.0406 -0.9974 0.0588
vn 0.4071 -0.9023 -0.1420
vn 0.5612 -0.8046 -0.1940
vn 0.3347 0.8080 0.4850
vn 0.5558 -0.8311 -0.0189
vn -0.1850 -0.9000 0.3946
vn 0.3665 -0.9113 -0.1879
vn 0.5211 -0.8059 -0.2811
vn -0.3806 -0.8046 0.4558
vn -0.2146 -0.8308 0.5136
vn 0.0129 -0.9997 0.0188
vn 0.8969 0.2522 -0.3634
vn 0.4141 -0.8560 -0.3096
vn 0.5843 -0.6664 -0.4631
vn -0.2772 -0.9023 0.3302
vn -0.6580 0.2522 0.7095
vn -0.0034 -1.0000 -0.0049
vn -0.3057 -0.9113 0.2759
vn 0.8830 0.4694 0.0004
vn -0.4478 -0.8059 0.3874
vn -0.4364 -0.8560 0.2773
vn -0.6404 -0.6664 0.3820
vn -0.3130 0.4694 0.8256
vn 0.3764 -0.9000 0.2197
vn -0.0005 -0.9548 0.2971
vn -0.0000 -0.9974 0.0714
vn 0.4157 -0.9023 0.1143
vn 0.5721 -0.8046 0.1590
vn 0.4682 -0.8311 0.3001
vn -0.3764 -0.9000 0.2197
vn 0.4084 -0.9113 0.0535
vn 0.5886 -0.8059 0.0646
vn -0.5721 -0.8046 0.1590
vn -0.4683 -0.8308 0.3008
vn 0.8734 0.4756 0.1044
vn -0.0000 -0.9997 0.0228
vn 0.5167 -0.8560 -0.0196
vn 0.7440 -0.6664 -0.0493
vn -0.4157 -0.9023 0.1143
vn 0.9551 0.2410 -0.1723
vn -0.0000 -1.0000 -0.0060
vn -0.4084 -0.9113 0.0535
vn -0.5886 -0.8059 0.0646
vn -0.5167 -0.8560 -0.0196
vn -0.2123 0.4756 0.8536
vn -0.7440 -0.6664 -0.0493
vn 0.1850 -0.9000 0.3946
vn -0.1692 -0.9548 0.2442
vn -0.0406 -0.9974 0.0588
vn 0.2772 -0.9023 0.3302
vn 0.3806 -0.8046 0.4558
vn -0.5000 0.2410 0.8318
vn 0.2149 -0.8311 0.5129
vn -0.4346 -0.9000 -0.0329
vn 0.3057 -0.9113 0.2759
vn 0.4478 -0.8059 0.3874
vn -0.5612 -0.8046 -0.1940
vn -0.5563 -0.8308 -0.0184
vn -0.0129 -0.9997 0.0188
vn 0.4364 -0.8560 0.2773
vn 0.4501 0.6083 0.6537
vn 0.6404 -0.6664 0.3820
vn -0.4071 -0.9023 -0.1420
vn 0.0034 -1.0000 -0.0049
vn -0.3665 -0.9113 -0.1879
vn -0.5211 -0.8059 -0.2811
vn -0.4141 -0.8560 -0.3096
vn -0.5844 -0.6664 -0.4631
vn 0.9182 0.3869 0.0845
vn -0.2465 0.3860 0.8890
vn -0.0000 0.9751 0.2218
vn -0.0000 0.9395 0.3425
vn 0.7455 0.6576 0.1086
vn -0.7455 0.6576 0.1086
vn 0.7665 0.5875 0.2596
vn 0.9570 0.2869 0.0427
vn -0.7665 0.5875 0.2596
vn -0.9570 0.2869 0.0427
vn -0.0000 0.7993 0.6009
vn 0.9446 0.2522 0.2103
vn -0.9446 0.2522 0.2103
vn 0.7265 0.4694 0.5018
vn -0.7265 0.4694 0.5018
vn 0.6596 0.4756 0.5820
vn 0.8840 0.2410 0.4006
vn -0.6596 0.4756 0.5820
vn -0.8840 0.2410 0.4006
vn -0.0008 0.6083 0.7937
vn 0.7078 0.3869 0.5910
vn -0.7078 0.3860 0.5917
vn -0.1266 0.9751 0.1821
vn -0.1842 0.9463 0.2655
vn 0.5169 0.6948 0.5001
vn -0.6515 0.6941 -0.3062
vn 0.4643 0.6177 0.6348
vn 0.7634 0.2869 0.5787
vn -0.7586 0.6172 -0.2090
vn -0.8120 0.2869 -0.5083
vn -0.3361 0.8061 0.4870
vn 0.6580 0.2522 0.7095
vn -0.8969 0.2522 -0.3634
vn 0.3130 0.4694 0.8256
vn -0.8830 0.4694 0.0004
vn 0.2123 0.4756 0.8536
vn 0.5000 0.2410 0.8318
vn -0.8734 0.4756 0.1045
vn -0.9551 0.2410 -0.1723
vn -0.4514 0.6083 0.6528
vn 0.2469 0.3869 0.8885
vn -0.9186 0.3859 0.0850
vn -0.1509 -0.0318 -0.9880
vn -0.2967 -0.0352 -0.9543
vn -0.1455 0.4284 -0.8918
vn -0.1181 -0.6145 -0.7801
vn -0.2728 0.4098 -0.8704
vn -0.1125 0.7940 -0.5974
vn -0.2102 0.7788 -0.5910
vn -0.0914 0.9471 -0.3078
vn -0.2350 -0.6061 -0.7599
vn -0.0652 -0.8927 -0.4460
vn -0.5140 0.3373 -0.7887
vn -0.5573 -0.0503 -0.8288
vn -0.1784 0.9339 -0.3098
vn -0.4231 0.6974 -0.5784
vn -0.1436 -0.8763 -0.4599
vn -0.7315 0.3091 -0.6078
vn -0.4585 -0.5581 -0.6916
vn -0.3752 0.8715 -0.3157
vn -0.7700 -0.0309 -0.6373
vn -0.3162 -0.8140 -0.4873
vn -0.6080 0.6197 -0.4962
vn -0.6471 0.6828 -0.3391
vn -0.6698 -0.4737 -0.5718
vn -0.8517 0.3455 -0.3940
vn -0.9051 0.0056 -0.4253
vn -0.5137 -0.7297 -0.4513
vn -0.8072 -0.4637 -0.3654
vn -0.6163 -0.7412 -0.2661
vn -0.1404 0.1462 0.9792
vn -0.1107 0.6291 0.7694
vn -0.2915 0.1323 0.9474
vn -0.1128 -0.5396 0.8343
vn -0.2449 -0.5359 0.8080
vn 0.2449 -0.5359 0.8080
vn 0.2915 0.1323 0.9474
vn 0.1128 -0.5396 0.8343
vn -0.1817 -0.9805 -0.0751
vn -0.1037 -0.9944 -0.0217
vn -0.1884 -0.9815 -0.0350
vn 0.1404 0.1462 0.9792
vn 0.6163 -0.7412 -0.2661
vn 0.5137 -0.7297 -0.4513
vn 0.8072 -0.4637 -0.3654
vn 0.1107 0.6291 0.7694
vn -0.1061 -0.9933 -0.0450
vn -0.1100 -0.9913 -0.0724
vn -0.1563 -0.9788 -0.1324
vn 0.2298 0.6207 0.7496
vn 0.6698 -0.4737 -0.5718
vn -0.0152 -0.9999 -0.0027
vn 0.3162 -0.8140 -0.4873
vn 0.9051 0.0063 -0.4252
vn 0.9723 0.0332 -0.2315
vn 0.4585 -0.5581 -0.6916
vn 0.8539 0.3426 -0.3918
vn 0.8919 0.3990 -0.2128
vn -0.0645 -0.9933 -0.0962
vn 0.1436 -0.8763 -0.4599
vn 0.7699 -0.0314 -0.6374
vn 0.2350 -0.6061 -0.7599
vn 0.7303 0.3155 -0.6059
vn 0.6486 0.6824 -0.3371
vn -0.0976 -0.9777 -0.1859
vn 0.6665 0.7269 -0.1652
vn 0.0652 -0.8927 -0.4460
vn 0.5577 -0.0503 -0.8285
vn 0.6024 0.6298 -0.4904
vn 0.3752 0.8715 -0.3157
vn 0.1181 -0.6145 -0.7801
vn 0.5128 0.3376 -0.7893
vn 0.0914 0.9471 -0.3078
vn 0.1784 0.9339 -0.3098
vn 0.2097 0.7791 -0.5908
vn -0.0253 -0.9943 -0.1034
vn -0.0452 -0.9812 -0.1877
vn 0.4211 0.7002 -0.5766
vn 0.2967 -0.0352 -0.9543
vn 0.1125 0.7940 -0.5974
vn 0.2721 0.4094 -0.8708
vn -0.0000 -0.9949 -0.1007
vn -0.0000 -0.9825 -0.1861
vn 0.1509 -0.0318 -0.9880
vn 0.1455 0.4284 -0.8918
vn 0.0452 -0.9812 -0.1877
vn 0.1817 -0.9805 -0.0751
vn 0.1061 -0.9933 -0.0450
vn 0.1100 -0.9913 -0.0724
vn 0.1563 -0.9788 -0.1324
vn 0.1037 -0.9944 -0.0217
vn 0.0645 -0.9933 -0.0962
vn 0.0152 -0.9999 -0.0027
vn 0.0253 -0.9943 -0.1034
vn 0.0067 -1.0000 -0.0025
vn 0.0976 -0.9777 -0.1858
vn 0.1029 -0.9939 0.0393
vn 0.0112 -0.9999 0.0035
vn 0.0043 -1.0000 0.0011
vn 0.1127 -0.9913 0.0676
vn 0.0691 -0.9930 0.0960
vn 0.1652 -0.9786 0.1229
vn 0.1022 -0.9786 0.1789
vn 0.0246 -0.9948 0.0988
vn 0.0050 -1.0000 -0.0004
vn 0.0998 -0.9949 0.0157
vn 0.1828 -0.9809 0.0666
vn 0.0448 -0.9824 0.1816
vn 0.1029 -0.9947 -0.0005
vn 0.1826 -0.9828 0.0283
vn 0.1873 -0.9823 -0.0013
vn 0.1884 -0.9815 -0.0350
vn -0.0000 -0.9950 0.0996
vn -0.0000 -0.9828 0.1848
vn -0.0112 -0.9999 0.0035
vn -0.0043 -1.0000 0.0011
vn -0.0246 -0.9948 0.0988
vn -0.0448 -0.9824 0.1816
vn -0.1127 -0.9913 0.0676
vn -0.1029 -0.9939 0.0393
vn -0.0998 -0.9949 0.0157
vn -0.0067 -1.0000 -0.0025
vn 0.1646 0.9777 -0.1301
vn 0.3731 0.9173 -0.1388
vn 0.0820 0.9889 -0.1237
vn -0.0691 -0.9930 0.0960
vn 0.1452 0.9886 0.0389
vn 0.0704 0.9963 0.0486
vn 0.3549 0.9348 0.0125
vn -0.1022 -0.9786 0.1789
vn -0.1828 -0.9809 0.0666
vn 0.1213 0.9753 0.1847
vn 0.0655 0.9807 0.1842
vn 0.3105 0.9363 0.1640
vn 0.6452 0.7638 -0.0164
vn 0.5922 0.7920 0.1483
vn -0.0050 -1.0000 -0.0004
vn 0.1239 0.9454 0.3014
vn 0.0725 0.9517 0.2984
vn 0.2664 0.9152 0.3025
vn 0.5423 0.7894 0.2876
vn -0.1652 -0.9786 0.1229
vn 0.1500 0.8691 0.4712
vn 0.0800 0.8730 0.4811
vn 0.2862 0.8345 0.4708
vn 0.4547 0.7622 0.4608
vn 0.9045 0.4247 -0.0397
vn 0.8699 0.4639 0.1675
vn -0.1826 -0.9828 0.0283
vn 0.6628 0.4659 0.5862
vn 0.4426 0.5669 0.6948
vn 0.8165 0.4573 0.3524
vn -0.1029 -0.9947 -0.0005
vn 0.7735 0.0402 0.6326
vn 0.9983 0.0448 -0.0375
vn 0.9830 0.0419 0.1789
vn 0.5640 0.1087 0.8186
vn 0.8631 -0.4681 -0.1896
vn 0.9160 0.0319 0.3999
vn 0.6575 -0.7429 -0.1254
vn -0.1873 -0.9823 -0.0013
vn 0.0677 -0.8471 0.5270
vn 0.4916 -0.4859 0.7226
vn 0.8732 -0.4867 -0.0267
vn 0.8566 -0.4919 0.1558
vn 0.1613 -0.8319 0.5309
vn 0.6945 -0.4532 0.5588
vn 0.8074 -0.4799 0.3433
vn 0.6148 -0.7885 -0.0185
vn 0.6216 -0.7765 0.1030
vn 0.3624 -0.7584 0.5418
vn 0.5430 -0.7188 0.4342
vn 0.6064 -0.7592 0.2365
vn -0.6064 -0.7592 0.2365
vn -0.5430 -0.7188 0.4342
vn -0.8074 -0.4799 0.3433
vn -0.6216 -0.7765 0.1030
vn -0.3624 -0.7584 0.5418
vn -0.6945 -0.4532 0.5588
vn -0.8566 -0.4919 0.1558
vn -0.1613 -0.8319 0.5309
vn -0.4916 -0.4859 0.7226
vn -0.6148 -0.7885 -0.0185
vn -0.9160 0.0310 0.4000
vn -0.8732 -0.4867 -0.0267
vn -0.9830 0.0409 0.1789
vn -0.7733 0.0395 0.6328
vn -0.0677 -0.8471 0.5270
vn -0.8631 -0.4681 -0.1896
vn -0.9983 0.0439 -0.0375
vn -0.5640 0.1087 0.8186
vn -0.4418 0.5665 0.6956
vn -0.8156 0.4592 0.3521
vn -0.6575 -0.7429 -0.1254
vn -0.8691 0.4655 0.1673
vn -0.9038 0.4261 -0.0398
vn -0.1500 0.8691 0.4713
vn -0.2852 0.8350 0.4705
vn -0.2298 0.6207 0.7496
vn -0.6613 0.4682 0.5861
vn -0.9723 0.0323 -0.2315
vn -0.5899 0.7938 0.1478
vn -0.0800 0.8730 0.4811
vn -0.2664 0.9152 0.3025
vn -0.4518 0.7658 0.4576
vn -0.5396 0.7916 0.2867
vn -0.6431 0.7656 -0.0165
vn -0.8913 0.4005 -0.2127
vn -0.1239 0.9454 0.3014
vn -0.3105 0.9363 0.1640
vn -0.0725 0.9517 0.2984
vn -0.6645 0.7288 -0.1651
vn -0.3549 0.9348 0.0125
vn -0.1213 0.9753 0.1847
vn -0.0655 0.9807 0.1842
vn -0.3731 0.9173 -0.1388
vn -0.1452 0.9886 0.0389
vn -0.0704 0.9963 0.0486
vn -0.1646 0.9777 -0.1301
vn -0.0820 0.9889 -0.1237
vt 0.678977 -0.005095
vt 0.675009 -0.009071
vt 0.669086 -0.005095
vt 0.678977 -0.014986
vt 0.669761 -0.008029
vt 0.676042 -0.014308
vt 0.616456 -0.005095
vt 0.612488 -0.009071
vt 0.606565 -0.005095
vt 0.616456 -0.014986
vt 0.607241 -0.008029
vt 0.613521 -0.014308
vt 0.553292 -0.005095
vt 0.549324 -0.009071
vt 0.543401 -0.005095
vt 0.553292 -0.014986
vt 0.544077 -0.008029
vt 0.550357 -0.014308
vt 0.678405 -0.074228
vt 0.675841 -0.074279
vt 0.674597 -0.068135
vt 0.668514 -0.064337
vt 0.668458 -0.066897
vt 0.678405 -0.064337
vt 0.615884 -0.074228
vt 0.613306 -0.074295
vt 0.612070 -0.068141
vt 0.605993 -0.064337
vt 0.605920 -0.066911
vt 0.615884 -0.064337
vt 0.552720 -0.074228
vt 0.550153 -0.074281
vt 0.548911 -0.068136
vt 0.542829 -0.064337
vt 0.542769 -0.066899
vt 0.552720 -0.064337
vt 0.771826 -0.287722
vt 0.755937 -0.304351
vt 0.755937 -0.287224
vt 0.771751 -0.304548
vt 0.772088 -0.320673
vt 0.755937 -0.320673
vt 0.786936 -0.305017
vt 0.787329 -0.320673
vt 0.786981 -0.337101
vt 0.771774 -0.337475
vt 0.771700 -0.354741
vt 0.755937 -0.337420
vt 0.755937 -0.355232
vt 0.740312 -0.304407
vt 0.739896 -0.354587
vt 0.739986 -0.337326
vt 0.740386 -0.287583
vt 0.739824 -0.320673
vt 0.630746 -0.111996
vt 0.648706 -0.093965
vt 0.654576 -0.111996
vt 0.630746 -0.088166
vt 0.662399 -0.100223
vt 0.678405 -0.111996
vt 0.642380 -0.080332
vt 0.630746 -0.064337
vt 0.666413 -0.017634
vt 0.661386 -0.011097
vt 0.659194 -0.005095
vt 0.665404 -0.077322
vt 0.644653 -0.017220
vt 0.638963 -0.005095
vt 0.678977 -0.024878
vt 0.652985 -0.031000
vt 0.678405 -0.103903
vt 0.631318 -0.028924
vt 0.631318 -0.005095
vt 0.672962 -0.022659
vt 0.638391 -0.064337
vt 0.631318 -0.052753
vt 0.666825 -0.039194
vt 0.672547 -0.082069
vt 0.678977 -0.044660
vt 0.655148 -0.052753
vt 0.678977 -0.052753
vt 0.660653 -0.070188
vt 0.603892 -0.017634
vt 0.598865 -0.011097
vt 0.596673 -0.005095
vt 0.582132 -0.017220
vt 0.576442 -0.005095
vt 0.616456 -0.024878
vt 0.590465 -0.031000
vt 0.568797 -0.028924
vt 0.568797 -0.005095
vt 0.610441 -0.022659
vt 0.678405 -0.084120
vt 0.568797 -0.052753
vt 0.604304 -0.039194
vt 0.616456 -0.044660
vt 0.592627 -0.052753
vt 0.616456 -0.052753
vt 0.540728 -0.017634
vt 0.535700 -0.011097
vt 0.533509 -0.005095
vt 0.658623 -0.064337
vt 0.518968 -0.017220
vt 0.513278 -0.005095
vt 0.553292 -0.024878
vt 0.527300 -0.031000
vt 0.505633 -0.028924
vt 0.505633 -0.005095
vt 0.547277 -0.022659
vt 0.505633 -0.052753
vt 0.541140 -0.039194
vt 0.553292 -0.044660
vt 0.529462 -0.052753
vt 0.553292 -0.052753
vt 0.568226 -0.111996
vt 0.585436 -0.094737
vt 0.592055 -0.111996
vt 0.568226 -0.088166
vt 0.599939 -0.100405
vt 0.615884 -0.111996
vt 0.579677 -0.080266
vt 0.568226 -0.064337
vt 0.602763 -0.077440
vt 0.615884 -0.103903
vt 0.575870 -0.064337
vt 0.609991 -0.082124
vt 0.598076 -0.070222
vt 0.615884 -0.084120
vt 0.596102 -0.064337
vt 0.505061 -0.111996
vt 0.522872 -0.094110
vt 0.528891 -0.111996
vt 0.505061 -0.088166
vt 0.536729 -0.100258
vt 0.552720 -0.111996
vt 0.516660 -0.080319
vt 0.505061 -0.064337
vt 0.539697 -0.077344
vt 0.552720 -0.103903
vt 0.512706 -0.064337
vt 0.546856 -0.082079
vt 0.534958 -0.070194
vt 0.552720 -0.084120
vt 0.532937 -0.064337
vt 0.755987 -0.673201
vt 0.745066 -0.655676
vt 0.767405 -0.662768
vt 0.743984 -0.680683
vt 0.754493 -0.647139
vt 0.779287 -0.645452
vt 0.763969 -0.633283
vt 0.789740 -0.619780
vt 0.734756 -0.662249
vt 0.733942 -0.684948
vt 0.744371 -0.632352
vt 0.735100 -0.639082
vt 0.771847 -0.611976
vt 0.751638 -0.623384
vt 0.725489 -0.666345
vt 0.737412 -0.616988
vt 0.725395 -0.644548
vt 0.756335 -0.605292
vt 0.727301 -0.621309
vt 0.716655 -0.647298
vt 0.743651 -0.613586
vt 0.742180 -0.599952
vt 0.717462 -0.625562
vt 0.733310 -0.600312
vt 0.722186 -0.602742
vt 0.710010 -0.628190
vt 0.711918 -0.605309
vt 0.703742 -0.608497
vt 0.764661 -0.458147
vt 0.774403 -0.470258
vt 0.751212 -0.475217
vt 0.752127 -0.447438
vt 0.740014 -0.465656
vt 0.952137 -0.467077
vt 0.941789 -0.476240
vt 0.941198 -0.449088
vt 0.700499 -0.285484
vt 0.708839 -0.304189
vt 0.695173 -0.302233
vt 0.929190 -0.459744
vt 0.987527 -0.605899
vt 0.980913 -0.624853
vt 0.979730 -0.602937
vt 0.919286 -0.471531
vt 0.712342 -0.289613
vt 0.716992 -0.279708
vt 0.708598 -0.271160
vt 0.933927 -0.486201
vt 0.973814 -0.622346
vt 0.726261 -0.289262
vt 0.974084 -0.643008
vt 0.969633 -0.600263
vt 0.972488 -0.581311
vt 0.965824 -0.640343
vt 0.958749 -0.597714
vt 0.961182 -0.580128
vt 0.725635 -0.274258
vt 0.965458 -0.661508
vt 0.964346 -0.618121
vt 0.956690 -0.657344
vt 0.954195 -0.613497
vt 0.950054 -0.597420
vt 0.721568 -0.261630
vt 0.951237 -0.580210
vt 0.957223 -0.679589
vt 0.956491 -0.634982
vt 0.948382 -0.610414
vt 0.936231 -0.602146
vt 0.947549 -0.675266
vt 0.947491 -0.628359
vt 0.903692 -0.616039
vt 0.921128 -0.608441
vt 0.928550 -0.629159
vt 0.739527 -0.269522
vt 0.737843 -0.255157
vt 0.940507 -0.619737
vt 0.946773 -0.650962
vt 0.913886 -0.640969
vt 0.937584 -0.642762
vt 0.755937 -0.267944
vt 0.755937 -0.252913
vt 0.936039 -0.667804
vt 0.925239 -0.657543
vt 0.774654 -0.255318
vt 0.811740 -0.285974
vt 0.799857 -0.290001
vt 0.795292 -0.280053
vt 0.803764 -0.271577
vt 0.803232 -0.304612
vt 0.786696 -0.274526
vt 0.785939 -0.289527
vt 0.772844 -0.269669
vt 0.790874 -0.261933
vt 0.799797 -0.351693
vt 0.786255 -0.353029
vt 0.796046 -0.362342
vt 0.787440 -0.369150
vt 0.804837 -0.370482
vt 0.791998 -0.381843
vt 0.772815 -0.373774
vt 0.802768 -0.337056
vt 0.812553 -0.355750
vt 0.774791 -0.388683
vt 0.804142 -0.320673
vt 0.817245 -0.338742
vt 0.818114 -0.320673
vt 0.816920 -0.302776
vt 0.755937 -0.375696
vt 0.755937 -0.390831
vt 0.725366 -0.352737
vt 0.724790 -0.336811
vt 0.738592 -0.373601
vt 0.736465 -0.388484
vt 0.715496 -0.361953
vt 0.711846 -0.351276
vt 0.709012 -0.336622
vt 0.725126 -0.304739
vt 0.916871 -0.586286
vt 0.933999 -0.582578
vt 0.898062 -0.590040
vt 0.724019 -0.368834
vt 0.915266 -0.563610
vt 0.895833 -0.564159
vt 0.933040 -0.562556
vt 0.719340 -0.381470
vt 0.699064 -0.355212
vt 0.915763 -0.541687
vt 0.897026 -0.539061
vt 0.932822 -0.543063
vt 0.950777 -0.562350
vt 0.948877 -0.544349
vt 0.724589 -0.320673
vt 0.918754 -0.521038
vt 0.901424 -0.514544
vt 0.934461 -0.525400
vt 0.947328 -0.528328
vt 0.706635 -0.369997
vt 0.925068 -0.501453
vt 0.909289 -0.490967
vt 0.937291 -0.511216
vt 0.946066 -0.517322
vt 0.961894 -0.562150
vt 0.960065 -0.544576
vt 0.694529 -0.338175
vt 0.951978 -0.513431
vt 0.943915 -0.500597
vt 0.956539 -0.528162
vt 0.707784 -0.320673
vt 0.961679 -0.507743
vt 0.973155 -0.561775
vt 0.971760 -0.543225
vt 0.952760 -0.491863
vt 0.982849 -0.582472
vt 0.967861 -0.524816
vt 0.991909 -0.584339
vt 0.693820 -0.320673
vt 0.950207 -0.444100
vt 0.963006 -0.483904
vt 0.983785 -0.561562
vt 0.982840 -0.541202
vt 0.960590 -0.461443
vt 0.971995 -0.502200
vt 0.978952 -0.521042
vt 0.993876 -0.561766
vt 0.992019 -0.538953
vt 0.971093 -0.479910
vt 0.979670 -0.498701
vt 0.987061 -0.517470
vt 0.704596 -0.517834
vt 0.711995 -0.498075
vt 0.713091 -0.521463
vt 0.699626 -0.539846
vt 0.721201 -0.479063
vt 0.719884 -0.501631
vt 0.709372 -0.542239
vt 0.731814 -0.459932
vt 0.728986 -0.483023
vt 0.697319 -0.562816
vt 0.724420 -0.525339
vt 0.707971 -0.562929
vt 0.720566 -0.544301
vt 0.730746 -0.507589
vt 0.742754 -0.441459
vt 0.708659 -0.584183
vt 0.718736 -0.563407
vt 0.740097 -0.491450
vt 0.748848 -0.500098
vt 0.735765 -0.528712
vt 0.699280 -0.586399
vt 0.732542 -0.545748
vt 0.730465 -0.563744
vt 0.768549 -0.501528
vt 0.755555 -0.511092
vt 0.759503 -0.485687
vt 0.740783 -0.513623
vt 0.719154 -0.583144
vt 0.743707 -0.545649
vt 0.784944 -0.490590
vt 0.758724 -0.525998
vt 0.746911 -0.517716
vt 0.745419 -0.529290
vt 0.741578 -0.563840
vt 0.730961 -0.582244
vt 0.774482 -0.521315
vt 0.760193 -0.544700
vt 0.792555 -0.515126
vt 0.741225 -0.582301
vt 0.759814 -0.564520
vt 0.777551 -0.542884
vt 0.796901 -0.540239
vt 0.758815 -0.585051
vt 0.778149 -0.565590
vt 0.798221 -0.566276
vt 0.776277 -0.588902
vt 0.795857 -0.593219
s 0
usemtl Material.001
f 1409/1287/1418 1410/1288/1418 1411/1289/1418
f 1413/1290/1419 1410/1288/1419 1409/1287/1419
f 1414/1291/1420 1411/1289/1420 1410/1288/1420
f 1419/1292/1421 1410/1288/1421 1413/1290/1421
f 1435/1293/1422 1436/1294/1422 1437/1295/1422
f 1438/1296/1423 1436/1294/1423 1435/1293/1423
f 1440/1297/1424 1437/1295/1424 1436/1294/1424
f 1444/1298/1425 1436/1294/1425 1438/1296/1425
f 1460/1299/1426 1461/1300/1426 1462/1301/1426
f 1463/1302/1427 1461/1300/1427 1460/1299/1427
f 1464/1303/1428 1462/1301/1428 1461/1300/1428
f 1469/1304/1429 1461/1300/1429 1463/1302/1429
f 1483/1305/1430 1448/1306/1430 1475/1307/1430
f 1484/1308/1431 1475/1307/1431 1458/1309/1431
f 1485/1310/1432 1483/1305/1432 1475/1307/1432
f 1485/1310/1433 1475/1307/1433 1484/1308/1433
f 1504/1311/1434 1499/1312/1434 1503/1313/1434
f 1505/1314/1435 1503/1313/1435 1501/1315/1435
f 1506/1316/1436 1504/1311/1436 1503/1313/1436
f 1506/1316/1437 1503/1313/1437 1505/1314/1437
f 1525/1317/1438 1520/1318/1438 1524/1319/1438
f 1526/1320/1439 1524/1319/1439 1522/1321/1439
f 1527/1322/1440 1525/1317/1440 1524/1319/1440
f 1527/1322/1441 1524/1319/1441 1526/1320/1441
f 1621/1323/1442 1622/1324/1442 1608/1325/1442
f 1621/1323/1442 1623/1326/1442 1622/1324/1442
f 1635/1327/1442 1636/1328/1442 1623/1326/1442
f 1626/1329/1442 1635/1327/1442 1623/1326/1442
f 1640/1330/1442 1630/1331/1442 1635/1327/1442
f 1640/1330/1442 1635/1327/1442 1626/1329/1442
f 1635/1327/1442 1639/1332/1442 1636/1328/1442
f 1635/1327/1442 1630/1331/1442 1639/1332/1442
f 1623/1326/1442 1636/1328/1442 1622/1324/1442
f 1639/1332/1442 1638/1333/1442 1647/1334/1442
f 1638/1333/1442 1646/1335/1442 1647/1334/1442
f 1639/1332/1442 1647/1334/1442 1636/1328/1442
f 1622/1324/1442 1636/1328/1442 1603/1336/1442
f 1647/1334/1442 1651/1337/1442 1652/1338/1442
f 1647/1334/1442 1652/1338/1442 1636/1328/1442
f 1647/1334/1442 1646/1335/1442 1651/1337/1442
f 1622/1324/1442 1602/1339/1442 1608/1325/1442
f 1622/1324/1442 1603/1336/1442 1602/1339/1442
f 1636/1328/1442 1656/1340/1442 1603/1336/1442
f 1652/1338/1442 1656/1340/1442 1636/1328/1442
s 1
f 1402/1341/1443 1403/1342/1444 1404/1343/1445
f 1405/1344/1446 1403/1342/1444 1402/1341/1443
f 1406/1345/1447 1404/1343/1445 1403/1342/1444
f 1407/1346/1448 1404/1343/1445 1406/1345/1447
f 1408/1347/1449 1403/1342/1444 1405/1344/1446
f 1412/1348/1450 1408/1347/1449 1405/1344/1446
f 1414/1291/1451 1410/1288/1452 1415/1349/1453
f 1414/1291/1451 1416/1350/1454 1417/1351/1455
f 1414/1291/1451 1415/1349/1453 1416/1350/1454
f 1418/1352/1456 1406/1345/1447 1403/1342/1444
f 1417/1351/1455 1411/1289/1457 1414/1291/1451
f 1415/1349/1453 1410/1288/1452 1419/1292/1458
f 1418/1352/1456 1403/1342/1444 1408/1347/1449
f 1420/1353/1459 1417/1351/1455 1416/1350/1454
f 1421/1354/1460 1417/1351/1455 1420/1353/1459
f 1422/1355/1461 1419/1292/1458 1413/1290/1462
f 1423/1356/1463 1420/1353/1459 1416/1350/1454
f 1423/1356/1463 1416/1350/1454 1415/1349/1453
f 1424/1357/1464 1407/1346/1448 1406/1345/1447
f 1425/1358/1465 1421/1354/1460 1420/1353/1459
f 1425/1358/1465 1426/1359/1466 1421/1354/1460
f 1427/1360/1467 1415/1349/1453 1419/1292/1458
f 1422/1355/1461 1427/1360/1467 1419/1292/1458
f 1423/1356/1463 1415/1349/1453 1427/1360/1467
f 1428/1361/1468 1408/1347/1449 1412/1348/1450
f 1429/1362/1469 1425/1358/1465 1420/1353/1459
f 1430/1363/1470 1427/1360/1467 1422/1355/1461
f 1430/1363/1470 1423/1356/1463 1427/1360/1467
f 1429/1362/1469 1420/1353/1459 1423/1356/1463
f 1431/1364/1471 1406/1345/1447 1418/1352/1456
f 1424/1357/1464 1406/1345/1447 1431/1364/1471
f 1432/1365/1472 1430/1363/1470 1422/1355/1461
f 1429/1362/1469 1423/1356/1463 1430/1363/1470
f 1433/1366/1473 1430/1363/1470 1432/1365/1472
f 1433/1366/1473 1429/1362/1469 1430/1363/1470
f 1434/1367/1474 1433/1366/1473 1432/1365/1472
f 1439/1368/1475 1418/1352/1456 1408/1347/1449
f 1440/1297/1476 1436/1294/1477 1441/1369/1478
f 1440/1297/1476 1442/1370/1479 1443/1371/1480
f 1440/1297/1476 1441/1369/1478 1442/1370/1479
f 1443/1371/1480 1437/1295/1481 1440/1297/1476
f 1428/1361/1468 1439/1368/1475 1408/1347/1449
f 1441/1369/1478 1436/1294/1477 1444/1298/1482
f 1445/1372/1483 1443/1371/1480 1442/1370/1479
f 1446/1373/1484 1443/1371/1480 1445/1372/1483
f 1447/1374/1485 1444/1298/1482 1438/1296/1486
f 1448/1306/1487 1431/1364/1471 1418/1352/1456
f 1449/1375/1488 1445/1372/1483 1442/1370/1479
f 1449/1375/1488 1442/1370/1479 1441/1369/1478
f 1450/1376/1489 1446/1373/1484 1445/1372/1483
f 1450/1376/1489 1451/1377/1490 1446/1373/1484
f 1452/1378/1491 1441/1369/1478 1444/1298/1482
f 1448/1306/1487 1453/1379/1492 1431/1364/1471
f 1447/1374/1485 1452/1378/1491 1444/1298/1482
f 1449/1375/1488 1441/1369/1478 1452/1378/1491
f 1454/1380/1493 1450/1376/1489 1445/1372/1483
f 1455/1381/1494 1452/1378/1491 1447/1374/1485
f 1455/1381/1494 1449/1375/1488 1452/1378/1491
f 1453/1379/1492 1424/1357/1464 1431/1364/1471
f 1454/1380/1493 1445/1372/1483 1449/1375/1488
f 1456/1382/1495 1455/1381/1494 1447/1374/1485
f 1454/1380/1493 1449/1375/1488 1455/1381/1494
f 1457/1383/1496 1455/1381/1494 1456/1382/1495
f 1457/1383/1496 1454/1380/1493 1455/1381/1494
f 1458/1309/1497 1418/1352/1456 1439/1368/1475
f 1459/1384/1498 1457/1383/1496 1456/1382/1495
f 1464/1303/1499 1461/1300/1500 1465/1385/1501
f 1464/1303/1499 1466/1386/1502 1467/1387/1503
f 1458/1309/1497 1439/1368/1475 1468/1388/1504
f 1464/1303/1499 1465/1385/1501 1466/1386/1502
f 1467/1387/1503 1462/1301/1505 1464/1303/1499
f 1465/1385/1501 1461/1300/1500 1469/1304/1506
f 1470/1389/1507 1467/1387/1503 1466/1386/1502
f 1468/1388/1504 1439/1368/1475 1428/1361/1468
f 1471/1390/1508 1467/1387/1503 1470/1389/1507
f 1472/1391/1509 1469/1304/1506 1463/1302/1510
f 1473/1392/1511 1470/1389/1507 1466/1386/1502
f 1473/1392/1511 1466/1386/1502 1465/1385/1501
f 1474/1393/1512 1471/1390/1508 1470/1389/1507
f 1475/1307/1513 1448/1306/1487 1418/1352/1456
f 1474/1393/1512 1476/1394/1514 1471/1390/1508
f 1477/1395/1515 1465/1385/1501 1469/1304/1506
f 1472/1391/1509 1477/1395/1515 1469/1304/1506
f 1475/1307/1513 1418/1352/1456 1458/1309/1497
f 1473/1392/1511 1465/1385/1501 1477/1395/1515
f 1478/1396/1516 1474/1393/1512 1470/1389/1507
f 1479/1397/1517 1477/1395/1515 1472/1391/1509
f 1479/1397/1517 1473/1392/1511 1477/1395/1515
f 1478/1396/1516 1470/1389/1507 1473/1392/1511
f 1480/1398/1518 1479/1397/1517 1472/1391/1509
f 1478/1396/1516 1473/1392/1511 1479/1397/1517
f 1481/1399/1519 1479/1397/1517 1480/1398/1518
f 1481/1399/1519 1478/1396/1516 1479/1397/1517
f 1482/1400/1520 1481/1399/1519 1480/1398/1518
f 1483/1305/1521 1453/1379/1492 1448/1306/1487
f 1484/1308/1522 1458/1309/1497 1468/1388/1504
f 1486/1401/1523 1487/1402/1524 1488/1403/1525
f 1489/1404/1526 1487/1402/1524 1486/1401/1523
f 1490/1405/1527 1488/1403/1525 1487/1402/1524
f 1491/1406/1528 1488/1403/1525 1490/1405/1527
f 1492/1407/1529 1487/1402/1524 1489/1404/1526
f 1493/1408/1530 1492/1407/1529 1489/1404/1526
f 1494/1409/1531 1490/1405/1527 1487/1402/1524
f 1494/1409/1531 1487/1402/1524 1492/1407/1529
f 1495/1410/1532 1491/1406/1528 1490/1405/1527
f 1496/1411/1533 1492/1407/1529 1493/1408/1530
f 1497/1412/1534 1490/1405/1527 1494/1409/1531
f 1495/1410/1532 1490/1405/1527 1497/1412/1534
f 1498/1413/1535 1494/1409/1531 1492/1407/1529
f 1496/1411/1533 1498/1413/1535 1492/1407/1529
f 1499/1312/1536 1497/1412/1534 1494/1409/1531
f 1499/1312/1536 1500/1414/1537 1497/1412/1534
f 1500/1414/1537 1495/1410/1532 1497/1412/1534
f 1501/1315/1538 1494/1409/1531 1498/1413/1535
f 1501/1315/1538 1498/1413/1535 1502/1415/1539
f 1502/1415/1539 1498/1413/1535 1496/1411/1533
f 1503/1313/1540 1499/1312/1536 1494/1409/1531
f 1503/1313/1540 1494/1409/1531 1501/1315/1538
f 1504/1311/1541 1500/1414/1537 1499/1312/1536
f 1505/1314/1542 1501/1315/1538 1502/1415/1539
f 1507/1416/1543 1508/1417/1544 1509/1418/1545
f 1510/1419/1546 1508/1417/1544 1507/1416/1543
f 1511/1420/1547 1509/1418/1545 1508/1417/1544
f 1512/1421/1548 1509/1418/1545 1511/1420/1547
f 1513/1422/1549 1508/1417/1544 1510/1419/1546
f 1514/1423/1550 1513/1422/1549 1510/1419/1546
f 1515/1424/1551 1511/1420/1547 1508/1417/1544
f 1515/1424/1551 1508/1417/1544 1513/1422/1549
f 1516/1425/1552 1512/1421/1548 1511/1420/1547
f 1517/1426/1553 1513/1422/1549 1514/1423/1550
f 1518/1427/1554 1511/1420/1547 1515/1424/1551
f 1516/1425/1552 1511/1420/1547 1518/1427/1554
f 1519/1428/1555 1515/1424/1551 1513/1422/1549
f 1517/1426/1553 1519/1428/1555 1513/1422/1549
f 1520/1318/1556 1518/1427/1554 1515/1424/1551
f 1520/1318/1556 1521/1429/1557 1518/1427/1554
f 1521/1429/1557 1516/1425/1552 1518/1427/1554
f 1522/1321/1558 1515/1424/1551 1519/1428/1555
f 1522/1321/1558 1519/1428/1555 1523/1430/1559
f 1523/1430/1559 1519/1428/1555 1517/1426/1553
f 1524/1319/1560 1520/1318/1556 1515/1424/1551
f 1524/1319/1560 1515/1424/1551 1522/1321/1558
f 1525/1317/1561 1521/1429/1557 1520/1318/1556
f 1526/1320/1562 1522/1321/1558 1523/1430/1559
f 1528/1431/1563 1529/1432/1564 1530/1433/1565
f 1531/1434/1566 1529/1432/1564 1528/1431/1563
f 1532/1435/1567 1533/1436/1568 1530/1433/1565
f 1529/1432/1564 1532/1435/1567 1530/1433/1565
f 1534/1437/1569 1533/1436/1568 1532/1435/1567
f 1535/1438/1570 1533/1436/1568 1534/1437/1569
f 1536/1439/1571 1529/1432/1564 1531/1434/1566
f 1537/1440/1572 1536/1439/1571 1531/1434/1566
f 1538/1441/1573 1532/1435/1567 1539/1442/1574
f 1538/1441/1573 1534/1437/1569 1532/1435/1567
f 1539/1442/1574 1529/1432/1564 1536/1439/1571
f 1539/1442/1574 1532/1435/1567 1529/1432/1564
f 1540/1443/1575 1534/1437/1569 1541/1444/1576
f 1540/1443/1575 1535/1438/1570 1534/1437/1569
f 1541/1444/1576 1534/1437/1569 1538/1441/1573
f 1542/1445/1577 1536/1439/1571 1537/1440/1572
f 1543/1446/1578 1538/1441/1573 1539/1442/1574
f 1543/1446/1578 1541/1444/1576 1538/1441/1573
f 1544/1447/1579 1539/1442/1574 1536/1439/1571
f 1542/1445/1577 1544/1447/1579 1536/1439/1571
f 1545/1448/1580 1540/1443/1575 1541/1444/1576
f 1546/1449/1581 1539/1442/1574 1544/1447/1579
f 1546/1449/1581 1543/1446/1578 1539/1442/1574
f 1547/1450/1582 1544/1447/1579 1542/1445/1577
f 1548/1451/1583 1545/1448/1580 1541/1444/1576
f 1549/1452/1584 1545/1448/1580 1548/1451/1583
f 1548/1451/1583 1541/1444/1576 1543/1446/1578
f 1550/1453/1585 1546/1449/1581 1544/1447/1579
f 1547/1450/1582 1550/1453/1585 1544/1447/1579
f 1551/1454/1586 1543/1446/1578 1546/1449/1581
f 1551/1454/1586 1549/1452/1584 1548/1451/1583
f 1552/1455/1587 1546/1449/1581 1550/1453/1585
f 1552/1455/1587 1551/1454/1586 1546/1449/1581
f 1551/1454/1586 1548/1451/1583 1543/1446/1578
f 1553/1456/1588 1550/1453/1585 1547/1450/1582
f 1554/1457/1589 1552/1455/1587 1550/1453/1585
f 1553/1456/1588 1554/1457/1589 1550/1453/1585
f 1554/1457/1589 1553/1456/1588 1555/1458/1590
f 1556/1459/1591 1557/1460/1592 1558/1461/1593
f 1559/1462/1594 1556/1459/1591 1558/1461/1593
f 1560/1463/1595 1559/1462/1594 1558/1461/1593
f 1561/1464/1596 1562/1465/1597 1563/1466/1598
f 1564/1467/1599 1565/1468/1600 1566/1469/1601
f 1563/1466/1598 1562/1465/1597 1567/1470/1602
f 1568/1471/1603 1569/1472/1604 1570/1473/1605
f 1562/1465/1597 1571/1474/1606 1567/1470/1602
f 1572/1475/1607 1564/1467/1599 1573/1476/1608
f 1572/1475/1607 1565/1468/1600 1564/1467/1599
f 1574/1477/1609 1573/1476/1608 1564/1467/1599
f 1562/1465/1597 1575/1478/1610 1571/1474/1606
f 1569/1472/1604 1576/1479/1611 1570/1473/1605
f 1577/1480/1612 1572/1475/1607 1573/1476/1608
f 1569/1472/1604 1578/1481/1613 1576/1479/1611
f 1570/1473/1605 1579/1482/1614 1580/1483/1615
f 1570/1473/1605 1576/1479/1611 1579/1482/1614
f 1578/1481/1613 1581/1484/1616 1576/1479/1611
f 1579/1482/1614 1582/1485/1617 1583/1486/1618
f 1584/1487/1619 1573/1476/1608 1574/1477/1609
f 1577/1480/1612 1573/1476/1608 1584/1487/1619
f 1578/1481/1613 1585/1488/1620 1581/1484/1616
f 1576/1479/1611 1586/1489/1621 1579/1482/1614
f 1579/1482/1614 1586/1489/1621 1582/1485/1617
f 1576/1479/1611 1581/1484/1616 1586/1489/1621
f 1585/1488/1620 1587/1490/1622 1581/1484/1616
f 1582/1485/1617 1588/1491/1623 1589/1492/1624
f 1582/1485/1617 1586/1489/1621 1588/1491/1623
f 1590/1493/1625 1584/1487/1619 1574/1477/1609
f 1582/1485/1617 1589/1492/1624 1591/1494/1626
f 1585/1488/1620 1592/1495/1627 1587/1490/1622
f 1581/1484/1616 1593/1496/1628 1586/1489/1621
f 1581/1484/1616 1587/1490/1622 1593/1496/1628
f 1588/1491/1623 1594/1497/1629 1589/1492/1624
f 1589/1492/1624 1594/1497/1629 1595/1498/1630
f 1592/1495/1627 1596/1499/1631 1587/1490/1622
f 1586/1489/1621 1593/1496/1628 1597/1500/1632
f 1586/1489/1621 1597/1500/1632 1588/1491/1623
f 1598/1501/1633 1599/1502/1634 1600/1503/1635
f 1601/1504/1636 1602/1339/1442 1584/1487/1619
f 1601/1504/1636 1584/1487/1619 1590/1493/1625
f 1602/1339/1442 1603/1336/1442 1577/1480/1612
f 1602/1339/1442 1577/1480/1612 1584/1487/1619
f 1604/1505/1637 1601/1504/1636 1590/1493/1625
f 1594/1497/1629 1588/1491/1623 1605/1506/1638
f 1605/1506/1638 1595/1498/1630 1594/1497/1629
f 1605/1506/1638 1588/1491/1623 1597/1500/1632
f 1605/1506/1638 1600/1503/1635 1599/1502/1634
f 1605/1506/1638 1599/1502/1634 1595/1498/1630
f 1605/1506/1638 1597/1500/1632 1600/1503/1635
f 1596/1499/1631 1606/1507/1639 1587/1490/1622
f 1587/1490/1622 1606/1507/1639 1593/1496/1628
f 1598/1501/1633 1600/1503/1635 1607/1508/1640
f 1608/1325/1442 1602/1339/1442 1601/1504/1636
f 1597/1500/1632 1609/1509/1641 1600/1503/1635
f 1610/1510/1642 1601/1504/1636 1604/1505/1637
f 1611/1511/1643 1610/1510/1642 1604/1505/1637
f 1593/1496/1628 1606/1507/1639 1609/1509/1641
f 1593/1496/1628 1609/1509/1641 1597/1500/1632
f 1600/1503/1635 1609/1509/1641 1607/1508/1640
f 1596/1499/1631 1612/1512/1644 1606/1507/1639
f 1609/1509/1641 1613/1513/1645 1607/1508/1640
f 1608/1325/1442 1601/1504/1636 1610/1510/1642
f 1613/1513/1645 1606/1507/1639 1612/1512/1644
f 1614/1514/1646 1610/1510/1642 1611/1511/1643
f 1606/1507/1639 1613/1513/1645 1609/1509/1641
f 1615/1515/1647 1616/1516/1648 1617/1517/1649
f 1615/1515/1647 1617/1517/1649 1618/1518/1650
f 1615/1515/1647 1619/1519/1651 1616/1516/1648
f 1617/1517/1649 1620/1520/1652 1618/1518/1650
f 1617/1517/1649 1616/1516/1648 1624/1521/1653
f 1625/1522/1654 1608/1325/1442 1610/1510/1642
f 1614/1514/1646 1625/1522/1654 1610/1510/1642
f 1616/1516/1648 1626/1329/1655 1624/1521/1653
f 1617/1517/1649 1624/1521/1653 1620/1520/1652
f 1618/1518/1650 1620/1520/1652 1627/1523/1656
f 1624/1521/1653 1621/1323/1442 1620/1520/1652
f 1627/1523/1656 1620/1520/1652 1625/1522/1654
f 1620/1520/1652 1621/1323/1442 1625/1522/1654
f 1624/1521/1653 1626/1329/1655 1623/1326/1442
f 1621/1323/1442 1608/1325/1442 1625/1522/1654
f 1624/1521/1653 1623/1326/1442 1621/1323/1442
f 1627/1523/1656 1625/1522/1654 1614/1514/1646
f 1628/1524/1657 1629/1525/1658 1630/1331/1659
f 1628/1524/1657 1631/1526/1660 1629/1525/1658
f 1631/1526/1660 1632/1527/1661 1629/1525/1658
f 1633/1528/1662 1634/1529/1663 1632/1527/1661
f 1634/1529/1663 1637/1530/1664 1632/1527/1661
f 1629/1525/1658 1632/1527/1661 1638/1333/1442
f 1632/1527/1661 1637/1530/1664 1638/1333/1442
f 1630/1331/1659 1629/1525/1658 1639/1332/1442
f 1640/1330/1665 1641/1531/1666 1630/1331/1659
f 1641/1531/1666 1628/1524/1657 1630/1331/1659
f 1633/1528/1662 1632/1527/1661 1631/1526/1660
f 1629/1525/1658 1638/1333/1442 1639/1332/1442
f 1642/1532/1667 1631/1526/1660 1628/1524/1657
f 1641/1531/1666 1642/1532/1667 1628/1524/1657
f 1642/1532/1667 1633/1528/1662 1631/1526/1660
f 1619/1519/1651 1626/1329/1655 1616/1516/1648
f 1619/1519/1651 1640/1330/1665 1626/1329/1655
f 1634/1529/1663 1643/1533/1668 1637/1530/1664
f 1644/1534/1669 1645/1535/1670 1641/1531/1666
f 1644/1534/1669 1641/1531/1666 1640/1330/1665
f 1645/1535/1670 1642/1532/1667 1641/1531/1666
f 1638/1333/1442 1637/1530/1664 1646/1335/1442
f 1619/1519/1651 1644/1534/1669 1640/1330/1665
f 1648/1536/1671 1645/1535/1670 1644/1534/1669
f 1648/1536/1671 1644/1534/1669 1619/1519/1651
f 1649/1537/1672 1619/1519/1651 1615/1515/1647
f 1649/1537/1672 1648/1536/1671 1619/1519/1651
f 1643/1533/1668 1650/1538/1673 1637/1530/1664
f 1637/1530/1664 1650/1538/1673 1646/1335/1442
f 1643/1533/1668 1653/1539/1674 1650/1538/1673
f 1652/1338/1442 1654/1540/1675 1655/1541/1676
f 1652/1338/1442 1651/1337/1442 1654/1540/1675
f 1652/1338/1442 1655/1541/1676 1656/1340/1442
f 1646/1335/1442 1657/1542/1677 1651/1337/1442
f 1646/1335/1442 1650/1538/1673 1657/1542/1677
f 1653/1539/1674 1658/1543/1678 1650/1538/1673
f 1650/1538/1673 1658/1543/1678 1657/1542/1677
f 1654/1540/1675 1659/1544/1679 1660/1545/1680
f 1655/1541/1676 1660/1545/1680 1661/1546/1681
f 1656/1340/1442 1662/1547/1682 1603/1336/1442
f 1663/1548/1683 1664/1549/1684 1595/1498/1630
f 1663/1548/1683 1595/1498/1630 1599/1502/1634
f 1664/1549/1684 1589/1492/1624 1595/1498/1630
f 1665/1550/1685 1663/1548/1683 1599/1502/1634
f 1665/1550/1685 1599/1502/1634 1598/1501/1633
f 1603/1336/1442 1662/1547/1682 1577/1480/1612
f 1651/1337/1442 1666/1551/1686 1654/1540/1675
f 1654/1540/1675 1666/1551/1686 1659/1544/1679
f 1654/1540/1675 1660/1545/1680 1655/1541/1676
f 1667/1552/1687 1663/1548/1683 1668/1553/1688
f 1667/1552/1687 1664/1549/1684 1663/1548/1683
f 1668/1553/1688 1663/1548/1683 1665/1550/1685
f 1669/1554/1689 1664/1549/1684 1667/1552/1687
f 1591/1494/1626 1589/1492/1624 1664/1549/1684
f 1669/1554/1689 1591/1494/1626 1664/1549/1684
f 1651/1337/1442 1657/1542/1677 1666/1551/1686
f 1658/1543/1678 1670/1555/1690 1657/1542/1677
f 1657/1542/1677 1670/1555/1690 1666/1551/1686
f 1661/1546/1681 1660/1545/1680 1671/1556/1691
f 1672/1557/1692 1667/1552/1687 1668/1553/1688
f 1673/1558/1693 1672/1557/1692 1668/1553/1688
f 1674/1559/1694 1669/1554/1689 1667/1552/1687
f 1672/1557/1692 1674/1559/1694 1667/1552/1687
f 1675/1560/1695 1669/1554/1689 1676/1561/1696
f 1675/1560/1695 1591/1494/1626 1669/1554/1689
f 1676/1561/1696 1669/1554/1689 1674/1559/1694
f 1660/1545/1680 1659/1544/1679 1671/1556/1691
f 1656/1340/1442 1677/1562/1697 1662/1547/1682
f 1655/1541/1676 1677/1562/1697 1656/1340/1442
f 1655/1541/1676 1661/1546/1681 1677/1562/1697
f 1678/1563/1698 1672/1557/1692 1673/1558/1693
f 1679/1564/1699 1678/1563/1698 1673/1558/1693
f 1680/1565/1700 1674/1559/1694 1672/1557/1692
f 1678/1563/1698 1680/1565/1700 1672/1557/1692
f 1583/1486/1618 1582/1485/1617 1591/1494/1626
f 1675/1560/1695 1583/1486/1618 1591/1494/1626
f 1681/1566/1701 1674/1559/1694 1680/1565/1700
f 1676/1561/1696 1674/1559/1694 1681/1566/1701
f 1670/1555/1690 1682/1567/1702 1666/1551/1686
f 1682/1567/1702 1659/1544/1679 1666/1551/1686
f 1683/1568/1703 1678/1563/1698 1679/1564/1699
f 1684/1569/1704 1683/1568/1703 1679/1564/1699
f 1685/1570/1705 1680/1565/1700 1678/1563/1698
f 1683/1568/1703 1685/1570/1705 1678/1563/1698
f 1686/1571/1706 1680/1565/1700 1685/1570/1705
f 1681/1566/1701 1680/1565/1700 1686/1571/1706
f 1687/1572/1707 1675/1560/1695 1688/1573/1708
f 1687/1572/1707 1583/1486/1618 1675/1560/1695
f 1688/1573/1708 1675/1560/1695 1676/1561/1696
f 1659/1544/1679 1682/1567/1702 1671/1556/1691
f 1580/1483/1615 1579/1482/1614 1583/1486/1618
f 1662/1547/1682 1677/1562/1697 1565/1468/1600
f 1661/1546/1681 1671/1556/1691 1689/1574/1709
f 1575/1478/1610 1683/1568/1703 1684/1569/1704
f 1575/1478/1610 1684/1569/1704 1571/1474/1606
f 1690/1575/1710 1686/1571/1706 1685/1570/1705
f 1690/1575/1710 1685/1570/1705 1691/1576/1711
f 1691/1576/1711 1685/1570/1705 1683/1568/1703
f 1690/1575/1710 1681/1566/1701 1686/1571/1706
f 1580/1483/1615 1583/1486/1618 1687/1572/1707
f 1692/1577/1712 1676/1561/1696 1681/1566/1701
f 1688/1573/1708 1676/1561/1696 1692/1577/1712
f 1662/1547/1682 1572/1475/1607 1577/1480/1612
f 1662/1547/1682 1565/1468/1600 1572/1475/1607
f 1677/1562/1697 1693/1578/1713 1565/1468/1600
f 1575/1478/1610 1691/1576/1711 1683/1568/1703
f 1694/1579/1714 1692/1577/1712 1690/1575/1710
f 1694/1579/1714 1690/1575/1710 1691/1576/1711
f 1692/1577/1712 1681/1566/1701 1690/1575/1710
f 1695/1580/1715 1580/1483/1615 1687/1572/1707
f 1695/1580/1715 1687/1572/1707 1696/1581/1716
f 1696/1581/1716 1687/1572/1707 1688/1573/1708
f 1661/1546/1681 1693/1578/1713 1677/1562/1697
f 1661/1546/1681 1689/1574/1709 1693/1578/1713
f 1697/1582/1717 1575/1478/1610 1562/1465/1597
f 1697/1582/1717 1694/1579/1714 1691/1576/1711
f 1697/1582/1717 1691/1576/1711 1575/1478/1610
f 1698/1583/1718 1570/1473/1605 1580/1483/1615
f 1698/1583/1718 1580/1483/1615 1695/1580/1715
f 1699/1584/1719 1688/1573/1708 1692/1577/1712
f 1696/1581/1716 1688/1573/1708 1699/1584/1719
f 1700/1585/1720 1568/1471/1603 1570/1473/1605
f 1689/1574/1709 1701/1586/1721 1693/1578/1713
f 1702/1587/1722 1561/1464/1596 1563/1466/1598
f 1699/1584/1719 1692/1577/1712 1694/1579/1714
f 1703/1588/1723 1562/1465/1597 1561/1464/1596
f 1703/1588/1723 1694/1579/1714 1697/1582/1717
f 1703/1588/1723 1697/1582/1717 1562/1465/1597
f 1704/1589/1724 1698/1583/1718 1695/1580/1715
f 1705/1590/1725 1695/1580/1715 1696/1581/1716
f 1704/1589/1724 1695/1580/1715 1705/1590/1725
f 1700/1585/1720 1570/1473/1605 1698/1583/1718
f 1706/1591/1726 1561/1464/1596 1702/1587/1722
f 1707/1592/1727 1699/1584/1719 1694/1579/1714
f 1707/1592/1727 1694/1579/1714 1703/1588/1723
f 1708/1593/1728 1696/1581/1716 1699/1584/1719
f 1708/1593/1728 1705/1590/1725 1696/1581/1716
f 1709/1594/1729 1698/1583/1718 1704/1589/1724
f 1705/1590/1725 1709/1594/1729 1704/1589/1724
f 1709/1594/1729 1700/1585/1720 1698/1583/1718
f 1706/1591/1726 1703/1588/1723 1561/1464/1596
f 1708/1593/1728 1699/1584/1719 1707/1592/1727
f 1710/1595/1730 1709/1594/1729 1705/1590/1725
f 1711/1596/1731 1707/1592/1727 1703/1588/1723
f 1711/1596/1731 1703/1588/1723 1706/1591/1726
f 1710/1595/1730 1705/1590/1725 1708/1593/1728
f 1712/1597/1732 1708/1593/1728 1707/1592/1727
f 1712/1597/1732 1707/1592/1727 1711/1596/1731
f 1713/1598/1733 1710/1595/1730 1708/1593/1728
f 1713/1598/1733 1708/1593/1728 1712/1597/1732
f 1701/1586/1721 1566/1469/1601 1565/1468/1600
f 1565/1468/1600 1693/1578/1713 1701/1586/1721
f 1714/1599/1734 1715/1600/1735 1716/1601/1736
f 1714/1599/1734 1716/1601/1736 1717/1602/1737
f 1715/1600/1735 1718/1603/1738 1719/1604/1739
f 1715/1600/1735 1719/1604/1739 1716/1601/1736
f 1717/1602/1737 1716/1601/1736 1720/1605/1740
f 1718/1603/1738 1721/1606/1741 1722/1607/1742
f 1718/1603/1738 1722/1607/1742 1719/1604/1739
f 1717/1602/1737 1720/1605/1740 1723/1608/1743
f 1716/1601/1736 1719/1604/1739 1724/1609/1744
f 1721/1606/1741 1560/1463/1595 1722/1607/1742
f 1720/1605/1740 1725/1610/1745 1723/1608/1743
f 1716/1601/1736 1726/1611/1746 1720/1605/1740
f 1716/1601/1736 1724/1609/1744 1726/1611/1746
f 1719/1604/1739 1722/1607/1742 1727/1612/1747
f 1719/1604/1739 1727/1612/1747 1724/1609/1744
f 1721/1606/1741 1728/1613/1748 1560/1463/1595
f 1725/1610/1745 1729/1614/1749 1723/1608/1743
f 1720/1605/1740 1726/1611/1746 1730/1615/1750
f 1725/1610/1745 1720/1605/1740 1730/1615/1750
f 1725/1610/1745 1730/1615/1750 1729/1614/1749
f 1722/1607/1742 1560/1463/1595 1558/1461/1593
f 1727/1612/1747 1731/1616/1751 1732/1617/1752
f 1722/1607/1742 1558/1461/1593 1731/1616/1751
f 1722/1607/1742 1731/1616/1751 1727/1612/1747
f 1724/1609/1744 1727/1612/1747 1733/1618/1753
f 1728/1613/1748 1559/1462/1594 1560/1463/1595
f 1723/1608/1743 1729/1614/1749 1734/1619/1754
f 1726/1611/1746 1724/1609/1744 1735/1620/1755
f 1724/1609/1744 1733/1618/1753 1735/1620/1755
f 1730/1615/1750 1726/1611/1746 1736/1621/1756
f 1726/1611/1746 1735/1620/1755 1736/1621/1756
f 1732/1617/1752 1737/1622/1757 1738/1623/1758
f 1731/1616/1751 1558/1461/1593 1739/1624/1759
f 1731/1616/1751 1739/1624/1759 1732/1617/1752
f 1727/1612/1747 1732/1617/1752 1740/1625/1760
f 1732/1617/1752 1739/1624/1759 1737/1622/1757
f 1732/1617/1752 1738/1623/1758 1740/1625/1760
f 1727/1612/1747 1740/1625/1760 1733/1618/1753
f 1729/1614/1749 1554/1457/1589 1734/1619/1754
f 1730/1615/1750 1736/1621/1756 1741/1626/1761
f 1729/1614/1749 1730/1615/1750 1741/1626/1761
f 1729/1614/1749 1741/1626/1761 1554/1457/1589
f 1735/1620/1755 1733/1618/1753 1742/1627/1762
f 1739/1624/1759 1743/1628/1763 1737/1622/1757
f 1738/1623/1758 1744/1629/1764 1745/1630/1765
f 1740/1625/1760 1745/1630/1765 1746/1631/1766
f 1745/1630/1765 1740/1625/1760 1738/1623/1758
f 1733/1618/1753 1740/1625/1760 1746/1631/1766
f 1733/1618/1753 1746/1631/1766 1742/1627/1762
f 1745/1630/1765 1744/1629/1764 1746/1631/1766
f 1557/1460/1592 1743/1628/1763 1739/1624/1759
f 1739/1624/1759 1558/1461/1593 1557/1460/1592
f 1734/1619/1754 1554/1457/1589 1555/1458/1590
f 1736/1621/1756 1747/1632/1767 1748/1633/1768
f 1736/1621/1756 1748/1633/1768 1741/1626/1761
f 1735/1620/1755 1747/1632/1767 1736/1621/1756
f 1735/1620/1755 1742/1627/1762 1747/1632/1767
f 1737/1622/1757 1749/1634/1769 1738/1623/1758
f 1738/1623/1758 1749/1634/1769 1744/1629/1764
f 1746/1631/1766 1750/1635/1770 1742/1627/1762
f 1746/1631/1766 1744/1629/1764 1750/1635/1770
f 1743/1628/1763 1751/1636/1771 1737/1622/1757
f 1737/1622/1757 1751/1636/1771 1749/1634/1769
f 1748/1633/1768 1747/1632/1767 1752/1637/1772
f 1741/1626/1761 1748/1633/1768 1552/1455/1587
f 1741/1626/1761 1552/1455/1587 1554/1457/1589
f 1742/1627/1762 1753/1638/1773 1747/1632/1767
f 1747/1632/1767 1753/1638/1773 1752/1637/1772
f 1742/1627/1762 1750/1635/1770 1753/1638/1773
f 1744/1629/1764 1754/1639/1774 1750/1635/1770
f 1744/1629/1764 1749/1634/1769 1754/1639/1774
f 1751/1636/1771 1755/1640/1775 1749/1634/1769
f 1749/1634/1769 1755/1640/1775 1754/1639/1774
f 1748/1633/1768 1752/1637/1772 1551/1454/1586
f 1748/1633/1768 1551/1454/1586 1552/1455/1587
f 1753/1638/1773 1756/1641/1776 1752/1637/1772
f 1750/1635/1770 1757/1642/1777 1753/1638/1773
f 1753/1638/1773 1757/1642/1777 1756/1641/1776
f 1750/1635/1770 1754/1639/1774 1757/1642/1777
f 1755/1640/1775 1758/1643/1778 1754/1639/1774
f 1754/1639/1774 1758/1643/1778 1757/1642/1777
f 1752/1637/1772 1549/1452/1584 1551/1454/1586
f 1752/1637/1772 1756/1641/1776 1549/1452/1584
f 1758/1643/1778 1759/1644/1779 1757/1642/1777
f 1757/1642/1777 1759/1644/1779 1756/1641/1776
f 1756/1641/1776 1759/1644/1779 1545/1448/1580
f 1756/1641/1776 1545/1448/1580 1549/1452/1584
f 1758/1643/1778 1760/1645/1780 1759/1644/1779
f 1759/1644/1779 1760/1645/1780 1540/1443/1575
f 1759/1644/1779 1540/1443/1575 1545/1448/1580
f 1760/1645/1780 1535/1438/1570 1540/1443/1575
o Mouth
v 4.889441 8.566902 44.393726
v -4.883720 8.714287 44.101322
v 4.720599 1.168400 42.622372
v -4.674703 16.397606 44.207344
v 14.146445 1.418301 41.351643
v 5.042534 16.162674 44.488899
v 14.417432 8.678423 43.010296
v -4.888450 1.224931 42.288700
v 5.182687 23.316395 43.036243
v -4.292720 23.665583 42.725014
v 14.534233 16.023674 43.089626
v 14.466736 22.995836 41.748608
v -14.455169 9.124292 42.141438
v -14.304758 1.716591 40.407253
v -23.157383 2.493163 37.008366
v -23.388992 9.767765 38.608501
v -14.194287 16.716957 42.249157
v -13.590656 23.857325 40.850468
v -23.103405 17.108154 38.707481
v -22.333897 24.056198 37.463917
vn 0.0554 -0.1238 0.9908
vn -0.1183 -0.1223 0.9854
vn 0.0502 -0.2343 0.9709
vn -0.1124 0.0964 0.9890
vn 0.1398 -0.2290 0.9634
vn 0.0596 0.0918 0.9940
vn 0.1446 -0.1190 0.9823
vn -0.1191 -0.2335 0.9650
vn 0.0599 0.1966 0.9786
vn -0.1074 0.2041 0.9730
vn 0.1452 0.0895 0.9854
vn 0.1413 0.1883 0.9719
vn -0.2883 -0.1139 0.9508
vn -0.2850 -0.2246 0.9318
vn -0.3700 -0.2143 0.9040
vn -0.3727 -0.1041 0.9221
vn -0.2809 0.1016 0.9543
vn -0.2717 0.2062 0.9400
vn -0.3622 0.1041 0.9263
vn -0.3497 0.2024 0.9147
vt 1.101610 -2.836660
vt 1.000000 -2.836660
vt 1.101610 -2.755860
vt 1.000000 -2.916290
vt 1.205080 -2.755860
vt 1.101610 -2.916290
vt 1.205080 -2.836660
vt 1.000000 -2.755860
vt 1.101610 -2.994140
vt 1.000000 -2.994140
vt 1.205080 -2.916290
vt 1.205080 -2.994140
vt 0.898388 -2.836660
vt 0.898388 -2.755860
vt 0.794922 -2.755860
vt 0.794922 -2.836660
vt 0.898388 -2.916290
vt 0.898388 -2.994140
vt 0.794922 -2.916290
vt 0.794922 -2.994140
s 1
usemtl Material.003
f 1761/1646/1781 1762/1647/1782 1763/1648/1783
f 1761/1646/1781 1764/1649/1784 1762/1647/1782
f 1761/1646/1781 1763/1648/1783 1765/1650/1785
f 1761/1646/1781 1766/1651/1786 1764/1649/1784
f 1761/1646/1781 1765/1650/1785 1767/1652/1787
f 1761/1646/1781 1767/1652/1787 1766/1651/1786
f 1762/1647/1782 1768/1653/1788 1763/1648/1783
f 1764/1649/1784 1766/1651/1786 1769/1654/1789
f 1764/1649/1784 1769/1654/1789 1770/1655/1790
f 1767/1652/1787 1771/1656/1791 1766/1651/1786
f 1766/1651/1786 1771/1656/1791 1769/1654/1789
f 1771/1656/1791 1772/1657/1792 1769/1654/1789
f 1773/1658/1793 1774/1659/1794 1762/1647/1782
f 1773/1658/1793 1775/1660/1795 1774/1659/1794
f 1773/1658/1793 1762/1647/1782 1764/1649/1784
f 1773/1658/1793 1776/1661/1796 1775/1660/1795
f 1773/1658/1793 1764/1649/1784 1777/1662/1797
f 1773/1658/1793 1777/1662/1797 1776/1661/1796
f 1774/1659/1794 1768/1653/1788 1762/1647/1782
f 1764/1649/1784 1778/1663/1798 1777/1662/1797
f 1764/1649/1784 1770/1655/1790 1778/1663/1798
f 1776/1661/1796 1777/1662/1797 1779/1664/1799
f 1777/1662/1797 1778/1663/1798 1779/1664/1799
f 1778/1663/1798 1780/1665/1800 1779/1664/1799
o Eyes
v 22.795362 29.160706 36.588730
v 14.341812 29.533638 39.178326
v 23.191534 22.722507 38.955154
v 14.187675 35.384499 35.690720
v 30.955090 22.511330 34.702152
v 22.395981 34.931065 33.382233
v 30.391584 28.598097 32.805386
v 14.466736 22.995836 41.748608
v 5.532674 35.946289 36.643311
v 5.339341 29.871578 40.400951
v 29.756208 34.074326 30.181030
v 5.182687 23.316395 43.036243
v -3.782377 30.349663 39.995735
v -3.171784 36.361923 36.239174
v -4.292720 23.665583 42.725014
v -12.765545 30.393246 38.293003
v -11.745725 36.444141 34.631592
v -21.251276 30.559208 35.034229
v -13.590656 23.857325 40.850468
v -22.333897 24.056198 37.463917
v -30.185492 24.260496 32.740475
v -19.968513 36.368664 31.713919
v -28.891775 30.650005 30.570805
v -36.764534 24.462584 26.817566
v -27.439825 36.367020 27.579861
v -35.435997 30.494831 25.141092
v -33.905106 35.908642 22.768955
vn 0.3592 0.4064 0.8401
vn 0.2097 0.4330 0.8767
vn 0.3743 0.3421 0.8619
vn 0.1995 0.5022 0.8415
vn 0.4503 0.3156 0.8352
vn 0.3408 0.4680 0.8154
vn 0.4278 0.3767 0.8216
vn 0.2162 0.3612 0.9071
vn 0.0596 0.5230 0.8503
vn 0.0613 0.4472 0.8924
vn 0.4014 0.4333 0.8069
vn 0.0615 0.3710 0.9266
vn -0.0897 0.4585 0.8842
vn -0.0826 0.5341 0.8414
vn -0.0962 0.3801 0.9199
vn -0.2390 0.4558 0.8574
vn -0.2234 0.5311 0.8173
vn -0.3803 0.4500 0.8080
vn -0.2514 0.3800 0.8902
vn -0.3978 0.3789 0.8356
vn -0.5421 0.3685 0.7552
vn -0.3585 0.5182 0.7765
vn -0.5188 0.4317 0.7379
vn -0.6114 0.3462 0.7116
vn -0.4918 0.4919 0.7184
vn -0.5829 0.4058 0.7040
vn -0.5506 0.4607 0.6961
vt 1.182660 -1.870980
vt 1.121400 -1.870980
vt 1.182660 -1.771390
vt 1.121400 -1.974520
vt 1.244140 -1.771390
vt 1.182660 -1.974520
vt 1.244140 -1.870980
vt 1.121400 -1.771390
vt 1.060300 -1.974520
vt 1.060300 -1.870980
vt 1.244140 -1.974520
vt 1.060300 -1.771390
vt 1.000000 -1.870980
vt 1.000000 -1.974520
vt 1.000000 -1.771390
vt 0.939701 -1.870980
vt 0.939701 -1.974520
vt 0.878600 -1.870980
vt 0.939701 -1.771390
vt 0.878600 -1.771390
vt 0.817338 -1.771390
vt 0.878600 -1.974520
vt 0.817338 -1.870980
vt 0.755859 -1.771390
vt 0.817338 -1.974520
vt 0.755859 -1.870980
vt 0.755859 -1.974520
s 1
usemtl Material.002
f 1781/1666/1801 1782/1667/1802 1783/1668/1803
f 1781/1666/1801 1784/1669/1804 1782/1667/1802
f 1781/1666/1801 1783/1668/1803 1785/1670/1805
f 1781/1666/1801 1786/1671/1806 1784/1669/1804
f 1781/1666/1801 1785/1670/1805 1787/1672/1807
f 1781/1666/1801 1787/1672/1807 1786/1671/1806
f 1782/1667/1802 1788/1673/1808 1783/1668/1803
f 1782/1667/1802 1784/1669/1804 1789/1674/1809
f 1782/1667/1802 1790/1675/1810 1788/1673/1808
f 1782/1667/1802 1789/1674/1809 1790/1675/1810
f 1787/1672/1807 1791/1676/1811 1786/1671/1806
f 1788/1673/1808 1790/1675/1810 1792/1677/1812
f 1789/1674/1809 1793/1678/1813 1790/1675/1810
f 1789/1674/1809 1794/1679/1814 1793/1678/1813
f 1792/1677/1812 1790/1675/1810 1795/1680/1815
f 1795/1680/1815 1790/1675/1810 1793/1678/1813
f 1796/1681/1816 1793/1678/1813 1797/1682/1817
f 1796/1681/1816 1795/1680/1815 1793/1678/1813
f 1796/1681/1816 1797/1682/1817 1798/1683/1818
f 1796/1681/1816 1799/1684/1819 1795/1680/1815
f 1796/1681/1816 1798/1683/1818 1800/1685/1820
f 1796/1681/1816 1800/1685/1820 1799/1684/1819
f 1793/1678/1813 1794/1679/1814 1797/1682/1817
f 1798/1683/1818 1801/1686/1821 1800/1685/1820
f 1798/1683/1818 1797/1682/1817 1802/1687/1822
f 1798/1683/1818 1803/1688/1823 1801/1686/1821
f 1798/1683/1818 1802/1687/1822 1803/1688/1823
f 1801/1686/1821 1803/1688/1823 1804/1689/1824
f 1802/1687/1822 1805/1690/1825 1803/1688/1823
f 1804/1689/1824 1803/1688/1823 1806/1691/1826
f 1803/1688/1823 1805/1690/1825 1806/1691/1826
f 1805/1690/1825 1807/1692/1827 1806/1691/1826
o Head
v 44.069683 9.584690 -7.497890
v 44.122147 3.664136 -1.226060
v 42.702263 4.813289 -7.830149
v 46.392567 13.397949 0.155467
v 45.606121 8.360877 -0.491977
v 44.831551 14.607924 -6.985213
v 41.337246 10.741639 -14.065344
v 40.017334 5.855464 -14.021796
v 46.581062 18.445499 0.738992
v 42.053085 15.894773 -13.705671
v 45.011841 19.666939 -6.356109
v 46.290615 23.158014 1.251074
v -46.397633 14.914282 -3.200390
v -44.351433 16.012619 -10.409842
v -43.724808 10.934831 -10.892761
v -46.296558 8.445280 3.767334
v -44.773972 3.360624 2.992054
v -45.292618 7.156885 11.462242
v 36.373329 6.863122 -19.730227
v -45.709705 9.699499 -3.810430
v -46.969345 13.937065 4.481038
v 42.210354 21.048477 -13.033611
v -46.389915 20.121248 -2.693477
v -41.135899 0.310214 17.171398
v -42.470352 5.958356 19.041145
v -45.904022 12.983463 12.375217
v -43.828255 1.882592 10.096857
v 44.726166 24.432425 -5.609809
v -44.381771 21.066475 -9.851795
v -46.921272 19.416626 4.916417
v -36.511906 -1.244514 23.772003
v -42.956158 12.129591 20.195929
v 45.711765 27.288958 1.635247
v 37.520081 11.872313 -20.153080
v -45.866665 24.933773 -2.345289
v -43.949398 25.758163 -9.255556
v -45.750137 18.909479 12.783942
v -37.670780 4.750957 26.135698
v 38.154045 17.192465 -19.925175
v -45.103802 29.003849 -2.186904
v -43.240482 29.852001 -8.721448
v -46.305977 24.559259 5.043664
v -42.687263 18.465168 20.494125
v -31.105999 3.523467 32.205006
v -44.269802 32.363308 -2.212484
v -44.991371 24.520769 12.633072
v -45.407429 28.959709 4.854532
v -38.031334 11.355257 27.423124
v 44.130798 28.660114 -4.825343
v 41.902458 25.962336 -12.055381
v 31.687523 7.787223 -25.005287
v -42.354687 33.168228 -8.291679
v -41.778847 24.547184 20.016171
v -43.861759 29.559977 12.038765
v -44.254662 33.033443 4.422738
v -31.395741 10.474779 33.650017
v 38.268631 22.493074 -19.174532
v 32.692528 12.936420 -25.674292
v 41.243992 30.409664 -10.880528
v -37.704144 18.019257 27.636683
v -36.764534 24.462587 26.817568
v -40.473293 30.158154 18.859264
v -23.388992 9.767769 38.608501
v -23.157383 2.493166 37.008366
v 33.230423 18.383083 -25.543205
v 26.917259 13.830832 -30.505947
v 26.055080 8.526915 -29.594131
v 37.919174 27.600485 -17.936798
v -42.446358 34.132114 10.977133
v -30.185492 24.260500 32.740479
v -31.054403 17.552479 33.795151
v -35.435997 30.494839 25.141092
v -23.103405 17.108158 38.707481
v -14.304758 1.716594 40.407257
v -13.832006 -4.937572 37.063896
v -4.888451 1.224934 42.288704
v 27.371660 19.521626 -30.454573
v 33.308182 23.878168 -24.684200
v 20.286112 14.577554 -34.593082
v -22.333897 24.056202 37.463917
v -33.905106 35.908646 22.768955
v -4.683041 -5.420225 38.880074
v 4.650762 -5.470129 39.215843
v 19.577150 9.113049 -33.361404
v 43.756901 46.136208 3.180531
v 43.513405 41.022518 2.472717
v 42.278797 42.620674 -1.343508
v 42.594696 47.125015 -0.114205
v 43.718117 50.461506 3.769188
v -38.915989 35.228046 17.114641
v 37.158627 32.321434 -16.339962
v 4.720599 1.168403 42.622375
v 27.404129 25.179388 -29.521826
v 12.959175 15.213520 -37.950829
v 20.647758 20.390043 -34.592945
v 12.339617 9.656155 -36.425499
v 42.817619 50.957985 1.093583
v 42.752964 54.128845 1.901619
v -27.439825 36.367023 27.579861
v -25.982784 41.355759 23.763700
v 41.277138 51.677723 -0.813731
v 41.706871 53.798149 0.449114
v -32.270493 40.546177 19.812193
v 13.664588 -5.062871 38.141529
v 39.450115 53.114506 -1.688054
v 40.885887 55.274559 0.249141
v 40.552841 48.643074 -2.411307
v 42.352654 56.501640 2.178796
v 43.584972 53.921192 4.142686
v -19.968513 36.368668 31.713921
v -18.471096 41.428078 27.573675
v 14.146445 1.418305 41.351643
v 32.955956 29.161106 -23.200182
v -41.146591 49.079121 0.579346
v -41.026196 52.665321 -0.561140
v -41.602470 48.420277 -3.005539
v 13.207281 21.154102 -37.811115
v 20.666822 26.261082 -33.567589
v 37.963230 50.474674 -3.612132
v 36.195652 47.244900 -5.766066
v -40.624878 48.567589 -6.644025
v -41.192760 52.501888 -3.209835
v -11.745725 36.444145 34.631592
v -10.587830 41.571419 30.279640
v 22.390505 -4.250874 35.589787
v 23.030781 1.963587 38.508141
v 39.483818 56.964474 0.194951
v 37.318775 54.721783 -1.868409
v 43.263172 56.649094 4.504745
v 5.073850 15.636848 -39.709618
v -39.036991 46.536453 5.763313
v -39.479317 50.444695 3.487253
v -40.476604 52.887501 -6.033587
v -3.171784 36.361927 36.239174
v -16.577328 45.537083 22.870110
v 4.717245 10.027629 -38.034874
v 32.275970 33.977383 -21.202511
v 29.948347 -3.159479 31.509958
v 30.872341 2.775976 34.116161
v 27.075655 30.617525 -27.761347
v 14.417432 8.678427 43.010296
v 35.050732 52.328678 -3.902631
v -40.660614 54.955631 -1.445715
v -40.730526 55.618492 -3.210608
v -2.505674 41.502377 31.790058
v 41.281750 58.803921 2.769164
v 37.232979 3.661808 28.320992
v 23.375492 8.896618 40.027023
v 13.203928 27.127680 -36.733223
v 5.227331 21.585058 -39.555950
v -36.960617 52.065128 5.425665
v -35.817818 48.563290 7.877600
v -33.939487 53.645977 6.474072
v -37.820381 55.100658 2.962789
v -39.790768 53.730320 1.496228
v -40.236427 56.336399 -5.616629
v -9.262877 45.672112 25.609367
v 31.341238 38.129826 -18.901691
v 35.947800 36.654251 -14.405989
v 26.499573 35.567535 -25.318499
v 37.566456 58.315735 0.532093
v 36.044716 -1.913645 26.157524
v 42.288429 59.768600 4.991344
v 14.534233 16.023678 43.089626
v 37.790497 9.802982 29.597248
v 20.376974 31.871147 -31.553062
v -35.417427 56.429897 3.853595
v -40.022800 56.628185 -0.896638
v -40.231483 58.237823 -2.695460
v -1.833780 45.608822 27.035418
v 5.269340 27.566851 -38.436573
v 25.804365 39.869019 -22.326174
v 32.250744 53.944775 -3.393163
v 32.335976 49.531040 -6.092036
v 23.412607 15.983084 40.136734
v 31.302322 9.357498 35.495628
v 41.783077 4.647913 21.600451
v 35.057178 56.130859 -1.447845
v 39.906872 60.323200 3.303489
v -36.827042 59.438709 1.009826
v -39.851894 59.043949 -5.172331
v -38.770794 58.214176 0.092826
v -7.797306 48.803688 21.181036
v 13.011908 32.864601 -34.712318
v 19.845701 36.963821 -28.713234
v 14.466736 22.995840 41.748608
v 42.498566 10.436258 22.667915
v 37.820705 16.145437 29.867653
v -27.816265 55.911118 6.135448
v -24.615927 53.528549 8.347981
v -25.461498 56.727570 5.053664
v 12.599760 38.012169 -31.682159
v -21.808428 54.475296 7.046672
v -20.166218 50.731224 10.656149
v -39.456039 60.389084 -2.128749
v -37.805710 61.921932 -1.313287
v -1.198859 48.691494 22.344988
v 32.898552 57.149250 -0.540423
v 29.832556 55.081947 -2.137010
v 23.191534 22.722511 38.955158
v 40.374039 -0.543587 19.900517
v 43.007862 0.831305 13.212479
v 31.313976 16.030588 35.672451
v 42.591881 16.364017 23.069588
v -28.397690 58.573547 3.355679
v -23.760239 57.435905 3.250181
v 41.105976 61.085522 5.327065
v -19.604364 55.049442 4.877553
v -38.839279 62.106194 -4.454344
v -34.525654 60.035534 1.597772
v -6.334826 50.921600 16.900787
v 5.194413 33.332191 -36.366405
v 35.381771 59.029182 1.239274
v 44.598164 5.826267 14.350191
v 30.955090 22.511333 34.702152
v 37.393291 22.265944 29.234169
v -27.291908 59.291050 1.856682
v -18.241438 55.534855 2.109050
v -22.725346 57.865952 0.963673
v -37.692623 63.355999 -3.847445
v -36.017288 62.319141 -0.707975
v -0.616372 50.828213 17.870834
v 12.092688 42.473095 -27.923426
v 18.536364 45.017773 -21.258888
v 25.295784 43.344219 -18.640366
v 44.302765 2.331050 5.877922
v 19.224365 41.367558 -25.270386
v 45.400005 11.275562 15.235585
v 42.208035 22.008232 22.785685
v 30.391584 28.598101 32.805389
v -30.336250 57.993633 3.995606
v -14.799491 52.635715 6.600380
v -26.523415 59.779636 -0.129859
v -36.083893 63.663342 -3.029885
v -32.789936 57.388603 4.190358
v -32.256676 59.963852 2.031286
v -5.077911 52.296917 12.847515
v 45.838730 7.061651 6.848539
v 26.174717 52.795803 -3.635174
v 28.914217 51.641621 -5.254750
v 25.585640 49.700466 -6.727453
v 45.564644 16.751764 15.684536
v 36.708912 27.934250 27.845577
v -30.268318 59.721573 2.203114
v -17.027147 51.912796 9.055564
v -29.993597 61.279743 -1.138433
v -30.588997 60.805141 0.654663
v -32.811161 62.652134 -1.935361
v -30.740540 54.954224 6.685528
v -0.080792 52.213310 13.613570
v 38.230774 60.967518 3.639944
v 46.663361 12.232851 7.634686
v 45.606121 8.360877 -0.491977
v 45.229752 21.921776 15.701153
v -13.208420 53.050835 3.509829
v -33.281296 61.835552 0.092527
v -28.084888 52.358524 9.232924
v 0.420081 53.065742 9.522581
v -4.074930 53.135548 8.897459
v 39.372665 61.489162 5.755510
v 29.756208 34.074329 30.181030
v 41.533176 27.099434 21.981283
v 46.835300 17.435085 8.160719
v 46.392567 13.397949 0.155467
v -11.960332 52.865143 7.299402
v 4.973792 38.485550 -33.196331
v 0.899298 53.594597 5.537535
v -3.340817 53.657318 4.995840
v -9.793216 52.297775 11.788298
v 35.884293 33.072777 25.823626
v 44.650093 26.364820 15.339913
v 46.581062 18.445499 0.738992
v -8.286541 53.072685 8.126368
v 27.766939 55.856972 -0.464103
v -7.306846 53.554035 4.405197
v 31.067719 57.761250 0.721766
v -11.791847 51.025043 15.368248
v 11.488161 46.171162 -23.654083
v 29.110167 38.777573 26.958733
v 22.139702 39.969173 29.366592
v 40.661179 31.737482 20.653328
v 46.520359 22.271761 8.411317
v 22.395981 34.931068 33.382233
v 43.860382 30.494520 14.681957
v 46.290615 23.158014 1.251074
v 33.330467 59.169857 2.052643
v 45.974007 26.379560 8.417271
v 35.421284 60.428463 4.093889
v 35.884060 60.672771 6.062813
v 4.652303 42.961182 -29.327621
v 13.970579 40.493313 31.350855
v 5.697884 41.102169 32.175781
v 14.187675 35.384502 35.690720
v 45.711765 27.288958 1.635247
v 23.843103 53.745163 -1.740932
v 45.360382 29.780733 8.223143
v 10.639738 48.998707 -18.891352
v 17.502419 47.942509 -16.837141
v 29.711414 58.057274 2.277284
v 31.750570 58.911106 2.854998
v 5.715548 45.240528 27.353302
v 13.443698 44.672066 26.365452
v 32.885506 59.467960 6.182573
v 5.532674 35.946293 36.643314
v 26.204821 56.302490 1.589929
v 4.248638 46.667114 -24.943579
v 29.226507 58.232010 4.216340
v 32.497063 59.493031 4.267321
v 44.940830 30.652922 1.872122
v 29.197001 58.174122 6.357661
v 21.949940 54.304184 0.743337
v 3.773003 49.489815 -20.159948
v 9.501163 51.277805 -14.406603
v 13.504289 52.281353 -8.658966
v 15.592415 50.727570 -12.672060
v 5.485988 48.420948 22.727608
v 25.394764 56.482216 3.971649
v 18.095806 52.344234 -0.036632
v 20.270329 51.789604 -2.586891
v 12.228670 48.157330 22.196720
v 20.828436 54.570801 3.572468
v 5.167870 50.590164 18.240044
v 25.146721 56.486595 6.537413
v 8.310092 52.819939 -10.010939
v 3.290993 51.689083 -15.475842
v 15.848889 52.628254 3.098744
v 14.213402 52.854771 -0.580020
v 40.424667 48.142334 12.790459
v 39.197784 52.881481 11.930004
v 37.624390 49.916054 14.109587
v 20.394634 54.421623 6.607444
v 2.799548 53.155220 -10.892127
v 7.222030 53.592884 -5.833634
v 11.846577 53.105038 -4.882981
v 4.955198 52.007828 14.015668
v 10.827828 50.373283 18.001854
v 10.529239 53.405704 -1.186008
v 15.041498 52.236851 6.798962
v 13.064564 52.907276 2.908398
v 2.315773 53.894279 -6.554172
v 6.316107 53.853271 -1.840202
v 9.586511 53.393726 2.534161
v 5.611957 53.756855 2.074386
v 1.840634 54.108635 -2.420243
v 36.734016 54.350948 12.254177
v 34.538094 51.672886 14.446906
v 41.371098 51.391743 10.945892
v 42.634598 46.665047 10.333975
v 43.863152 45.957668 6.945208
v 42.983257 50.244698 9.220069
v 4.935071 52.875938 9.946492
v 9.779956 51.733799 14.067198
v 1.370445 53.960613 1.581503
v 5.147057 53.412750 5.984082
v 9.130322 53.080421 6.318974
v 0.899298 53.594597 5.537535
v -40.554180 12.023016 -17.350632
v -42.381248 6.156619 -11.297635
v -43.724808 10.934831 -10.892761
v -39.420330 7.179544 -17.391668
v -44.351433 16.012619 -10.409842
v -41.126755 17.084700 -16.993324
v -44.381771 21.066475 -9.851795
v -41.158939 22.149837 -16.388958
v 43.756901 46.136208 3.180531
v 43.743843 50.054523 6.679318
v 38.927383 57.255947 9.829903
v 42.310474 54.255859 8.689413
v 5.147057 53.412750 5.984082
v 9.200661 52.568813 10.162399
v 28.794966 54.279938 12.726685
v 26.801702 55.221687 11.138661
v 25.042145 52.097733 14.129665
v 22.666790 53.193817 12.224916
v 34.158207 55.459579 11.985122
v 31.455662 53.162121 13.927022
v -43.949398 25.758163 -9.255556
v -36.325912 12.979402 -23.107653
v 43.718117 50.461506 3.769188
v 42.961220 52.546173 8.290365
v 40.956944 55.916927 9.375517
v 9.130322 53.080421 6.318974
v -35.331017 8.026528 -22.794592
v -30.422718 8.787764 -27.507278
v 30.149466 56.886589 10.172317
v 31.853197 56.201725 11.236315
v 36.590214 57.986423 9.877782
v 25.602943 56.013584 8.997530
v 21.055799 53.877888 9.611611
v 43.471958 53.192307 6.593076
v 42.256287 58.034653 7.385005
v 40.552650 59.664135 7.809965
v -40.781963 26.896229 -15.565505
v -43.240482 29.852001 -8.721448
v 15.854396 51.752464 10.169409
v 20.394634 54.421623 6.607444
v 15.041498 52.236851 6.798962
v 12.596704 52.578983 6.534123
v 12.948336 52.147434 10.199514
v 29.459917 57.655819 8.464289
v 32.296837 57.918839 9.487567
v 34.282005 58.046623 9.778375
v 43.584972 53.921192 4.142686
v 43.017616 55.839111 6.997220
v 25.146721 56.486595 6.537413
v 33.025436 58.972168 8.061281
v 38.698578 60.166302 7.991182
v 35.828949 59.844231 8.139023
v 43.263172 56.649094 4.504745
v 29.197001 58.174122 6.357661
v 32.885506 59.467960 6.182573
v 42.288429 59.768600 4.991344
v 41.105976 61.085522 5.327065
v 39.372665 61.489162 5.755510
v 35.884060 60.672771 6.062813
v 0.899298 53.594597 5.537535
v 1.370445 53.960613 1.581503
v -3.340817 53.657318 4.995840
v -2.875472 54.001411 1.086196
v 1.840634 54.108635 -2.420243
v -7.306846 53.554035 4.405197
v 2.315773 53.894279 -6.554172
v -2.655550 54.111778 -2.884771
v -36.811260 18.167147 -22.887833
v -6.863465 53.867710 0.618893
v -2.633849 53.876869 -6.981153
v 2.799548 53.155220 -10.892127
v -6.924781 53.908619 -3.218177
v -31.155296 13.851105 -28.148943
v -24.606394 9.409259 -31.559580
v -2.776030 53.139370 -11.301695
v -40.143375 31.088367 -14.637371
v -13.208420 53.050835 3.509829
v -13.121264 53.462990 -0.274246
v -18.241438 55.534855 2.109050
v -42.354687 33.168228 -8.291679
v -36.825562 23.325794 -22.235750
v 3.290993 51.689083 -15.475842
v -7.373168 53.658829 -7.120733
v -17.957760 55.688358 -0.943405
v 3.773003 49.489815 -20.159948
v -3.011851 51.638351 -15.863491
v -22.725346 57.865952 0.963673
v -14.600838 53.286346 -3.843498
v -25.136789 14.602697 -32.407349
v -36.471802 28.220589 -21.180483
v -3.218078 49.398003 -20.504814
v -8.163808 52.905693 -11.181779
v -22.377617 57.858700 -1.590485
v -26.523415 59.779636 -0.129859
v -18.413153 55.467178 -3.956135
v 4.248638 46.667114 -24.943579
v -3.109730 46.591782 -25.353714
v -31.521360 19.200071 -28.037472
v -9.359743 51.446537 -15.577236
v -26.057240 59.824936 -2.220339
v -29.175087 61.270031 -2.913160
v -16.159758 52.839291 -6.828442
v -18.365381 15.135592 -35.778198
v -18.038284 9.797407 -34.727913
v -10.845995 9.989653 -36.903568
v -22.628160 57.709541 -4.095692
v 4.652303 42.961182 -29.327621
v -2.927119 42.905869 -29.672180
v -10.417666 48.746986 -20.087872
v -28.158619 60.637310 -4.120223
v -29.494816 60.980083 -5.262098
v -35.849052 32.630997 -19.856459
v -39.346634 34.682030 -13.705412
v -35.089272 36.440552 -18.324402
v -31.503880 24.503479 -27.298134
v -25.380093 20.071869 -32.367218
v -19.714094 55.000191 -6.812293
v -26.093195 59.665215 -4.220041
v -29.993597 61.279743 -1.138433
v 4.973792 38.485550 -33.196331
v -2.810350 38.456192 -33.476357
v -10.573396 45.856529 -24.648132
v -31.923412 62.368916 -3.747045
v -27.070765 59.436436 -6.047290
v -23.699766 57.339905 -6.456367
v -21.598667 54.172318 -9.197425
v -2.807608 33.320419 -36.554180
v -10.591940 37.840839 -32.257084
v -10.528384 42.224846 -28.734495
v -31.309216 60.950798 -6.525549
v -34.518387 63.063690 -4.830231
v -32.811161 62.652134 -1.935361
v -38.683136 49.466949 -9.577366
v -40.624878 48.567589 -6.644025
v -40.476604 52.887501 -6.033587
v -10.941666 15.477342 -38.228928
v -3.079469 10.100435 -38.220741
v -31.158318 29.590862 -25.979479
v -30.517712 34.271439 -24.219507
v -25.366793 56.672428 -8.563866
v 5.194413 33.332191 -36.366405
v -10.745359 32.767899 -35.176628
v -17.682745 41.122044 -27.389370
v -17.837265 44.587044 -23.662338
v -28.594690 58.921101 -7.700074
v -36.083893 63.663342 -3.029885
v -23.954248 53.164967 -11.410216
v -20.492294 51.028141 -12.092302
v 5.269340 27.566851 -38.436573
v -10.883245 27.170155 -37.240959
v -18.195669 31.921959 -33.032280
v -17.915688 36.847301 -30.489759
v -18.495394 20.843225 -35.794865
v -25.340660 25.568058 -31.512674
v -33.310123 60.357948 -7.720059
v -30.541636 58.021004 -9.085505
v -36.106304 62.513424 -5.546716
v -37.692623 63.355999 -3.847445
v -27.492638 55.666203 -10.349077
v -38.959236 53.314278 -8.427686
v -2.856163 27.590429 -38.603096
v -36.085640 50.851341 -11.334312
v -38.901768 56.481621 -7.605431
v -23.947485 39.722900 -25.338949
v -23.290501 42.671471 -22.942402
v -38.839279 62.106194 -4.454344
v -32.722591 56.739933 -10.023316
v -35.172478 59.115597 -8.497272
v -40.236427 56.336399 -5.616629
v -30.187963 54.208447 -11.498363
v 5.227331 21.585058 -39.555950
v -18.419636 26.499741 -34.857079
v -3.015608 15.673813 -39.810772
v -10.962877 21.300861 -38.273365
v -24.563438 35.615135 -27.820312
v -29.539227 38.541176 -22.030632
v -37.405842 61.071201 -6.392423
v -33.189873 52.524887 -11.896475
v -34.926189 55.257565 -10.347677
v 5.073850 15.636848 -39.709618
v -2.951304 21.619690 -39.692455
v -31.161558 49.185738 -13.608452
v -37.570694 56.082428 -8.781163
v -36.983719 53.932705 -9.925632
v -25.038971 30.832155 -29.952522
v -36.643219 57.508461 -8.777564
v -38.441643 58.829620 -7.228074
v -39.851894 59.043949 -5.172331
v 4.717245 10.027629 -38.034874
v -29.571795 45.352657 -15.391411
v -34.404377 39.924366 -16.535925
v -34.290363 42.561138 -14.745852
v -35.030544 46.948566 -13.000769
v -37.986248 40.268143 -11.932002
v 4.268819 5.280821 -35.358177
v -27.687109 43.120281 -19.109730
v -27.206650 51.246716 -13.024571
v -24.264750 48.830982 -14.304651
v -38.350094 44.943920 -10.731112
v -19.401999 47.581879 -18.691998
v -3.037949 5.434609 -35.617111
v -38.587128 37.793457 -12.782320
v -10.750448 5.151746 -34.340206
v -15.683874 50.968109 -14.383119
v -18.138391 52.085777 -9.432259
v -13.219660 52.497814 -10.526899
v -40.516506 43.443760 -7.310870
v -11.650416 53.263180 -7.055311
v -40.624214 38.722103 -7.706578
v -10.674813 53.571892 -3.477751
v -17.521893 5.048604 -32.604877
v -41.408806 36.130520 -7.987150
v -10.356368 53.582123 0.181502
v -23.758118 4.775205 -29.790672
v -10.752741 53.251770 3.815551
v -29.339046 4.225444 -25.988979
v 14.100276 51.319534 13.841110
v 17.414190 50.920414 13.065563
v 16.083759 50.079361 16.896019
v 20.029675 49.573036 15.336149
v -42.381248 6.156619 -11.297635
v -44.263245 4.882964 -4.433804
v -41.961880 1.026190 -5.160671
v -42.288364 -0.804655 2.627207
v -40.167625 2.013957 -11.675537
v 31.670961 48.904316 16.576843
v 28.143095 50.738388 15.779539
v 12.596704 52.578983 6.534123
v 43.790157 40.901878 7.282060
v 43.513405 41.022518 2.472717
v 35.752201 46.501060 16.210484
v 18.729464 48.105400 20.370464
v 23.233208 47.837383 17.638142
v 39.250278 44.280678 14.878284
v 42.083473 42.157276 11.730559
v 43.440651 36.299885 2.081080
v 15.965051 52.467476 -3.840047
v 27.194054 45.655102 19.123474
v 33.661877 42.060959 18.988373
v 18.243233 51.591255 -6.863680
v 43.694538 35.871853 7.720921
v 44.120174 33.666115 1.970976
v 22.424070 44.517487 24.102617
v 37.840466 39.317177 17.167898
v 41.703098 36.805851 12.940510
v 44.583527 33.170586 7.905701
v 22.747955 50.907692 -4.671866
v 28.660604 42.120903 23.531544
v 21.435871 49.898552 -10.061273
v 42.808392 34.152237 13.871786
v 34.936516 37.697445 23.056652
v 39.456097 35.951527 19.032755
v 25.845295 46.278133 -13.423862
v -10.752741 53.251770 3.815551
v -31.799910 50.733177 9.186944
v 34.712669 2.379877 -18.531448
v 44.122147 3.664136 -1.226060
v 29.634129 47.277958 -8.029211
v -13.962585 52.128132 10.573756
v 30.193985 3.220646 -23.509039
v 42.014530 -1.393481 4.616688
v -28.544746 -7.653887 25.371218
v -20.650141 -9.114004 29.490574
v -22.320492 -4.026008 33.951794
v -30.166996 -2.736497 29.470524
v 33.737831 41.350403 -11.958035
v 30.320250 41.126743 -16.700512
v -16.661541 51.022877 13.083490
v -14.241804 48.920044 19.114765
v -23.905922 49.195633 12.149740
v 34.842518 43.496643 -7.891659
v 24.796196 3.829264 -27.677792
v -20.141926 49.225430 15.844676
v -28.219372 47.251770 12.671700
v 28.340818 -7.815923 27.651617
v -24.792311 45.877964 18.605223
v 39.492279 37.795132 -7.932150
v -34.676907 44.030048 11.031700
v 21.475933 -9.095167 31.195118
v -30.857008 43.835827 16.601919
v 39.688305 44.795609 -4.301268
v 39.120464 40.445900 -6.198641
v 41.935314 37.965302 -2.626746
v 12.776674 -10.077154 33.382454
v -41.187874 44.556664 2.035293
v -37.097191 39.773003 14.669781
v -38.474747 41.516102 8.282529
v 42.573761 35.454910 -3.332771
v 40.370281 34.266285 -9.538658
v 4.706628 -10.648477 34.182472
v 4.268819 5.280821 -35.358177
v -41.896282 43.370853 -2.694396
v -40.516506 43.443760 -7.310870
v -41.400059 39.200359 3.264823
v -40.664051 38.260086 9.704380
v -4.250800 -10.688679 33.863777
v -40.624214 38.722103 -7.706578
v -42.838642 36.620045 3.899916
v -42.189884 38.346500 -2.278588
v 43.440651 36.299885 2.081080
v 11.436506 5.017547 -33.931850
v -41.408806 36.130520 -7.987150
v -43.249538 35.701382 -2.320689
v 44.120174 33.666115 1.970976
v 43.346870 32.299324 -4.077421
v 18.621035 4.305445 -30.920488
v 44.940830 30.652922 1.872122
v -13.025042 -10.137562 32.117977
v 34.242165 -6.210848 22.947227
v 38.209084 -4.592100 17.656834
v 40.440083 -3.188368 12.259266
v -34.328804 -6.010179 20.355003
v 41.822922 -0.348494 -2.129392
v -38.891655 -4.103593 14.432268
v -41.439640 -2.297126 8.383347
v 37.986725 1.563824 -13.515049
v -37.702225 2.848483 -17.093994
v -33.718140 3.629907 -21.863634
v 40.718502 0.588892 -7.963482
v -40.167625 2.013957 -11.675537
v 41.822922 -0.348494 -2.129392
vn 0.9294 -0.1762 -0.3244
vn 0.9049 -0.3407 -0.2552
vn 0.8872 -0.3177 -0.3347
vn 0.9722 -0.0675 -0.2244
vn 0.9520 -0.1881 -0.2416
vn 0.9500 -0.0544 -0.3075
vn 0.8640 -0.1613 -0.4769
vn 0.8106 -0.3190 -0.4911
vn 0.9772 0.0342 -0.2094
vn 0.8858 -0.0290 -0.4632
vn 0.9546 0.0521 -0.2933
vn 0.9731 0.1173 -0.1982
vn -0.9830 -0.0441 -0.1780
vn -0.9605 -0.0317 -0.2766
vn -0.9424 -0.1632 -0.2921
vn -0.9794 -0.2017 -0.0059
vn -0.9183 -0.3927 -0.0500
vn -0.9547 -0.2203 0.1999
vn 0.7274 -0.3196 -0.6072
vn -0.9633 -0.1803 -0.1987
vn -0.9980 -0.0578 0.0253
vn 0.8892 0.0872 -0.4491
vn -0.9846 0.0676 -0.1612
vn -0.8248 -0.4520 0.3398
vn -0.8768 -0.2424 0.4154
vn -0.9690 -0.0620 0.2391
vn -0.8994 -0.4148 0.1379
vn 0.9486 0.1427 -0.2824
vn -0.9628 0.0733 -0.2600
vn -0.9969 0.0626 0.0475
vn -0.7086 -0.4900 0.5078
vn -0.8879 -0.0668 0.4552
vn 0.9627 0.1924 -0.1903
vn 0.7792 -0.1475 -0.6092
vn -0.9772 0.1527 -0.1475
vn -0.9558 0.1577 -0.2481
vn -0.9609 0.0729 0.2672
vn -0.7526 -0.2664 0.6022
vn 0.8010 -0.0020 -0.5987
vn -0.9670 0.2150 -0.1370
vn -0.9405 0.2324 -0.2477
vn -0.9848 0.1612 0.0642
vn -0.8742 0.0924 0.4768
vn -0.6028 -0.2921 0.7425
vn -0.9550 0.2634 -0.1364
vn -0.9393 0.1903 0.2856
vn -0.9685 0.2380 0.0731
vn -0.7595 -0.0743 0.6463
vn 0.9356 0.2215 -0.2749
vn 0.8790 0.1921 -0.4364
vn 0.6257 -0.3216 -0.7107
vn -0.9199 0.2930 -0.2607
vn -0.8420 0.2290 0.4885
vn -0.9106 0.2863 0.2981
vn -0.9426 0.3230 0.0844
vn -0.6108 -0.0868 0.7870
vn 0.8021 0.1288 -0.5831
vn 0.6778 -0.1373 -0.7223
vn 0.8568 0.2891 -0.4270
vn -0.7445 0.1039 0.6595
vn -0.7419 0.2300 0.6298
vn -0.7993 0.3450 0.4921
vn -0.5293 -0.0951 0.8431
vn -0.4666 -0.3521 0.8114
vn 0.6999 0.0232 -0.7138
vn 0.5642 -0.1355 -0.8145
vn 0.5072 -0.3358 -0.7937
vn 0.7876 0.2503 -0.5630
vn -0.8686 0.3977 0.2957
vn -0.5823 0.1971 0.7887
vn -0.5967 0.1060 0.7954
vn -0.7372 0.3750 0.5621
vn -0.5186 0.1061 0.8484
vn -0.2758 -0.4459 0.8516
vn -0.2642 -0.5715 0.7769
vn -0.1159 -0.4558 0.8825
vn 0.5873 0.0444 -0.8081
vn 0.7008 0.1678 -0.6934
vn 0.4512 -0.1437 -0.8808
vn -0.5042 0.2025 0.8395
vn -0.6221 0.5319 0.5744
vn -0.1108 -0.5772 0.8090
vn 0.0459 -0.5804 0.8130
vn 0.3926 -0.3648 -0.8443
vn 0.9475 0.0296 -0.3184
vn 0.9524 0.0057 -0.3048
vn 0.8871 0.0651 -0.4569
vn 0.8775 0.0841 -0.4721
vn 0.9464 0.0661 -0.3162
vn -0.7446 0.4663 0.4776
vn 0.7577 0.3707 -0.5371
vn 0.0471 -0.4552 0.8892
vn 0.5869 0.2043 -0.7834
vn 0.3017 -0.1402 -0.9431
vn 0.4680 0.0634 -0.8815
vn 0.2585 -0.3858 -0.8856
vn 0.8848 0.1117 -0.4524
vn 0.8616 0.1768 -0.4759
vn -0.4262 0.6297 0.6495
vn -0.3896 0.6857 0.6149
vn 0.6965 0.2202 -0.6830
vn 0.7162 0.2542 -0.6500
vn -0.5421 0.6371 0.5479
vn 0.2002 -0.5734 0.7944
vn 0.4905 0.3507 -0.7977
vn 0.5842 0.3403 -0.7368
vn 0.6740 0.2022 -0.7105
vn 0.7719 0.3422 -0.5358
vn 0.9304 0.1243 -0.3448
vn -0.3106 0.6558 0.6881
vn -0.2845 0.7146 0.6390
vn 0.2471 -0.3727 0.8945
vn 0.6850 0.2998 -0.6640
vn -0.9544 0.1091 0.2780
vn -0.9530 0.1781 0.2453
vn -0.9950 0.0656 -0.0755
vn 0.3113 0.0900 -0.9460
vn 0.4642 0.2353 -0.8539
vn 0.4512 0.3270 -0.8304
vn 0.4185 0.3310 -0.8458
vn -0.9641 0.0517 -0.2605
vn -0.9887 0.1198 -0.0902
vn -0.1951 0.6599 0.7256
vn -0.1842 0.7139 0.6756
vn 0.3714 -0.5485 0.7491
vn 0.3987 -0.3210 0.8591
vn 0.3982 0.4971 -0.7709
vn 0.2893 0.4722 -0.8327
vn 0.8676 0.2915 -0.4029
vn 0.2075 -0.1353 -0.9688
vn -0.7879 0.2199 0.5752
vn -0.8018 0.2396 0.5475
vn -0.9710 0.0936 -0.2199
vn -0.0683 0.6580 0.7499
vn -0.2507 0.7805 0.5727
vn 0.1749 -0.3906 -0.9038
vn 0.6576 0.4215 -0.6244
vn 0.5441 -0.5261 0.6536
vn 0.5779 -0.3048 0.7571
vn 0.5685 0.3504 -0.7444
vn 0.3153 -0.1194 0.9414
vn 0.2440 0.4630 -0.8521
vn -0.9492 0.2333 0.2113
vn -0.9847 0.1731 -0.0177
vn -0.0612 0.7100 0.7015
vn 0.5885 0.5352 -0.6060
vn 0.7428 -0.2891 0.6039
vn 0.4079 -0.1161 0.9056
vn 0.3122 0.2495 -0.9167
vn 0.2166 0.0989 -0.9712
vn -0.5919 0.3660 0.7182
vn -0.5641 0.3563 0.7448
vn -0.3886 0.4847 0.7836
vn -0.6277 0.3973 0.6694
vn -0.8026 0.2982 0.5165
vn -0.9794 0.1421 -0.1437
vn -0.1616 0.7921 0.5887
vn 0.6218 0.5394 -0.5678
vn 0.7076 0.4947 -0.5046
vn 0.5352 0.4820 -0.6937
vn 0.1565 0.6560 -0.7384
vn 0.6977 -0.4959 0.5171
vn 0.6570 0.5264 -0.5396
vn 0.3151 0.0820 0.9455
vn 0.7544 -0.1142 0.6464
vn 0.4514 0.3944 -0.8005
vn -0.4145 0.5058 0.7565
vn -0.8730 0.2888 0.3929
vn -0.9572 0.2484 0.1485
vn -0.0472 0.7966 0.6026
vn 0.2160 0.2558 -0.9423
vn 0.4868 0.6139 -0.6214
vn 0.0482 0.6031 -0.7962
vn 0.2207 0.4602 -0.8600
vn 0.4032 0.0772 0.9119
vn 0.5854 -0.1131 0.8029
vn 0.8692 -0.2728 0.4123
vn 0.0903 0.6075 -0.7892
vn 0.3278 0.7453 -0.5806
vn -0.4669 0.4957 0.7323
vn -0.9658 0.2528 -0.0583
vn -0.7217 0.3598 0.5913
vn -0.1052 0.8678 0.4857
vn 0.3087 0.4159 -0.8554
vn 0.4216 0.5357 -0.7316
vn 0.3087 0.1791 0.9341
vn 0.8831 -0.1154 0.4547
vn 0.7452 0.0458 0.6653
vn -0.0068 0.6946 0.7193
vn 0.0282 0.6891 0.7241
vn 0.1415 0.7776 0.6126
vn 0.2892 0.5699 -0.7691
vn 0.1673 0.7797 0.6034
vn -0.1051 0.8552 0.5075
vn -0.8548 0.4106 0.3174
vn -0.5569 0.6301 0.5411
vn -0.0319 0.8712 0.4900
vn -0.0868 0.7274 -0.6807
vn -0.1447 0.7189 -0.6799
vn 0.3960 0.1689 0.9026
vn 0.8187 -0.4643 0.3379
vn 0.8814 -0.4446 0.1596
vn 0.5779 0.0658 0.8135
vn 0.8764 0.0200 0.4811
vn 0.1085 0.7786 0.6181
vn 0.2950 0.8548 0.4271
vn 0.3494 0.7895 -0.5045
vn 0.3065 0.8597 0.4087
vn -0.8469 0.5027 0.1732
vn -0.2229 0.6182 0.7538
vn -0.0659 0.9285 0.3655
vn 0.2115 0.4273 -0.8790
vn -0.0782 0.7924 -0.6049
vn 0.9415 -0.2571 0.2178
vn 0.5893 0.1917 0.7848
vn 0.7189 0.1840 0.6703
vn 0.2589 0.8612 0.4373
vn 0.3521 0.8788 0.3222
vn 0.3545 0.8750 0.3298
vn -0.6080 0.7023 0.3703
vn -0.1907 0.7603 0.6209
vn -0.0166 0.9281 0.3720
vn 0.2638 0.6930 -0.6709
vn 0.3497 0.7731 -0.5291
vn 0.4394 0.7298 -0.5237
vn 0.9112 -0.4119 -0.0105
vn 0.3862 0.6617 -0.6426
vn 0.9606 -0.1142 0.2533
vn 0.8579 0.1385 0.4949
vn 0.6085 0.3363 0.7188
vn -0.0426 0.6918 0.7208
vn 0.0814 0.9639 0.2537
vn 0.3155 0.8859 0.3401
vn -0.1975 0.8528 0.4835
vn -0.2065 0.6114 0.7639
vn -0.0226 0.7161 0.6977
vn -0.0409 0.9665 0.2533
vn 0.9714 -0.2361 0.0265
vn -0.1751 0.7258 -0.6653
vn -0.0013 0.6195 -0.7850
vn 0.1409 0.8121 -0.5662
vn 0.9613 0.0062 0.2755
vn 0.6832 0.3023 0.6647
vn 0.0910 0.7865 0.6109
vn -0.0168 0.9233 0.3838
vn 0.2885 0.8911 0.3503
vn 0.2125 0.8619 0.4605
vn 0.1739 0.8865 0.4288
vn -0.1797 0.6080 0.7733
vn -0.0022 0.9661 0.2583
vn -0.0070 0.9149 -0.4035
vn 0.9935 -0.1010 0.0521
vn 0.9734 -0.2184 -0.0690
vn 0.9513 0.1054 0.2896
vn 0.1000 0.9785 0.1802
vn 0.0765 0.8243 0.5609
vn -0.1366 0.6031 0.7858
vn 0.0087 0.9855 0.1695
vn -0.0267 0.9862 0.1637
vn 0.0146 0.9567 -0.2908
vn 0.5029 0.4995 0.7054
vn 0.8326 0.2361 0.5010
vn 0.9975 0.0105 0.0696
vn 0.9949 -0.0881 -0.0489
vn -0.0939 0.9881 0.1218
vn 0.1956 0.5836 -0.7881
vn 0.0131 0.9910 0.1331
vn -0.0228 0.9915 0.1281
vn -0.0791 0.9687 0.2352
vn 0.6403 0.4264 0.6389
vn 0.9378 0.1831 0.2951
vn 0.9994 0.0168 -0.0315
vn -0.0655 0.9874 0.1441
vn -0.2705 0.8034 -0.5304
vn -0.0701 0.9913 0.1117
vn -0.2370 0.8207 -0.5199
vn -0.1218 0.9286 0.3506
vn 0.2358 0.8031 -0.5471
vn 0.4371 0.6089 0.6619
vn 0.2764 0.6665 0.6924
vn 0.7986 0.3496 0.4898
vn 0.9920 0.0960 0.0818
vn 0.3008 0.6088 0.7341
vn 0.9148 0.2695 0.3007
vn 0.9946 0.1015 -0.0210
vn -0.2244 0.8776 -0.4236
vn 0.9832 0.1588 0.0901
vn -0.2600 0.9438 -0.2039
vn -0.2852 0.9564 -0.0625
vn 0.1772 0.7057 -0.6860
vn 0.1703 0.7015 0.6920
vn 0.0645 0.7067 0.7045
vn 0.1811 0.6416 0.7453
vn 0.9839 0.1770 -0.0237
vn -0.2753 0.7967 -0.5381
vn 0.9742 0.2079 0.0882
vn 0.2024 0.8700 -0.4497
vn 0.3105 0.8328 -0.4582
vn -0.3409 0.8896 -0.3039
vn -0.3138 0.9098 -0.2715
vn 0.0669 0.7855 0.6153
vn 0.1565 0.7688 0.6201
vn -0.3270 0.9434 0.0560
vn 0.0605 0.6525 0.7553
vn -0.3605 0.8774 -0.3164
vn 0.1573 0.8107 -0.5639
vn -0.3854 0.9192 -0.0812
vn -0.3202 0.9441 -0.0784
vn 0.9703 0.2385 -0.0406
vn -0.3791 0.9252 0.0183
vn -0.3574 0.8705 -0.3384
vn 0.1421 0.8801 -0.4530
vn 0.1549 0.9225 -0.3535
vn 0.1817 0.9615 -0.2062
vn 0.2409 0.9050 -0.3505
vn 0.0401 0.8636 0.5026
vn -0.3882 0.9140 -0.1181
vn -0.0958 0.9747 -0.2019
vn -0.0481 0.9428 -0.3300
vn 0.1249 0.8434 0.5226
vn -0.3742 0.9177 -0.1337
vn 0.0328 0.9256 0.3770
vn -0.3872 0.9214 -0.0338
vn 0.1266 0.9660 -0.2252
vn 0.1203 0.9269 -0.3555
vn -0.1014 0.9946 -0.0210
vn 0.1385 0.9903 -0.0074
vn 0.6670 0.1973 0.7185
vn 0.4788 0.3654 0.7983
vn 0.4310 0.3365 0.8373
vn -0.3819 0.9242 -0.0042
vn 0.0950 0.9690 -0.2279
vn 0.0997 0.9900 -0.0999
vn 0.1475 0.9851 -0.0887
vn 0.0365 0.9643 0.2623
vn 0.0907 0.9225 0.3753
vn 0.1255 0.9921 -0.0011
vn -0.1062 0.9917 0.0727
vn 0.1183 0.9905 0.0701
vn 0.0748 0.9918 -0.1036
vn 0.0806 0.9967 -0.0049
vn 0.1092 0.9918 0.0663
vn 0.0619 0.9959 0.0660
vn 0.0552 0.9985 -0.0035
vn 0.2578 0.4865 0.8348
vn 0.2252 0.4670 0.8551
vn 0.6782 0.2556 0.6890
vn 0.8696 0.0566 0.4904
vn 0.9878 0.0084 0.1553
vn 0.8797 0.1253 0.4587
vn 0.0444 0.9841 0.1719
vn 0.0779 0.9642 0.2535
vn 0.0389 0.9969 0.0680
vn 0.0546 0.9940 0.0951
vn 0.1063 0.9897 0.0960
vn 0.0325 0.9949 0.0959
vn -0.8385 -0.1253 -0.5302
vn -0.8400 -0.2904 -0.4584
vn -0.8802 -0.1353 -0.4549
vn -0.8032 -0.2690 -0.5315
vn -0.8969 -0.0137 -0.4420
vn -0.8555 -0.0024 -0.5177
vn -0.8995 0.0883 -0.4279
vn -0.8573 0.1043 -0.5042
vn 0.9995 -0.0049 -0.0319
vn 0.9882 0.0628 0.1400
vn 0.3137 0.4732 0.8232
vn 0.7745 0.2414 0.5847
vn 0.0491 0.9894 0.1365
vn 0.0866 0.9830 0.1618
vn -0.1191 0.6979 0.7063
vn -0.2340 0.7884 0.5689
vn -0.1545 0.6944 0.7028
vn -0.2568 0.7919 0.5540
vn 0.0600 0.6037 0.7950
vn 0.0317 0.6019 0.7979
vn -0.8933 0.1710 -0.4155
vn -0.7392 -0.1151 -0.6636
vn 0.9993 0.0368 0.0095
vn 0.8870 0.1804 0.4250
vn 0.5859 0.3222 0.7436
vn 0.0987 0.9864 0.1314
vn -0.6930 -0.2757 -0.6662
vn -0.5855 -0.2818 -0.7601
vn -0.2030 0.7876 0.5818
vn -0.0847 0.6931 0.7159
vn 0.0787 0.6095 0.7889
vn -0.3361 0.8729 0.3536
vn -0.3428 0.8784 0.3331
vn 0.9707 0.1168 0.2099
vn 0.7810 0.3635 0.5079
vn 0.4527 0.6010 0.6587
vn -0.8488 0.1944 -0.4917
vn -0.8808 0.2455 -0.4050
vn -0.0826 0.9686 0.2346
vn -0.3661 0.8995 0.2385
vn -0.0829 0.9838 0.1589
vn 0.1243 0.9860 0.1115
vn 0.1194 0.9820 0.1467
vn -0.3030 0.8774 0.3719
vn -0.1840 0.7944 0.5789
vn -0.0976 0.7182 0.6889
vn 0.9926 0.0853 0.0859
vn 0.9101 0.1946 0.3659
vn -0.3704 0.8959 0.2454
vn -0.2632 0.8756 0.4051
vn 0.0859 0.7524 0.6531
vn -0.1562 0.8310 0.5338
vn 0.9661 0.1971 0.1666
vn -0.3342 0.9046 0.2644
vn -0.3102 0.9083 0.2806
vn 0.8117 0.4549 0.3663
vn 0.5456 0.6691 0.5046
vn 0.1294 0.8433 0.5216
vn -0.2171 0.8977 0.3833
vn 0.0029 0.9957 0.0925
vn 0.0032 0.9980 0.0639
vn -0.0184 0.9961 0.0866
vn -0.0187 0.9982 0.0566
vn 0.0039 0.9999 -0.0095
vn -0.0691 0.9947 0.0756
vn 0.0075 0.9937 -0.1115
vn -0.0206 0.9996 -0.0167
vn -0.7560 0.0183 -0.6543
vn -0.0650 0.9968 0.0461
vn -0.0177 0.9934 -0.1136
vn 0.0151 0.9714 -0.2372
vn -0.0653 0.9976 -0.0233
vn -0.6256 -0.1070 -0.7728
vn -0.4631 -0.2902 -0.8375
vn -0.0165 0.9702 -0.2419
vn -0.8334 0.2725 -0.4809
vn 0.1429 0.9845 0.1017
vn 0.1599 0.9871 0.0094
vn 0.4245 0.9010 0.0897
vn -0.8682 0.2997 -0.3954
vn -0.7559 0.1346 -0.6407
vn 0.0174 0.9299 -0.3675
vn -0.0670 0.9913 -0.1137
vn 0.4464 0.8940 -0.0382
vn 0.0159 0.8837 -0.4677
vn -0.0169 0.9275 -0.3735
vn 0.4363 0.8976 0.0621
vn 0.1948 0.9663 -0.1681
vn -0.5006 -0.1034 -0.8595
vn -0.7430 0.2388 -0.6252
vn -0.0440 0.8771 -0.4783
vn -0.0746 0.9689 -0.2361
vn 0.4563 0.8896 -0.0197
vn 0.4167 0.9022 0.1109
vn 0.4744 0.8465 -0.2415
vn 0.0226 0.8146 -0.5795
vn -0.0579 0.8116 -0.5813
vn -0.6409 0.0396 -0.7666
vn -0.1021 0.9149 -0.3905
vn 0.4454 0.8952 0.0155
vn 0.3828 0.9238 0.0034
vn 0.1760 0.9363 -0.3039
vn -0.3689 -0.1086 -0.9231
vn -0.3297 -0.3117 -0.8911
vn -0.2084 -0.3475 -0.9143
vn 0.4728 0.8534 -0.2194
vn 0.0253 0.7100 -0.7037
vn -0.0629 0.7024 -0.7090
vn -0.1492 0.8461 -0.5117
vn 0.4189 0.8887 -0.1862
vn 0.3651 0.8606 -0.3550
vn -0.7180 0.3344 -0.6104
vn -0.8159 0.3269 -0.4769
vn -0.6813 0.4128 -0.6045
vn -0.6382 0.1703 -0.7508
vn -0.5149 0.0582 -0.8553
vn 0.4363 0.7762 -0.4552
vn 0.4516 0.8668 -0.2117
vn 0.3584 0.9236 0.1358
vn 0.0240 0.5886 -0.8081
vn -0.0721 0.5803 -0.8112
vn -0.1744 0.7882 -0.5901
vn 0.3530 0.9262 -0.1326
vn 0.3963 0.8025 -0.4461
vn 0.4302 0.7832 -0.4489
vn 0.3640 0.7103 -0.6025
vn -0.0799 0.4271 -0.9007
vn -0.2113 0.5540 -0.8053
vn -0.1901 0.6783 -0.7097
vn 0.2598 0.7827 -0.5656
vn 0.1514 0.9104 -0.3851
vn 0.3458 0.9383 0.0110
vn -0.7395 0.1307 -0.6604
vn -0.8459 0.0813 -0.5272
vn -0.8432 0.1176 -0.5245
vn -0.2443 -0.1236 -0.9618
vn -0.0698 -0.3763 -0.9239
vn -0.6218 0.2909 -0.7271
vn -0.5919 0.4095 -0.6942
vn 0.3375 0.7050 -0.6237
vn 0.0205 0.4328 -0.9012
vn -0.2324 0.4141 -0.8801
vn -0.2955 0.6364 -0.7125
vn -0.2653 0.7501 -0.6058
vn 0.2819 0.7168 -0.6377
vn 0.1070 0.9540 -0.2800
vn 0.2166 0.6133 -0.7596
vn 0.0392 0.8151 -0.5780
vn 0.0209 0.2614 -0.9650
vn -0.2417 0.2556 -0.9361
vn -0.3616 0.3772 -0.8527
vn -0.3334 0.5070 -0.7948
vn -0.3826 0.0724 -0.9211
vn -0.5122 0.2027 -0.8346
vn 0.0547 0.6589 -0.7503
vn 0.1279 0.6064 -0.7848
vn -0.1429 0.7588 -0.6354
vn -0.1789 0.8048 -0.5660
vn 0.1702 0.5996 -0.7820
vn -0.7495 0.1588 -0.6427
vn -0.0787 0.2608 -0.9622
vn -0.4803 0.2355 -0.8449
vn -0.7178 0.2223 -0.6598
vn -0.4432 0.5701 -0.6918
vn -0.4021 0.6842 -0.6085
vn -0.4846 0.5593 -0.6725
vn -0.0631 0.4824 -0.8737
vn -0.1818 0.5139 -0.8384
vn -0.8178 0.1746 -0.5484
vn -0.0152 0.4704 -0.8823
vn 0.0181 0.1047 -0.9943
vn -0.3788 0.2321 -0.8959
vn -0.0846 -0.1290 -0.9880
vn -0.2488 0.0840 -0.9649
vn -0.4717 0.4540 -0.7559
vn -0.5436 0.5307 -0.6503
vn -0.4023 0.5637 -0.7214
vn -0.2292 0.3466 -0.9096
vn -0.2736 0.3727 -0.8867
vn 0.0131 -0.1297 -0.9915
vn -0.0802 0.1012 -0.9916
vn -0.1936 0.3486 -0.9170
vn -0.5322 0.2902 -0.7953
vn -0.5074 0.2549 -0.8231
vn -0.4961 0.3338 -0.8015
vn -0.3791 0.3681 -0.8490
vn -0.6075 0.3820 -0.6964
vn -0.7339 0.3376 -0.5894
vn 0.0154 -0.3860 -0.9224
vn -0.3314 0.5212 -0.7865
vn -0.6184 0.4810 -0.6215
vn -0.5326 0.3738 -0.7593
vn -0.4702 0.2428 -0.8485
vn -0.7831 0.2493 -0.5697
vn 0.0179 -0.4903 -0.8714
vn -0.4498 0.6566 -0.6054
vn 0.0091 0.4663 -0.8846
vn -0.1417 0.6630 -0.7351
vn -0.7534 0.1124 -0.6479
vn -0.2651 0.8017 -0.5357
vn -0.0588 -0.4834 -0.8734
vn -0.7974 0.3550 -0.4880
vn -0.1857 -0.4543 -0.8713
vn -0.1655 0.9020 -0.3988
vn 0.1433 0.8896 -0.4337
vn -0.1184 0.9651 -0.2334
vn -0.8551 0.0578 -0.5153
vn -0.0923 0.9883 -0.1211
vn -0.8663 0.2139 -0.4515
vn -0.0766 0.9965 -0.0325
vn -0.2997 -0.4117 -0.8606
vn -0.8630 0.3136 -0.3960
vn -0.0748 0.9961 0.0476
vn -0.4356 -0.3876 -0.8124
vn -0.0933 0.9926 0.0777
vn -0.5579 -0.3773 -0.7392
vn 0.1332 0.9610 0.2425
vn -0.0193 0.9233 0.3835
vn 0.1736 0.9242 0.3403
vn 0.0342 0.8512 0.5237
vn -0.8916 -0.3369 -0.3027
vn -0.9063 -0.3596 -0.2221
vn -0.8542 -0.4633 -0.2362
vn -0.8614 -0.5035 -0.0666
vn -0.8120 -0.3763 -0.4462
vn 0.1910 0.4566 0.8689
vn -0.0134 0.5996 0.8002
vn 0.1292 0.9862 0.1036
vn 0.9879 -0.0059 0.1549
vn 0.9980 -0.0242 -0.0580
vn 0.3974 0.3286 0.8568
vn 0.2188 0.8577 0.4654
vn 0.1149 0.7807 0.6142
vn 0.6461 0.1785 0.7421
vn 0.8616 0.0516 0.5049
vn 0.9924 0.1164 -0.0388
vn 0.1737 0.9807 -0.0901
vn 0.2491 0.6816 0.6880
vn 0.4824 0.5297 0.6976
vn 0.2235 0.9553 -0.1936
vn 0.9751 0.1807 0.1286
vn 0.9631 0.2660 -0.0419
vn 0.2661 0.7728 0.5761
vn 0.6921 0.4075 0.5958
vn 0.8654 0.2940 0.4059
vn 0.9565 0.2796 0.0837
vn 0.0109 0.8934 -0.4492
vn 0.4136 0.7195 0.5579
vn 0.3036 0.8885 -0.3442
vn 0.8699 0.3841 0.3096
vn 0.5928 0.5677 0.5712
vn 0.7448 0.4875 0.4557
vn 0.4261 0.7818 -0.4552
vn -0.0904 0.9921 0.0865
vn -0.3591 0.4725 0.8049
vn 0.6903 -0.4132 -0.5939
vn 0.9166 -0.3890 -0.0921
vn 0.3441 0.6490 -0.6785
vn -0.1305 0.9686 0.2118
vn 0.5877 -0.4171 -0.6933
vn 0.8578 -0.5126 -0.0369
vn -0.5267 -0.6448 0.5539
vn -0.3751 -0.6770 0.6332
vn -0.4095 -0.5559 0.7234
vn -0.5640 -0.5215 0.6402
vn 0.6133 0.6260 -0.4817
vn 0.5692 0.6562 -0.4954
vn -0.1943 0.9348 0.2975
vn -0.1934 0.8525 0.4856
vn -0.2083 0.7900 0.5766
vn 0.5322 0.4963 -0.6859
vn 0.4653 -0.4338 -0.7716
vn -0.2707 0.8718 0.4084
vn -0.3613 0.6992 0.6169
vn 0.5111 -0.6462 0.5667
vn -0.3469 0.7905 0.5048
vn 0.7708 0.4410 -0.4598
vn -0.5988 0.5608 0.5718
vn 0.3480 -0.6700 0.6558
vn -0.4890 0.7456 0.4528
vn 0.6655 0.2101 -0.7162
vn 0.7131 0.3379 -0.6143
vn 0.9059 0.2007 -0.3730
vn 0.1806 -0.6930 0.6979
vn -0.9502 0.1038 0.2939
vn -0.6749 0.6042 0.4236
vn -0.7861 0.4501 0.4237
vn 0.9070 0.3059 -0.2895
vn 0.8242 0.3694 -0.4292
vn 0.0489 -0.6959 0.7165
vn 0.1548 -0.4942 -0.8554
vn -0.9958 0.0512 -0.0761
vn -0.9578 0.0322 -0.2857
vn -0.9173 0.3453 0.1983
vn -0.8006 0.5320 0.2758
vn -0.1030 -0.6931 0.7135
vn -0.9488 0.1723 -0.2648
vn -0.8944 0.4349 0.1041
vn -0.9667 0.2366 -0.0975
vn 0.9575 0.1613 -0.2391
vn 0.2302 -0.4917 -0.8398
vn -0.9110 0.3200 -0.2601
vn -0.9327 0.3340 -0.1362
vn 0.9473 0.2614 -0.1853
vn 0.9208 0.2769 -0.2747
vn 0.3546 -0.4699 -0.8084
vn 0.9514 0.2473 -0.1835
vn -0.2515 -0.6872 0.6815
vn 0.6565 -0.6097 0.4442
vn 0.7726 -0.5691 0.2814
vn 0.8237 -0.5521 0.1296
vn -0.6634 -0.6124 0.4299
vn 0.8728 -0.4779 -0.0988
vn -0.7745 -0.5685 0.2776
vn -0.8476 -0.5224 0.0928
vn 0.7575 -0.4177 -0.5018
vn -0.7721 -0.3561 -0.5263
vn -0.6445 -0.3773 -0.6650
vn 0.8508 -0.4029 -0.3374
vn -0.8525 -0.4282 -0.2997
vn 0.8700 -0.4247 -0.2503
vt 0.870937 -0.249754
vt 0.856146 -0.235646
vt 0.872143 -0.237578
vt 0.851024 -0.259692
vt 0.853376 -0.247020
vt 0.869688 -0.262476
vt 0.888690 -0.251357
vt 0.889044 -0.238701
vt 0.849284 -0.273005
vt 0.888182 -0.264392
vt 0.868694 -0.275613
vt 0.848242 -0.286099
vt 0.261739 -0.755715
vt 0.232547 -0.756315
vt 0.232590 -0.735904
vt 0.290030 -0.735801
vt 0.290753 -0.715904
vt 0.317076 -0.736162
vt 0.906301 -0.239450
vt 0.261665 -0.735626
vt 0.289891 -0.755816
vt 0.887719 -0.277623
vt 0.261818 -0.775391
vt 0.342069 -0.717065
vt 0.343302 -0.737233
vt 0.317089 -0.756171
vt 0.316994 -0.716299
vt 0.867923 -0.288564
vt 0.232818 -0.776308
vt 0.289779 -0.775352
vt 0.369736 -0.718010
vt 0.343745 -0.757136
vt 0.847939 -0.298188
vt 0.906711 -0.252406
vt 0.261837 -0.793879
vt 0.233368 -0.795218
vt 0.317025 -0.775939
vt 0.370623 -0.738614
vt 0.906711 -0.265734
vt 0.261655 -0.810098
vt 0.233958 -0.812414
vt 0.289581 -0.793995
vt 0.343518 -0.776768
vt 0.399052 -0.740270
vt 0.261098 -0.824095
vt 0.316699 -0.795012
vt 0.289040 -0.810664
vt 0.370388 -0.758755
vt 0.867411 -0.300730
vt 0.887231 -0.290803
vt 0.924347 -0.239891
vt 0.234413 -0.827103
vt 0.343143 -0.795959
vt 0.316166 -0.813166
vt 0.288128 -0.827147
vt 0.397396 -0.760920
vt 0.906582 -0.279143
vt 0.924999 -0.253114
vt 0.886801 -0.303534
vt 0.369485 -0.778028
vt 0.368316 -0.796356
vt 0.342822 -0.815072
vt 0.424921 -0.764278
vt 0.428843 -0.743286
vt 0.925275 -0.266541
vt 0.943494 -0.253475
vt 0.942769 -0.240043
vt 0.906345 -0.292648
vt 0.314964 -0.831289
vt 0.392147 -0.799921
vt 0.395116 -0.780862
vt 0.369299 -0.814828
vt 0.421441 -0.784603
vt 0.463986 -0.746234
vt 0.465013 -0.721351
vt 0.500000 -0.746531
vt 0.943889 -0.267214
vt 0.925315 -0.280184
vt 0.962252 -0.253688
vt 0.417664 -0.804293
vt 0.369934 -0.835938
vt 0.500000 -0.721702
vt 0.534987 -0.721351
vt 0.961453 -0.240046
vt 0.847529 -0.359809
vt 0.849456 -0.342188
vt 0.863297 -0.346779
vt 0.859979 -0.362600
vt 0.846255 -0.375561
vt 0.341961 -0.834861
vt 0.906186 -0.306073
vt 0.536014 -0.746234
vt 0.944077 -0.280946
vt 0.981248 -0.253961
vt 0.962619 -0.267413
vt 0.980848 -0.240076
vt 0.856692 -0.376575
vt 0.855154 -0.388559
vt 0.402166 -0.835938
vt 0.399782 -0.860958
vt 0.865635 -0.378614
vt 0.861682 -0.386788
vt 0.368803 -0.857877
vt 0.568515 -0.720144
vt 0.872816 -0.383811
vt 0.864668 -0.392270
vt 0.871004 -0.367385
vt 0.856050 -0.397708
vt 0.845974 -0.388781
vt 0.435079 -0.835591
vt 0.434348 -0.860736
vt 0.571157 -0.743286
vt 0.925245 -0.293901
vt 0.272476 -0.903206
vt 0.266242 -0.921279
vt 0.254639 -0.898767
vt 0.981402 -0.267697
vt 0.962816 -0.281340
vt 0.880926 -0.373974
vt 0.890165 -0.362211
vt 0.235957 -0.897796
vt 0.252276 -0.919696
vt 0.467625 -0.835589
vt 0.467595 -0.860845
vt 0.600531 -0.718893
vt 0.600948 -0.740270
vt 0.869180 -0.398972
vt 0.879763 -0.390438
vt 0.846341 -0.399989
vt 1.000000 -0.254164
vt 0.300550 -0.892158
vt 0.288968 -0.911132
vt 0.236403 -0.920531
vt 0.500000 -0.835643
vt 0.434641 -0.887138
vt 1.000000 -0.240190
vt 0.925046 -0.307424
vt 0.630264 -0.718010
vt 0.629377 -0.738614
vt 0.944029 -0.294825
vt 0.575079 -0.764278
vt 0.890437 -0.381655
vt 0.261669 -0.933864
vt 0.251370 -0.937272
vt 0.500000 -0.860953
vt 0.858199 -0.407844
vt 0.656698 -0.737233
vt 0.602604 -0.760920
vt 0.981593 -0.281559
vt 1.000000 -0.267809
vt 0.304145 -0.921219
vt 0.318376 -0.904452
vt 0.318617 -0.932484
vt 0.290590 -0.936694
vt 0.278482 -0.927731
vt 0.236074 -0.940652
vt 0.468102 -0.886001
vt 0.924891 -0.320393
vt 0.906324 -0.319806
vt 0.943680 -0.308648
vt 0.875031 -0.405566
vt 0.657931 -0.717065
vt 0.848813 -0.414142
vt 0.578559 -0.784603
vt 0.656255 -0.757136
vt 0.962807 -0.295410
vt 0.302616 -0.946351
vt 0.265661 -0.943907
vt 0.254680 -0.953839
vt 0.500000 -0.885824
vt 1.000000 -0.281599
vt 0.942899 -0.322332
vt 0.898825 -0.389658
vt 0.902765 -0.371690
vt 0.604884 -0.780862
vt 0.629612 -0.758755
vt 0.682924 -0.736162
vt 0.886574 -0.397371
vt 0.862147 -0.415847
vt 0.285522 -0.962583
vt 0.236212 -0.959173
vt 0.274212 -0.954070
vt 0.469897 -0.909710
vt 0.981678 -0.295513
vt 0.962600 -0.309562
vt 0.582336 -0.804293
vt 0.682911 -0.756171
vt 0.656482 -0.776768
vt 0.343609 -0.955824
vt 0.366249 -0.947598
vt 0.351845 -0.967530
vt 0.981637 -0.309524
vt 0.376649 -0.961434
vt 0.395905 -0.939364
vt 0.261428 -0.969144
vt 0.272714 -0.978227
vt 0.500000 -0.909521
vt 0.892928 -0.403989
vt 0.905724 -0.397533
vt 0.607853 -0.799921
vt 0.683006 -0.716299
vt 0.709247 -0.715904
vt 0.630515 -0.778028
vt 0.682975 -0.775939
vt 0.331946 -0.972450
vt 0.356172 -0.980526
vt 0.852481 -0.422223
vt 0.383819 -0.977028
vt 0.251200 -0.994160
vt 0.297345 -0.968812
vt 0.472412 -0.932045
vt 1.000000 -0.295519
vt 0.882026 -0.411152
vt 0.709970 -0.735801
vt 0.631684 -0.796356
vt 0.656857 -0.795959
vt 0.333663 -0.982738
vt 0.386019 -0.994160
vt 0.357215 -0.994160
vt 0.265328 -0.994160
vt 0.282811 -0.981359
vt 0.500000 -0.931767
vt 0.981378 -0.323712
vt 0.961167 -0.338034
vt 0.940703 -0.336084
vt 0.738423 -0.715766
vt 0.962065 -0.323668
vt 0.710109 -0.755816
vt 0.683301 -0.795012
vt 0.630701 -0.814828
vt 0.324761 -0.963927
vt 0.416209 -0.973459
vt 0.333549 -0.994160
vt 0.276346 -0.994160
vt 0.314435 -0.955452
vt 0.309130 -0.972521
vt 0.474774 -0.953102
vt 0.738335 -0.735626
vt 0.920692 -0.391355
vt 0.912836 -0.382215
vt 0.926540 -0.376431
vt 0.710221 -0.775352
vt 0.657178 -0.815072
vt 0.319280 -0.975748
vt 0.408400 -0.955612
vt 0.312820 -0.994160
vt 0.313455 -0.983959
vt 0.295720 -0.994160
vt 0.332185 -0.944184
vt 0.500000 -0.952960
vt 0.868269 -0.420645
vt 0.738261 -0.755715
vt 0.767410 -0.735904
vt 0.710419 -0.793995
vt 0.420567 -0.994160
vt 0.298055 -0.982788
vt 0.352701 -0.933284
vt 0.500000 -0.973632
vt 0.476496 -0.973679
vt 0.860746 -0.430830
vt 0.630066 -0.835938
vt 0.683834 -0.813166
vt 0.738182 -0.775391
vt 0.767453 -0.756315
vt 0.433119 -0.973854
vt 1.000000 -0.309554
vt 0.500000 -0.994160
vt 0.477333 -0.994160
vt 0.450199 -0.953460
vt 0.658039 -0.834861
vt 0.710960 -0.810664
vt 0.767182 -0.776308
vt 0.453867 -0.973784
vt 0.911649 -0.405358
vt 0.455640 -0.994160
vt 0.898358 -0.410168
vt 0.444978 -0.933109
vt 0.981045 -0.338106
vt 0.631197 -0.857877
vt 0.600218 -0.860958
vt 0.685036 -0.831289
vt 0.738163 -0.793879
vt 0.597834 -0.835938
vt 0.711872 -0.827147
vt 0.766632 -0.795218
vt 0.888965 -0.415311
vt 0.738345 -0.810098
vt 0.879826 -0.423089
vt 0.877943 -0.430830
vt 1.000000 -0.323779
vt 0.565652 -0.860736
vt 0.532405 -0.860845
vt 0.564921 -0.835591
vt 0.766042 -0.812414
vt 0.927221 -0.400426
vt 0.738902 -0.824095
vt 0.981006 -0.353080
vt 0.960811 -0.353101
vt 0.902512 -0.416274
vt 0.894637 -0.418422
vt 0.531898 -0.886001
vt 0.565359 -0.887138
vt 0.890285 -0.430830
vt 0.532375 -0.835589
vt 0.916246 -0.413396
vt 1.000000 -0.338213
vt 0.904012 -0.423220
vt 0.891414 -0.423714
vt 0.765587 -0.827103
vt 0.904441 -0.430830
vt 0.932651 -0.410187
vt 1.000000 -0.352909
vt 0.982124 -0.367487
vt 0.967487 -0.382396
vt 0.963646 -0.368490
vt 0.530103 -0.909710
vt 0.918769 -0.421904
vt 0.947636 -0.407310
vt 0.941492 -0.397010
vt 0.560994 -0.910972
vt 0.935960 -0.420335
vt 0.527588 -0.932045
vt 0.919767 -0.430830
vt 0.983647 -0.381359
vt 1.000000 -0.367249
vt 0.954134 -0.418874
vt 0.960987 -0.407360
vt 0.711032 -0.911132
vt 0.709410 -0.936694
vt 0.695855 -0.921219
vt 0.937640 -0.430830
vt 1.000000 -0.381095
vt 0.985130 -0.394344
vt 0.970613 -0.394993
vt 0.525226 -0.953102
vt 0.555022 -0.933109
vt 0.973061 -0.407043
vt 0.956462 -0.430830
vt 0.963422 -0.419059
vt 1.000000 -0.394124
vt 0.986301 -0.406722
vt 0.974638 -0.418949
vt 0.987027 -0.418832
vt 1.000000 -0.406613
vt 0.697384 -0.946351
vt 0.681383 -0.932484
vt 0.721518 -0.927731
vt 0.727524 -0.903206
vt 0.745361 -0.898767
vt 0.733758 -0.921279
vt 0.523504 -0.973679
vt 0.549801 -0.953460
vt 1.000000 -0.418793
vt 0.987160 -0.430830
vt 0.974936 -0.430830
vt 1.000000 -0.430830
vt 0.129063 -0.249754
vt 0.143854 -0.235646
vt 0.146624 -0.247020
vt 0.127857 -0.237578
vt 0.148976 -0.259692
vt 0.130312 -0.262476
vt 0.150716 -0.273005
vt 0.131306 -0.275613
vt 0.764043 -0.897796
vt 0.747724 -0.919696
vt 0.714478 -0.962583
vt 0.734339 -0.943907
vt 0.522667 -0.994160
vt 0.546133 -0.973784
vt 0.656391 -0.955824
vt 0.648155 -0.967530
vt 0.633751 -0.947598
vt 0.623351 -0.961434
vt 0.685565 -0.955452
vt 0.667815 -0.944184
vt 0.151758 -0.286099
vt 0.111310 -0.251357
vt 0.763597 -0.920531
vt 0.738331 -0.933864
vt 0.725788 -0.954070
vt 0.544360 -0.994160
vt 0.110956 -0.238701
vt 0.093699 -0.239450
vt 0.668054 -0.972450
vt 0.675239 -0.963927
vt 0.702655 -0.968812
vt 0.643828 -0.980526
vt 0.616181 -0.977028
vt 0.748630 -0.937272
vt 0.738572 -0.969144
vt 0.727286 -0.978227
vt 0.132077 -0.288564
vt 0.152061 -0.298188
vt 0.583791 -0.973459
vt 0.613981 -0.994160
vt 0.579433 -0.994160
vt 0.564107 -0.994160
vt 0.566881 -0.973854
vt 0.666337 -0.982738
vt 0.680720 -0.975748
vt 0.690870 -0.972521
vt 0.763926 -0.940652
vt 0.745320 -0.953839
vt 0.642785 -0.994160
vt 0.686545 -0.983959
vt 0.717189 -0.981359
vt 0.701945 -0.982788
vt 0.763788 -0.959173
vt 0.666451 -0.994160
vt 0.687180 -0.994160
vt 0.748800 -0.994160
vt 0.734672 -0.994160
vt 0.723654 -0.994160
vt 0.704280 -0.994160
vt 0.000000 -0.430830
vt 0.000000 -0.418793
vt 0.012839 -0.430830
vt 0.012973 -0.418832
vt 0.000000 -0.406613
vt 0.025064 -0.430830
vt 0.000000 -0.394124
vt 0.013699 -0.406722
vt 0.111818 -0.264392
vt 0.025361 -0.418949
vt 0.014869 -0.394344
vt 0.000000 -0.381095
vt 0.026938 -0.407043
vt 0.093289 -0.252406
vt 0.075653 -0.239891
vt 0.016352 -0.381359
vt 0.132589 -0.300730
vt 0.043537 -0.430830
vt 0.045866 -0.418874
vt 0.062359 -0.430830
vt 0.151710 -0.308556
vt 0.112281 -0.277623
vt 0.000000 -0.367249
vt 0.029387 -0.394993
vt 0.064040 -0.420335
vt 0.000000 -0.352909
vt 0.017875 -0.367487
vt 0.080233 -0.430830
vt 0.052363 -0.407310
vt 0.075001 -0.253114
vt 0.112769 -0.290803
vt 0.018993 -0.353080
vt 0.032513 -0.382396
vt 0.081231 -0.421904
vt 0.095559 -0.430830
vt 0.067349 -0.410187
vt 0.000000 -0.338213
vt 0.018954 -0.338106
vt 0.093288 -0.265734
vt 0.036354 -0.368490
vt 0.095988 -0.423220
vt 0.108586 -0.423714
vt 0.058507 -0.397010
vt 0.056505 -0.253475
vt 0.057231 -0.240043
vt 0.038547 -0.240046
vt 0.083754 -0.413396
vt 0.000000 -0.323779
vt 0.018621 -0.323712
vt 0.039188 -0.353101
vt 0.105363 -0.418422
vt 0.111035 -0.415311
vt 0.113199 -0.303534
vt 0.132807 -0.311880
vt 0.113741 -0.315593
vt 0.093417 -0.279143
vt 0.074724 -0.266541
vt 0.072779 -0.400426
vt 0.097488 -0.416274
vt 0.109715 -0.430830
vt 0.000000 -0.309554
vt 0.018363 -0.309524
vt 0.038832 -0.338034
vt 0.120174 -0.423089
vt 0.101642 -0.410168
vt 0.088351 -0.405358
vt 0.079308 -0.391355
vt 0.018321 -0.295513
vt 0.037399 -0.309562
vt 0.037935 -0.323668
vt 0.117974 -0.411152
vt 0.131731 -0.420645
vt 0.122057 -0.430830
vt 0.140021 -0.362600
vt 0.152471 -0.359809
vt 0.153745 -0.375561
vt 0.037748 -0.253688
vt 0.019152 -0.240076
vt 0.093655 -0.292648
vt 0.093814 -0.306073
vt 0.094275 -0.397533
vt 0.000000 -0.295519
vt 0.037193 -0.295410
vt 0.057101 -0.322332
vt 0.059297 -0.336084
vt 0.107072 -0.403989
vt 0.139254 -0.430830
vt 0.087164 -0.382215
vt 0.073459 -0.376431
vt 0.000000 -0.281599
vt 0.037184 -0.281340
vt 0.055970 -0.294825
vt 0.056320 -0.308648
vt 0.056111 -0.267214
vt 0.074684 -0.280184
vt 0.124969 -0.405566
vt 0.113426 -0.397371
vt 0.137853 -0.415847
vt 0.147519 -0.422223
vt 0.101175 -0.389658
vt 0.143308 -0.376575
vt 0.018407 -0.281559
vt 0.128996 -0.367385
vt 0.144846 -0.388559
vt 0.075109 -0.320393
vt 0.075162 -0.331214
vt 0.151187 -0.414142
vt 0.120237 -0.390438
vt 0.130820 -0.398972
vt 0.154026 -0.388781
vt 0.109563 -0.381655
vt 0.000000 -0.267809
vt 0.055922 -0.280946
vt 0.018752 -0.253961
vt 0.037381 -0.267413
vt 0.074954 -0.307424
vt 0.093675 -0.319806
vt 0.141801 -0.407844
vt 0.119074 -0.373974
vt 0.127184 -0.383811
vt 0.000000 -0.254164
vt 0.018598 -0.267697
vt 0.109835 -0.362211
vt 0.138318 -0.386788
vt 0.134365 -0.378614
vt 0.074755 -0.293901
vt 0.135332 -0.392270
vt 0.143950 -0.397708
vt 0.153659 -0.399989
vt 0.000000 -0.240190
vt 0.102121 -0.348609
vt 0.114893 -0.327805
vt 0.117596 -0.337934
vt 0.122801 -0.353457
vt 0.133542 -0.330829
vt 0.000000 -0.226229
vt 0.091831 -0.337121
vt 0.097235 -0.371690
vt 0.085459 -0.363608
vt 0.136703 -0.346779
vt 0.066477 -0.352460
vt 0.019493 -0.226348
vt 0.133056 -0.322152
vt 0.040025 -0.226345
vt 0.056236 -0.370661
vt 0.065522 -0.387276
vt 0.048564 -0.384350
vt 0.150544 -0.342188
vt 0.043086 -0.395856
vt 0.150050 -0.326722
vt 0.039013 -0.407360
vt 0.058381 -0.226550
vt 0.150811 -0.318167
vt 0.036578 -0.419059
vt 0.076726 -0.226763
vt 0.036003 -0.430830
vt 0.094835 -0.226685
vt 0.572718 -0.953601
vt 0.591600 -0.955612
vt 0.581860 -0.935926
vt 0.604095 -0.939364
vt 0.232792 -0.715688
vt 0.261577 -0.715766
vt 0.260305 -0.696873
vt 0.293342 -0.696873
vt 0.141107 -0.226142
vt 0.662700 -0.919273
vt 0.647299 -0.933284
vt 0.963997 -0.430830
vt 0.742579 -0.874604
vt 0.765043 -0.873352
vt 0.681624 -0.904452
vt 0.592687 -0.915040
vt 0.618390 -0.921576
vt 0.699450 -0.892158
vt 0.719969 -0.881464
vt 0.765466 -0.852325
vt 0.956914 -0.395856
vt 0.635902 -0.904540
vt 0.665440 -0.882432
vt 0.951435 -0.384350
vt 0.739989 -0.851446
vt 0.765505 -0.840577
vt 0.606506 -0.889246
vt 0.687145 -0.868425
vt 0.714195 -0.856445
vt 0.739724 -0.838790
vt 0.934477 -0.387276
vt 0.634519 -0.877503
vt 0.943763 -0.370661
vt 0.712790 -0.843169
vt 0.660367 -0.855980
vt 0.686149 -0.849963
vt 0.933522 -0.352460
vt 0.435893 -0.994160
vt 0.337300 -0.919273
vt 0.905165 -0.226685
vt 0.767208 -0.715688
vt 0.914541 -0.363608
vt 0.427282 -0.953601
vt 0.923273 -0.226763
vt 0.739695 -0.696873
vt 0.397992 -0.696873
vt 0.433156 -0.696873
vt 0.431485 -0.720144
vt 0.399469 -0.718893
vt 0.908169 -0.337121
vt 0.924838 -0.331214
vt 0.418140 -0.935926
vt 0.439006 -0.910972
vt 0.381610 -0.921576
vt 0.897879 -0.348609
vt 0.941619 -0.226550
vt 0.407313 -0.915040
vt 0.364098 -0.904540
vt 0.632655 -0.696873
vt 0.393494 -0.889246
vt 0.885107 -0.327805
vt 0.334560 -0.882432
vt 0.602008 -0.696873
vt 0.365481 -0.877503
vt 0.877199 -0.353457
vt 0.882404 -0.337934
vt 0.866458 -0.330829
vt 0.566844 -0.696873
vt 0.280031 -0.881464
vt 0.339633 -0.855980
vt 0.312855 -0.868425
vt 0.866944 -0.322152
vt 0.886259 -0.315593
vt 0.535072 -0.696873
vt 1.000000 -0.226229
vt 0.257421 -0.874604
vt 0.234957 -0.873352
vt 0.285805 -0.856445
vt 0.313851 -0.849963
vt 0.500000 -0.696873
vt 0.234534 -0.852325
vt 0.287210 -0.843169
vt 0.260011 -0.851446
vt 0.849950 -0.326722
vt 0.980506 -0.226348
vt 0.234495 -0.840577
vt 0.260276 -0.838790
vt 0.849189 -0.318167
vt 0.867193 -0.311880
vt 0.959974 -0.226345
vt 0.848290 -0.308556
vt 0.464928 -0.696873
vt 0.661646 -0.696873
vt 0.682798 -0.696873
vt 0.706658 -0.696873
vt 0.367345 -0.696873
vt 0.768103 -0.696873
vt 0.338354 -0.696873
vt 0.317202 -0.696873
vt 0.889238 -0.226483
vt 0.126920 -0.225867
vt 0.110762 -0.226483
vt 0.873080 -0.225867
vt 0.231897 -0.696873
vt 0.858893 -0.226142
s 1
usemtl Material.001
f 1808/1693/1828 1809/1694/1829 1810/1695/1830
f 1811/1696/1831 1812/1697/1832 1808/1693/1828
f 1813/1698/1833 1808/1693/1828 1814/1699/1834
f 1813/1698/1833 1811/1696/1831 1808/1693/1828
f 1814/1699/1834 1808/1693/1828 1815/1700/1835
f 1816/1701/1836 1811/1696/1831 1813/1698/1833
f 1817/1702/1837 1813/1698/1833 1814/1699/1834
f 1818/1703/1838 1816/1701/1836 1813/1698/1833
f 1817/1702/1837 1818/1703/1838 1813/1698/1833
f 1819/1704/1839 1816/1701/1836 1818/1703/1838
f 1820/1705/1840 1821/1706/1841 1822/1707/1842
f 1823/1708/1843 1824/1709/1844 1825/1710/1845
f 1814/1699/1834 1815/1700/1835 1826/1711/1846
f 1827/1712/1847 1823/1708/1843 1828/1713/1848
f 1827/1712/1847 1828/1713/1848 1820/1705/1840
f 1829/1714/1849 1818/1703/1838 1817/1702/1837
f 1821/1706/1841 1820/1705/1840 1830/1715/1850
f 1825/1710/1845 1831/1716/1851 1832/1717/1852
f 1823/1708/1843 1825/1710/1845 1833/1718/1853
f 1825/1710/1845 1834/1719/1854 1831/1716/1851
f 1825/1710/1845 1832/1717/1852 1833/1718/1853
f 1823/1708/1843 1833/1718/1853 1828/1713/1848
f 1835/1720/1855 1819/1704/1839 1818/1703/1838
f 1829/1714/1849 1835/1720/1855 1818/1703/1838
f 1821/1706/1841 1830/1715/1850 1836/1721/1856
f 1820/1705/1840 1828/1713/1848 1837/1722/1857
f 1820/1705/1840 1837/1722/1857 1830/1715/1850
f 1832/1717/1852 1831/1716/1851 1838/1723/1858
f 1833/1718/1853 1832/1717/1852 1839/1724/1859
f 1840/1725/1860 1819/1704/1839 1835/1720/1855
f 1841/1726/1861 1817/1702/1837 1814/1699/1834
f 1836/1721/1856 1842/1727/1862 1843/1728/1863
f 1836/1721/1856 1830/1715/1850 1842/1727/1862
f 1828/1713/1848 1844/1729/1864 1837/1722/1857
f 1828/1713/1848 1833/1718/1853 1844/1729/1864
f 1832/1717/1852 1838/1723/1858 1845/1730/1865
f 1832/1717/1852 1845/1730/1865 1839/1724/1859
f 1846/1731/1866 1829/1714/1849 1817/1702/1837
f 1843/1728/1863 1847/1732/1867 1848/1733/1868
f 1843/1728/1863 1842/1727/1862 1847/1732/1867
f 1830/1715/1850 1837/1722/1857 1849/1734/1869
f 1830/1715/1850 1849/1734/1869 1842/1727/1862
f 1833/1718/1853 1839/1724/1859 1850/1735/1870
f 1833/1718/1853 1850/1735/1870 1844/1729/1864
f 1845/1730/1865 1838/1723/1858 1851/1736/1871
f 1846/1731/1866 1817/1702/1837 1841/1726/1861
f 1848/1733/1868 1847/1732/1867 1852/1737/1872
f 1837/1722/1857 1853/1738/1873 1849/1734/1869
f 1837/1722/1857 1844/1729/1864 1853/1738/1873
f 1842/1727/1862 1849/1734/1869 1854/1739/1874
f 1842/1727/1862 1854/1739/1874 1847/1732/1867
f 1839/1724/1859 1855/1740/1875 1850/1735/1870
f 1839/1724/1859 1845/1730/1865 1855/1740/1875
f 1856/1741/1876 1835/1720/1855 1857/1742/1877
f 1856/1741/1876 1840/1725/1860 1835/1720/1855
f 1857/1742/1877 1835/1720/1855 1829/1714/1849
f 1841/1726/1861 1826/1711/1846 1858/1743/1878
f 1848/1733/1868 1852/1737/1872 1859/1744/1879
f 1844/1729/1864 1850/1735/1870 1860/1745/1880
f 1844/1729/1864 1860/1745/1880 1853/1738/1873
f 1849/1734/1869 1861/1746/1881 1854/1739/1874
f 1849/1734/1869 1853/1738/1873 1861/1746/1881
f 1847/1732/1867 1862/1747/1882 1852/1737/1872
f 1854/1739/1874 1862/1747/1882 1847/1732/1867
f 1854/1739/1874 1861/1746/1881 1862/1747/1882
f 1845/1730/1865 1851/1736/1871 1863/1748/1883
f 1845/1730/1865 1863/1748/1883 1855/1740/1875
f 1864/1749/1884 1829/1714/1849 1846/1731/1866
f 1864/1749/1884 1857/1742/1877 1829/1714/1849
f 1865/1750/1885 1846/1731/1866 1841/1726/1861
f 1865/1750/1885 1841/1726/1861 1858/1743/1878
f 1866/1751/1886 1856/1741/1876 1857/1742/1877
f 1850/1735/1870 1867/1752/1887 1868/1753/1888
f 1850/1735/1870 1868/1753/1888 1860/1745/1880
f 1850/1735/1870 1855/1740/1875 1867/1752/1887
f 1853/1738/1873 1869/1754/1889 1861/1746/1881
f 1853/1738/1873 1860/1745/1880 1869/1754/1889
f 1863/1748/1883 1851/1736/1871 1870/1755/1890
f 1851/1736/1871 1871/1756/1891 1870/1755/1890
f 1872/1757/1892 1864/1749/1884 1846/1731/1866
f 1873/1758/1893 1865/1750/1885 1874/1759/1894
f 1872/1757/1892 1865/1750/1885 1873/1758/1893
f 1872/1757/1892 1846/1731/1866 1865/1750/1885
f 1875/1760/1895 1866/1751/1886 1857/1742/1877
f 1861/1746/1881 1869/1754/1889 1876/1761/1896
f 1868/1753/1888 1867/1752/1887 1877/1762/1897
f 1855/1740/1875 1878/1763/1898 1867/1752/1887
f 1867/1752/1887 1878/1763/1898 1877/1762/1897
f 1855/1740/1875 1863/1748/1883 1878/1763/1898
f 1860/1745/1880 1879/1764/1899 1869/1754/1889
f 1860/1745/1880 1868/1753/1888 1879/1764/1899
f 1870/1755/1890 1880/1765/1900 1863/1748/1883
f 1863/1748/1883 1880/1765/1900 1878/1763/1898
f 1881/1766/1901 1882/1767/1902 1883/1768/1903
f 1875/1760/1895 1857/1742/1877 1864/1749/1884
f 1884/1769/1904 1872/1757/1892 1873/1758/1893
f 1885/1770/1905 1864/1749/1884 1872/1757/1892
f 1884/1769/1904 1885/1770/1905 1872/1757/1892
f 1885/1770/1905 1875/1760/1895 1864/1749/1884
f 1886/1771/1906 1884/1769/1904 1873/1758/1893
f 1877/1762/1897 1878/1763/1898 1887/1772/1907
f 1887/1772/1907 1878/1763/1898 1880/1765/1900
f 1869/1754/1889 1879/1764/1899 1888/1773/1908
f 1883/1768/1903 1889/1774/1909 1890/1775/1910
f 1886/1771/1906 1873/1758/1893 1891/1776/1911
f 1892/1777/1912 1893/1778/1913 1894/1779/1914
f 1892/1777/1912 1895/1780/1915 1896/1781/1916
f 1869/1754/1889 1888/1773/1908 1897/1782/1917
f 1895/1780/1915 1892/1777/1912 1894/1779/1914
f 1898/1783/1918 1866/1751/1886 1875/1760/1895
f 1883/1768/1903 1890/1775/1910 1899/1784/1919
f 1900/1785/1920 1885/1770/1905 1884/1769/1904
f 1901/1786/1921 1902/1787/1922 1886/1771/1906
f 1901/1786/1921 1886/1771/1906 1903/1788/1923
f 1902/1787/1922 1900/1785/1920 1884/1769/1904
f 1902/1787/1922 1884/1769/1904 1886/1771/1906
f 1904/1789/1924 1905/1790/1925 1896/1781/1916
f 1888/1773/1908 1906/1791/1926 1907/1792/1927
f 1904/1789/1924 1908/1793/1928 1909/1794/1929
f 1888/1773/1908 1907/1792/1927 1910/1795/1930
f 1899/1784/1919 1890/1775/1910 1911/1796/1931
f 1909/1794/1929 1912/1797/1932 1913/1798/1933
f 1909/1794/1929 1913/1798/1933 1905/1790/1925
f 1904/1789/1924 1896/1781/1916 1895/1780/1915
f 1909/1794/1929 1905/1790/1925 1904/1789/1924
f 1912/1797/1932 1909/1794/1929 1908/1793/1928
f 1914/1799/1934 1908/1793/1928 1904/1789/1924
f 1914/1799/1934 1904/1789/1924 1895/1780/1915
f 1915/1800/1935 1905/1790/1925 1913/1798/1933
f 1915/1800/1935 1916/1801/1936 1905/1790/1925
f 1916/1801/1936 1896/1781/1916 1905/1790/1925
f 1906/1791/1926 1917/1802/1937 1918/1803/1938
f 1906/1791/1926 1918/1803/1938 1907/1792/1927
f 1899/1784/1919 1911/1796/1931 1919/1804/1939
f 1920/1805/1940 1898/1783/1918 1875/1760/1895
f 1920/1805/1940 1885/1770/1905 1900/1785/1920
f 1921/1806/1941 1922/1807/1942 1923/1808/1943
f 1920/1805/1940 1875/1760/1895 1885/1770/1905
f 1924/1809/1944 1902/1787/1922 1901/1786/1921
f 1924/1809/1944 1925/1810/1945 1902/1787/1922
f 1925/1810/1945 1900/1785/1920 1902/1787/1922
f 1926/1811/1946 1912/1797/1932 1908/1793/1928
f 1926/1811/1946 1914/1799/1934 1927/1812/1947
f 1926/1811/1946 1908/1793/1928 1914/1799/1934
f 1928/1813/1948 1923/1808/1943 1929/1814/1949
f 1923/1808/1943 1922/1807/1942 1929/1814/1949
f 1917/1802/1937 1930/1815/1950 1931/1816/1951
f 1917/1802/1937 1931/1816/1951 1918/1803/1938
f 1919/1804/1939 1932/1817/1952 1933/1818/1953
f 1934/1819/1954 1915/1800/1935 1913/1798/1933
f 1935/1820/1955 1913/1798/1933 1912/1797/1932
f 1934/1819/1954 1913/1798/1933 1935/1820/1955
f 1936/1821/1956 1916/1801/1936 1915/1800/1935
f 1937/1822/1957 1924/1809/1944 1901/1786/1921
f 1921/1806/1941 1938/1823/1958 1939/1824/1959
f 1921/1806/1941 1939/1824/1959 1922/1807/1942
f 1928/1813/1948 1929/1814/1949 1940/1825/1960
f 1930/1815/1950 1941/1826/1961 1931/1816/1951
f 1918/1803/1938 1931/1816/1951 1942/1827/1962
f 1937/1822/1957 1901/1786/1921 1943/1828/1963
f 1944/1829/1964 1898/1783/1918 1920/1805/1940
f 1933/1818/1953 1945/1830/1965 1946/1831/1966
f 1947/1832/1967 1920/1805/1940 1900/1785/1920
f 1944/1829/1964 1920/1805/1940 1947/1832/1967
f 1919/1804/1939 1933/1818/1953 1948/1833/1968
f 1947/1832/1967 1900/1785/1920 1925/1810/1945
f 1949/1834/1969 1926/1811/1946 1927/1812/1947
f 1949/1834/1969 1935/1820/1955 1926/1811/1946
f 1935/1820/1955 1912/1797/1932 1926/1811/1946
f 1922/1807/1942 1950/1835/1970 1929/1814/1949
f 1940/1825/1960 1929/1814/1949 1951/1836/1971
f 1929/1814/1949 1950/1835/1970 1951/1836/1971
f 1941/1826/1961 1952/1837/1972 1931/1816/1951
f 1953/1838/1973 1915/1800/1935 1934/1819/1954
f 1946/1831/1966 1945/1830/1965 1954/1839/1974
f 1936/1821/1956 1915/1800/1935 1953/1838/1973
f 1933/1818/1953 1955/1840/1975 1948/1833/1968
f 1933/1818/1953 1946/1831/1966 1955/1840/1975
f 1956/1841/1976 1924/1809/1944 1957/1842/1977
f 1956/1841/1976 1925/1810/1945 1924/1809/1944
f 1958/1843/1978 1959/1844/1979 1960/1845/1980
f 1957/1842/1977 1924/1809/1944 1937/1822/1957
f 1939/1824/1959 1958/1843/1978 1961/1846/1981
f 1922/1807/1942 1939/1824/1959 1962/1847/1982
f 1939/1824/1959 1961/1846/1981 1962/1847/1982
f 1922/1807/1942 1962/1847/1982 1950/1835/1970
f 1940/1825/1960 1951/1836/1971 1963/1848/1983
f 1952/1837/1972 1964/1849/1984 1931/1816/1951
f 1931/1816/1951 1964/1849/1984 1942/1827/1962
f 1965/1850/1985 1966/1851/1986 1944/1829/1964
f 1967/1852/1987 1944/1829/1964 1947/1832/1967
f 1965/1850/1985 1944/1829/1964 1967/1852/1987
f 1968/1853/1988 1953/1838/1973 1934/1819/1954
f 1968/1853/1988 1934/1819/1954 1935/1820/1955
f 1954/1839/1974 1945/1830/1965 1969/1854/1989
f 1970/1855/1990 1936/1821/1956 1953/1838/1973
f 1948/1833/1968 1955/1840/1975 1971/1856/1991
f 1946/1831/1966 1954/1839/1974 1972/1857/1992
f 1973/1858/1993 1925/1810/1945 1956/1841/1976
f 1973/1858/1993 1967/1852/1987 1947/1832/1967
f 1960/1845/1980 1974/1859/1994 1958/1843/1978
f 1958/1843/1978 1974/1859/1994 1961/1846/1981
f 1962/1847/1982 1961/1846/1981 1975/1860/1995
f 1950/1835/1970 1962/1847/1982 1975/1860/1995
f 1950/1835/1970 1975/1860/1995 1951/1836/1971
f 1963/1848/1983 1951/1836/1971 1976/1861/1996
f 1951/1836/1971 1975/1860/1995 1976/1861/1996
f 1952/1837/1972 1977/1862/1997 1964/1849/1984
f 1973/1858/1993 1947/1832/1967 1925/1810/1945
f 1978/1863/1998 1956/1841/1976 1957/1842/1977
f 1979/1864/1999 1965/1850/1985 1967/1852/1987
f 1980/1865/2000 1949/1834/1969 1981/1866/2001
f 1955/1840/1975 1982/1867/2002 1971/1856/1991
f 1946/1831/1966 1983/1868/2003 1955/1840/1975
f 1955/1840/1975 1983/1868/2003 1982/1867/2002
f 1946/1831/1966 1972/1857/1992 1983/1868/2003
f 1954/1839/1974 1969/1854/1989 1984/1869/2004
f 1985/1870/2005 1935/1820/1955 1949/1834/1969
f 1980/1865/2000 1985/1870/2005 1949/1834/1969
f 1986/1871/2006 1953/1838/1973 1968/1853/1988
f 1974/1859/1994 1987/1872/2007 1961/1846/1981
f 1963/1848/1983 1976/1861/1996 1988/1873/2008
f 1975/1860/1995 1961/1846/1981 1989/1874/2009
f 1961/1846/1981 1987/1872/2007 1989/1874/2009
f 1975/1860/1995 1989/1874/2009 1976/1861/1996
f 1977/1862/1997 1990/1875/2010 1964/1849/1984
f 1970/1855/1990 1953/1838/1973 1986/1871/2006
f 1991/1876/2011 1973/1858/1993 1956/1841/1976
f 1978/1863/1998 1991/1876/2011 1956/1841/1976
f 1968/1853/1988 1935/1820/1955 1985/1870/2005
f 1992/1877/2012 1967/1852/1987 1973/1858/1993
f 1971/1856/1991 1982/1867/2002 1993/1878/2013
f 1972/1857/1992 1954/1839/1974 1994/1879/2014
f 1954/1839/1974 1984/1869/2004 1994/1879/2014
f 1983/1868/2003 1972/1857/1992 1995/1880/2015
f 1972/1857/1992 1994/1879/2014 1995/1880/2015
f 1996/1881/2016 1997/1882/2017 1998/1883/2018
f 1992/1877/2012 1973/1858/1993 1999/1884/2019
f 1999/1884/2019 1973/1858/1993 1991/1876/2011
f 1997/1882/2017 2000/1885/2020 1998/1883/2018
f 1997/1882/2017 2001/1886/2021 2000/1885/2020
f 1992/1877/2012 1979/1864/1999 1967/1852/1987
f 1988/1873/2008 1976/1861/1996 2002/1887/2022
f 1976/1861/1996 1989/1874/2009 2002/1887/2022
f 1987/1872/2007 2003/1888/2023 1989/1874/2009
f 1989/1874/2009 2003/1888/2023 2002/1887/2022
f 1977/1862/1997 2004/1889/2024 1990/1875/2010
f 2005/1890/2025 1985/1870/2005 1980/1865/2000
f 2006/1891/2026 2005/1890/2025 1980/1865/2000
f 1982/1867/2002 2007/1892/2027 1993/1878/2013
f 1984/1869/2004 2008/1893/2028 2009/1894/2029
f 1983/1868/2003 2010/1895/2030 1982/1867/2002
f 1982/1867/2002 2010/1895/2030 2007/1892/2027
f 1983/1868/2003 1995/1880/2015 2010/1895/2030
f 1994/1879/2014 2011/1896/2031 1995/1880/2015
f 1996/1881/2016 1998/1883/2018 2012/1897/2032
f 2000/1885/2020 2013/1898/2033 1998/1883/2018
f 2014/1899/2034 1970/1855/1990 1986/1871/2006
f 2000/1885/2020 2015/1900/2035 2013/1898/2033
f 1988/1873/2008 2002/1887/2022 2016/1901/2036
f 2002/1887/2022 2003/1888/2023 2016/1901/2036
f 1987/1872/2007 1974/1859/1994 2017/1902/2037
f 2004/1889/2024 2018/1903/2038 1990/1875/2010
f 2019/1904/2039 1991/1876/2011 1978/1863/1998
f 2020/1905/2040 1968/1853/1988 1985/1870/2005
f 2005/1890/2025 2020/1905/2040 1985/1870/2005
f 1984/1869/2004 2009/1894/2029 2021/1906/2041
f 1984/1869/2004 2021/1906/2041 1994/1879/2014
f 2007/1892/2027 2010/1895/2030 2022/1907/2042
f 2010/1895/2030 1995/1880/2015 2022/1907/2042
f 2011/1896/2031 2023/1908/2043 1995/1880/2015
f 1995/1880/2015 2023/1908/2043 2022/1907/2042
f 2012/1897/2032 1998/1883/2018 2024/1909/2044
f 1998/1883/2018 2013/1898/2033 2024/1909/2044
f 2015/1900/2035 2025/1910/2045 2026/1911/2046
f 2013/1898/2033 2026/1911/2046 2024/1909/2044
f 2013/1898/2033 2015/1900/2035 2026/1911/2046
f 2003/1888/2023 2027/1912/2047 2016/1901/2036
f 1987/1872/2007 2028/1913/2048 2003/1888/2023
f 1987/1872/2007 2017/1902/2037 2028/1913/2048
f 2004/1889/2024 2029/1914/2049 2018/1903/2038
f 2030/1915/2050 1992/1877/2012 1999/1884/2019
f 2031/1916/2051 2032/1917/2052 1979/1864/1999
f 2021/1906/2041 2009/1894/2029 2033/1918/2053
f 2031/1916/2051 1979/1864/1999 2034/1919/2054
f 1994/1879/2014 2021/1906/2041 2035/1920/2055
f 1994/1879/2014 2035/1920/2055 2011/1896/2031
f 2023/1908/2043 2011/1896/2031 2036/1921/2056
f 2022/1907/2042 2023/1908/2043 2037/1922/2057
f 2012/1897/2032 2038/1923/2058 1996/1881/2016
f 2025/1910/2045 2015/1900/2035 2039/1924/2059
f 2026/1911/2046 2040/1925/2060 2024/1909/2044
f 2003/1888/2023 2041/1926/2061 2027/1912/2047
f 2003/1888/2023 2028/1913/2048 2041/1926/2061
f 2017/1902/2037 2042/1927/2062 2043/1928/2063
f 2018/1903/2038 2029/1914/2049 2044/1929/2064
f 2034/1919/2054 1992/1877/2012 2030/1915/2050
f 2034/1919/2054 1979/1864/1999 1992/1877/2012
f 2021/1906/2041 2033/1918/2053 2045/1930/2065
f 2046/1931/2066 2047/1932/2067 2048/1933/2068
f 2011/1896/2031 2035/1920/2055 2049/1934/2069
f 2021/1906/2041 2045/1930/2065 2035/1920/2055
f 2023/1908/2043 2036/1921/2056 2050/1935/2070
f 2011/1896/2031 2049/1934/2069 2036/1921/2056
f 2038/1923/2058 2012/1897/2032 2051/1936/2071
f 2012/1897/2032 2024/1909/2044 2051/1936/2071
f 2015/1900/2035 2052/1937/2072 2039/1924/2059
f 2046/1931/2066 2006/1891/2026 2047/1932/2067
f 2040/1925/2060 2053/1938/2073 2054/1939/2074
f 2051/1936/2071 2043/1928/2063 2038/1923/2058
f 2051/1936/2071 2024/1909/2044 2054/1939/2074
f 2024/1909/2044 2040/1925/2060 2054/1939/2074
f 2051/1936/2071 2054/1939/2074 2043/1928/2063
f 2028/1913/2048 2055/1940/2075 2041/1926/2061
f 2042/1927/2062 2056/1941/2076 2038/1923/2058
f 2029/1914/2049 2057/1942/2077 2044/1929/2064
f 2058/1943/2078 1986/1871/2006 1968/1853/1988
f 2020/1905/2040 2058/1943/2078 1968/1853/1988
f 2035/1920/2055 2045/1930/2065 2059/1944/2079
f 2045/1930/2065 2060/1945/2080 2059/1944/2079
f 2035/1920/2055 2059/1944/2079 2049/1934/2069
f 2023/1908/2043 2050/1935/2070 2037/1922/2057
f 2036/1921/2056 2049/1934/2069 2061/1946/2081
f 2039/1924/2059 2062/1947/2082 2025/1910/2045
f 2053/1938/2073 2063/1948/2083 2054/1939/2074
f 2055/1940/2075 2028/1913/2048 2063/1948/2083
f 2055/1940/2075 2063/1948/2083 2053/1938/2073
f 2054/1939/2074 2063/1948/2083 2043/1928/2063
f 2042/1927/2062 2038/1923/2058 2043/1928/2063
f 2056/1941/2076 2064/1949/2084 1996/1881/2016
f 1996/1881/2016 2038/1923/2058 2056/1941/2076
f 2057/1942/2077 2065/1950/2085 2066/1951/2086
f 2057/1942/2077 2066/1951/2086 2044/1929/2064
f 2067/1952/2087 1986/1871/2006 2058/1943/2078
f 2050/1935/2070 2068/1953/2088 2037/1922/2057
f 2036/1921/2056 2061/1946/2081 2069/1954/2089
f 2036/1921/2056 2069/1954/2089 2050/1935/2070
f 2049/1934/2069 2070/1955/2090 2061/1946/2081
f 2059/1944/2079 2071/1956/2091 2070/1955/2090
f 2059/1944/2079 2070/1955/2090 2049/1934/2069
f 2039/1924/2059 2072/1957/2092 2062/1947/2082
f 2028/1913/2048 2017/1902/2037 2063/1948/2083
f 2063/1948/2083 2017/1902/2037 2043/1928/2063
f 2042/1927/2062 1974/1859/1994 1960/1845/1980
f 2042/1927/2062 1960/1845/1980 2056/1941/2076
f 2042/1927/2062 2017/1902/2037 1974/1859/1994
f 2067/1952/2087 2014/1899/2034 1986/1871/2006
f 2073/1958/2093 1999/1884/2019 1991/1876/2011
f 2065/1950/2085 2074/1959/2094 2075/1960/2095
f 2065/1950/2085 2075/1960/2095 2066/1951/2086
f 2044/1929/2064 2076/1961/2096 2018/1903/2038
f 2068/1953/2088 2050/1935/2070 2077/1962/2097
f 2069/1954/2089 2061/1946/2081 2078/1963/2098
f 2071/1956/2091 2079/1964/2099 2070/1955/2090
f 2073/1958/2093 1991/1876/2011 2019/1904/2039
f 2044/1929/2064 2066/1951/2086 2080/1965/2100
f 2044/1929/2064 2080/1965/2100 2076/1961/2096
f 2081/1966/2101 2006/1891/2026 2046/1931/2066
f 2075/1960/2095 2082/1967/2102 2066/1951/2086
f 2083/1968/2103 2005/1890/2025 2006/1891/2026
f 2081/1966/2101 2083/1968/2103 2006/1891/2026
f 2018/1903/2038 2084/1969/2104 1990/1875/2010
f 2085/1970/2105 2034/1919/2054 2030/1915/2050
f 2068/1953/2088 2086/1971/2106 2087/1972/2107
f 2050/1935/2070 2069/1954/2089 2088/1973/2108
f 2050/1935/2070 2088/1973/2108 2077/1962/2097
f 2061/1946/2081 2070/1955/2090 2089/1974/2109
f 2070/1955/2090 2079/1964/2099 2089/1974/2109
f 2061/1946/2081 2089/1974/2109 2078/1963/2098
f 2068/1953/2088 2087/1972/2107 2090/1975/2110
f 2068/1953/2088 2077/1962/2097 2086/1971/2106
f 2069/1954/2089 2078/1963/2098 2091/1976/2111
f 2069/1954/2089 2091/1976/2111 2088/1973/2108
f 2079/1964/2099 2092/1977/2112 2089/1974/2109
f 2085/1970/2105 2031/1916/2051 2034/1919/2054
f 2093/1978/2113 2020/1905/2040 2005/1890/2025
f 2078/1963/2098 2089/1974/2109 2094/1979/2114
f 2089/1974/2109 2092/1977/2112 2094/1979/2114
f 2078/1963/2098 2094/1979/2114 2091/1976/2111
f 2083/1968/2103 2093/1978/2113 2005/1890/2025
f 2095/1980/2115 2058/1943/2078 2020/1905/2040
f 2093/1978/2113 2095/1980/2115 2020/1905/2040
f 2096/1981/2116 2058/1943/2078 2095/1980/2115
f 2096/1981/2116 2067/1952/2087 2058/1943/2078
f 2097/1982/2117 2030/1915/2050 1999/1884/2019
f 2098/1983/2118 2099/1984/2119 2100/1985/2120
f 2090/1975/2110 2098/1983/2118 2100/1985/2120
f 2092/1977/2112 2101/1986/2121 2094/1979/2114
f 2097/1982/2117 1999/1884/2019 2073/1958/2093
f 2102/1987/2122 2081/1966/2101 2046/1931/2066
f 2094/1979/2114 2101/1986/2121 2103/1988/2123
f 2104/1989/2124 2105/1990/2125 2031/1916/2051
f 2104/1989/2124 2031/1916/2051 2085/1970/2105
f 2106/1991/2126 2107/1992/2127 2083/1968/2103
f 2106/1991/2126 2083/1968/2103 2081/1966/2101
f 2099/1984/2119 2108/1993/2128 1952/1837/1972
f 2098/1983/2118 2109/1994/2129 2099/1984/2119
f 2093/1978/2113 2083/1968/2103 2107/1992/2127
f 2110/1995/2130 2096/1981/2116 2095/1980/2115
f 2100/1985/2120 2099/1984/2119 2111/1996/2131
f 2112/1997/2132 2106/1991/2126 2081/1966/2101
f 2102/1987/2122 2112/1997/2132 2081/1966/2101
f 2113/1998/2133 2085/1970/2105 2030/1915/2050
f 2113/1998/2133 2030/1915/2050 2097/1982/2117
f 2114/1999/2134 2115/2000/2135 2107/1992/2127
f 2101/1986/2121 2116/2001/2136 2103/1988/2123
f 2114/1999/2134 2106/1991/2126 2112/1997/2132
f 2115/2000/2135 2093/1978/2113 2107/1992/2127
f 2108/1993/2128 1977/1862/1997 1952/1837/1972
f 2115/2000/2135 2110/1995/2130 2095/1980/2115
f 2114/1999/2134 2107/1992/2127 2106/1991/2126
f 2117/2002/2137 2110/1995/2130 2115/2000/2135
f 2099/1984/2119 1952/1837/1972 1941/1826/1961
f 2099/1984/2119 1941/1826/1961 2111/1996/2131
f 2099/1984/2119 2109/1994/2129 2108/1993/2128
f 2118/2003/2138 2112/1997/2132 2102/1987/2122
f 2115/2000/2135 2095/1980/2115 2093/1978/2113
f 2119/2004/2139 2104/1989/2124 2085/1970/2105
f 2119/2004/2139 2085/1970/2105 2113/1998/2133
f 2120/2005/2140 2121/2006/2141 2122/2007/2142
f 2120/2005/2140 2122/2007/2142 2104/1989/2124
f 1977/1862/1997 2123/2008/2143 2004/1889/2024
f 1977/1862/1997 2108/1993/2128 2123/2008/2143
f 2124/2009/2144 2112/1997/2132 2118/2003/2138
f 2124/2009/2144 2117/2002/2137 2114/1999/2134
f 2124/2009/2144 2114/1999/2134 2112/1997/2132
f 2125/2010/2145 2118/2003/2138 2126/2011/2146
f 2108/1993/2128 2127/2012/2147 2123/2008/2143
f 2108/1993/2128 2109/1994/2129 2127/2012/2147
f 2117/2002/2137 2115/2000/2135 2114/1999/2134
f 2119/2004/2139 2120/2005/2140 2104/1989/2124
f 2128/2013/2148 2124/2009/2144 2118/2003/2138
f 2125/2010/2145 2128/2013/2148 2118/2003/2138
f 2004/1889/2024 2129/2014/2149 2029/1914/2049
f 2004/1889/2024 2123/2008/2143 2129/2014/2149
f 2130/2015/2150 2124/2009/2144 2128/2013/2148
f 2130/2015/2150 2117/2002/2137 2124/2009/2144
f 2131/2016/2151 2120/2005/2140 2132/2017/2152
f 2131/2016/2151 2121/2006/2141 2120/2005/2140
f 2132/2017/2152 2120/2005/2140 2119/2004/2139
f 2133/2018/2153 2125/2010/2145 2134/2019/2154
f 2135/2020/2155 2136/2021/2156 2137/2022/2157
f 2133/2018/2153 2128/2013/2148 2125/2010/2145
f 2138/2023/2158 2130/2015/2150 2128/2013/2148
f 2139/2024/2159 2131/2016/2151 2132/2017/2152
f 2140/2025/2160 2141/2026/2161 2131/2016/2151
f 2029/1914/2049 2142/2027/2162 2057/1942/2077
f 2029/1914/2049 2129/2014/2149 2142/2027/2162
f 2123/2008/2143 2143/2028/2163 2129/2014/2149
f 2140/2025/2160 2144/2029/2164 2141/2026/2161
f 2138/2023/2158 2128/2013/2148 2133/2018/2153
f 2140/2025/2160 2131/2016/2151 2139/2024/2159
f 2145/2030/2165 2133/2018/2153 2146/2031/2166
f 2145/2030/2165 2138/2023/2158 2133/2018/2153
f 2147/2032/2167 2140/2025/2160 2139/2024/2159
f 2148/2033/2168 2144/2029/2164 2140/2025/2160
f 2148/2033/2168 2149/2034/2169 2144/2029/2164
f 2147/2032/2167 2148/2033/2168 2140/2025/2160
f 2150/2035/2170 2148/2033/2168 2151/2036/2171
f 2136/2021/2156 2152/2037/2172 2137/2022/2157
f 2137/2022/2157 2152/2037/2172 2153/2038/2173
f 2135/2020/2155 2154/2039/2174 2136/2021/2156
f 2155/2040/2175 2156/2041/2176 2157/2042/2177
f 2135/2020/2155 2157/2042/2177 2154/2039/2174
f 2135/2020/2155 2155/2040/2175 2157/2042/2177
f 2057/1942/2077 2158/2043/2178 2065/1950/2085
f 2057/1942/2077 2142/2027/2162 2158/2043/2178
f 2129/2014/2149 2159/2044/2179 2142/2027/2162
f 2129/2014/2149 2143/2028/2163 2159/2044/2179
f 2150/2035/2170 2149/2034/2169 2148/2033/2168
f 2151/2036/2171 2148/2033/2168 2147/2032/2167
f 2160/2045/2180 2150/2035/2170 2151/2036/2171
f 2161/2046/2181 2162/2047/2182 2150/2035/2170
f 2161/2046/2181 2150/2035/2170 2160/2045/2180
f 2163/2048/2183 2161/2046/2181 2160/2045/2180
f 2164/2049/2184 2165/2050/2185 2166/2051/2186
f 2164/2049/2184 2167/2052/2187 2165/2050/2185
f 2164/2049/2184 2166/2051/2186 2168/2053/2188
f 2169/2054/2189 2170/2055/2190 2171/2056/2191
f 2172/2057/2192 2173/2058/2193 2156/2041/2176
f 2156/2041/2176 2173/2058/2193 2157/2042/2177
f 2152/2037/2172 2136/2021/2156 2174/2059/2194
f 2154/2039/2174 2175/2060/2195 2136/2021/2156
f 2065/1950/2085 2176/2061/2196 2074/1959/2094
f 2065/1950/2085 2158/2043/2178 2176/2061/2196
f 2142/2027/2162 2177/2062/2197 2158/2043/2178
f 2142/2027/2162 2159/2044/2179 2177/2062/2197
f 2178/2063/2198 2179/2064/2199 2180/2065/2200
f 2180/2065/2200 2179/2064/2199 2181/2066/2201
f 2153/2038/2173 2182/2067/2202 2183/2068/2203
f 2153/2038/2173 2152/2037/2172 2182/2067/2202
f 2170/2055/2190 2169/2054/2189 2168/2053/2188
f 2171/2056/2191 2170/2055/2190 2184/2069/2204
f 2185/2070/2205 2164/2049/2184 2169/2054/2189
f 2172/2057/2192 2186/2071/2206 2173/2058/2193
f 2157/2042/2177 2173/2058/2193 2187/2072/2207
f 2154/2039/2174 2187/2072/2207 2175/2060/2195
f 2154/2039/2174 2157/2042/2177 2187/2072/2207
f 2174/2059/2194 2136/2021/2156 2188/2073/2208
f 2136/2021/2156 2175/2060/2195 2188/2073/2208
f 2176/2061/2196 2158/2043/2178 2189/2074/2209
f 2158/2043/2178 2177/2062/2197 2189/2074/2209
f 2185/2070/2205 2190/2075/2210 2164/2049/2184
f 2169/2054/2189 2164/2049/2184 2168/2053/2188
f 2185/2070/2205 2191/2076/2211 2190/2075/2210
f 2178/2063/2198 2192/2077/2212 2179/2064/2199
f 2183/2068/2203 2193/2078/2213 2178/2063/2198
f 2178/2063/2198 2193/2078/2213 2192/2077/2212
f 2183/2068/2203 2182/2067/2202 2193/2078/2213
f 2152/2037/2172 2194/2079/2214 2182/2067/2202
f 2152/2037/2172 2174/2059/2194 2194/2079/2214
f 2181/2066/2201 2179/2064/2199 2195/2080/2215
f 2181/2066/2201 2195/2080/2215 2196/2081/2216
f 2186/2071/2206 2197/2082/2217 2173/2058/2193
f 2187/2072/2207 2173/2058/2193 2197/2082/2217
f 2187/2072/2207 2197/2082/2217 2175/2060/2195
f 2188/2073/2208 2198/2083/2218 2199/2084/2219
f 2200/2085/2220 2184/2069/2204 2201/2086/2221
f 2200/2085/2220 2171/2056/2191 2184/2069/2204
f 2202/2087/2222 2203/2088/2223 2204/2089/2224
f 2204/2089/2224 2205/2090/2225 2206/2091/2226
f 2202/2087/2222 2196/2081/2216 2203/2088/2223
f 2202/2087/2222 2204/2089/2224 2206/2091/2226
f 2192/2077/2212 2207/2092/2227 2179/2064/2199
f 2179/2064/2199 2207/2092/2227 2195/2080/2215
f 2193/2078/2213 2208/2093/2228 2192/2077/2212
f 2192/2077/2212 2208/2093/2228 2207/2092/2227
f 2182/2067/2202 2209/2094/2229 2193/2078/2213
f 2193/2078/2213 2209/2094/2229 2208/2093/2228
f 2182/2067/2202 2194/2079/2214 2209/2094/2229
f 2174/2059/2194 2188/2073/2208 2199/2084/2219
f 2186/2071/2206 2210/2095/2230 2197/2082/2217
f 2175/2060/2195 2211/2096/2231 2188/2073/2208
f 2197/2082/2217 2210/2095/2230 2211/2096/2231
f 2197/2082/2217 2211/2096/2231 2175/2060/2195
f 2188/2073/2208 2211/2096/2231 2198/2083/2218
f 2196/2081/2216 2195/2080/2215 2212/2097/2232
f 2195/2080/2215 2207/2092/2227 2212/2097/2232
f 2196/2081/2216 2212/2097/2232 2203/2088/2223
f 2208/2093/2228 2213/2098/2233 2207/2092/2227
f 2208/2093/2228 2209/2094/2229 2213/2098/2233
f 2194/2079/2214 2214/2099/2234 2215/2100/2235
f 2194/2079/2214 2174/2059/2194 2214/2099/2234
f 2209/2094/2229 2215/2100/2235 2213/2098/2233
f 2209/2094/2229 2194/2079/2214 2215/2100/2235
f 2174/2059/2194 2199/2084/2219 2214/2099/2234
f 2210/2095/2230 2216/2101/2236 2211/2096/2231
f 2211/2096/2231 2216/2101/2236 2198/2083/2218
f 2212/2097/2232 2207/2092/2227 2217/2102/2237
f 2207/2092/2227 2213/2098/2233 2217/2102/2237
f 2215/2100/2235 2218/2103/2238 2213/2098/2233
f 2213/2098/2233 2218/2103/2238 2217/2102/2237
f 2199/2084/2219 2219/2104/2239 2220/2105/2240
f 2219/2104/2239 2198/2083/2218 2216/2101/2236
f 2198/2083/2218 2219/2104/2239 2199/2084/2219
f 2214/2099/2234 2221/2106/2241 2222/2107/2242
f 2222/2107/2242 2218/2103/2238 2215/2100/2235
f 2221/2106/2241 2199/2084/2219 2220/2105/2240
f 2214/2099/2234 2222/2107/2242 2215/2100/2235
f 2214/2099/2234 2199/2084/2219 2221/2106/2241
f 2223/2108/2243 2224/2109/2244 2225/2110/2245
f 2224/2109/2244 2226/2111/2246 2225/2110/2245
f 2224/2109/2244 2227/2112/2247 2226/2111/2246
f 2225/2110/2245 2226/2111/2246 2228/2113/2248
f 2227/2112/2247 2229/2114/2249 2230/2115/2250
f 2227/2112/2247 2230/2115/2250 2226/2111/2246
f 2231/2116/2251 2185/2070/2205 2169/2054/2189
f 2226/2111/2246 2230/2115/2250 2232/2117/2252
f 2226/2111/2246 2232/2117/2252 2228/2113/2248
f 2229/2114/2249 2233/2118/2253 2230/2115/2250
f 2231/2116/2251 2169/2054/2189 2171/2056/2191
f 2229/2114/2249 2234/2119/2254 2233/2118/2253
f 2230/2115/2250 2235/2120/2255 2232/2117/2252
f 2236/2121/2256 2191/2076/2211 2185/2070/2205
f 2230/2115/2250 2233/2118/2253 2235/2120/2255
f 2236/2121/2256 2237/2122/2257 2191/2076/2211
f 2234/2119/2254 2238/2123/2258 2233/2118/2253
f 2239/2124/2259 2200/2085/2220 2201/2086/2221
f 2240/2125/2260 2241/2126/2261 2242/2127/2262
f 2239/2124/2259 2201/2086/2221 2243/2128/2263
f 2244/2129/2264 2231/2116/2251 2171/2056/2191
f 2234/2119/2254 2245/2130/2265 2238/2123/2258
f 2233/2118/2253 2246/2131/2266 2235/2120/2255
f 2244/2129/2264 2171/2056/2191 2200/2085/2220
f 2233/2118/2253 2238/2123/2258 2246/2131/2266
f 2242/2127/2262 2241/2126/2261 2247/2132/2267
f 2245/2130/2265 2248/2133/2268 2249/2134/2269
f 2245/2130/2265 2249/2134/2269 2238/2123/2258
f 2231/2116/2251 2236/2121/2256 2185/2070/2205
f 2242/2127/2262 2247/2132/2267 2250/2135/2270
f 2241/2126/2261 2251/2136/2271 2247/2132/2267
f 2252/2137/2272 2237/2122/2257 2236/2121/2256
f 2253/2138/2273 2200/2085/2220 2239/2124/2259
f 2248/2133/2268 2254/2139/2274 2249/2134/2269
f 2238/2123/2258 2255/2140/2275 2246/2131/2266
f 2253/2138/2273 2244/2129/2264 2200/2085/2220
f 2238/2123/2258 2249/2134/2269 2255/2140/2275
f 2250/2135/2270 2256/2141/2276 2257/2142/2277
f 2250/2135/2270 2247/2132/2267 2256/2141/2276
f 2251/2136/2271 2258/2143/2278 2247/2132/2267
f 2247/2132/2267 2258/2143/2278 2256/2141/2276
f 2248/2133/2268 2259/2144/2279 2260/2145/2280
f 2248/2133/2268 2260/2145/2280 2254/2139/2274
f 2261/2146/2281 2236/2121/2256 2231/2116/2251
f 2249/2134/2269 2254/2139/2274 2262/2147/2282
f 2244/2129/2264 2261/2146/2281 2231/2116/2251
f 2261/2146/2281 2252/2137/2272 2236/2121/2256
f 2257/2142/2277 2263/2148/2283 2264/2149/2284
f 2251/2136/2271 2265/2150/2285 2258/2143/2278
f 2266/2151/2286 2267/2152/2287 2252/2137/2272
f 2266/2151/2286 2268/2153/2288 2267/2152/2287
f 2256/2141/2276 2269/2154/2289 2263/2148/2283
f 2256/2141/2276 2263/2148/2283 2257/2142/2277
f 2256/2141/2276 2258/2143/2278 2269/2154/2289
f 2259/2144/2279 2270/2155/2290 2271/2156/2291
f 2259/2144/2279 2271/2156/2291 2260/2145/2280
f 2254/2139/2274 2272/2157/2292 2262/2147/2282
f 2264/2149/2284 2273/2158/2293 2274/2159/2294
f 2275/2160/2295 2253/2138/2273 2239/2124/2259
f 2275/2160/2295 2276/2161/2296 2277/2162/2297
f 2275/2160/2295 2239/2124/2259 2276/2161/2296
f 2278/2163/2298 2261/2146/2281 2244/2129/2264
f 2253/2138/2273 2278/2163/2298 2244/2129/2264
f 2279/2164/2299 2266/2151/2286 2252/2137/2272
f 2258/2143/2278 2280/2165/2300 2269/2154/2289
f 2263/2148/2283 2281/2166/2301 2273/2158/2293
f 2263/2148/2283 2273/2158/2293 2264/2149/2284
f 2263/2148/2283 2269/2154/2289 2281/2166/2301
f 2257/2142/2277 2264/2149/2284 2282/2167/2302
f 2270/2155/2290 2283/2168/2303 2284/2169/2304
f 2270/2155/2290 2284/2169/2304 2271/2156/2291
f 2260/2145/2280 2285/2170/2305 2254/2139/2274
f 2254/2139/2274 2285/2170/2305 2272/2157/2292
f 2274/2159/2294 2286/2171/2306 2264/2149/2284
f 2264/2149/2284 2286/2171/2306 2282/2167/2302
f 2279/2164/2299 2261/2146/2281 2278/2163/2298
f 2279/2164/2299 2252/2137/2272 2261/2146/2281
f 2273/2158/2293 2287/2172/2307 2274/2159/2294
f 2273/2158/2293 2281/2166/2301 2287/2172/2307
f 2269/2154/2289 2288/2173/2308 2281/2166/2301
f 2280/2165/2300 2289/2174/2309 2288/2173/2308
f 2280/2165/2300 2288/2173/2308 2269/2154/2289
f 2281/2166/2301 2288/2173/2308 2287/2172/2307
f 2283/2168/2303 2290/2175/2310 2284/2169/2304
f 2271/2156/2291 2284/2169/2304 2291/2176/2311
f 2260/2145/2280 2271/2156/2291 2292/2177/2312
f 2271/2156/2291 2291/2176/2311 2292/2177/2312
f 2260/2145/2280 2292/2177/2312 2285/2170/2305
f 2286/2171/2306 2293/2178/2313 2294/2179/2314
f 2282/2167/2302 2286/2171/2306 2295/2180/2315
f 2286/2171/2306 2274/2159/2294 2293/2178/2313
f 2286/2171/2306 2294/2179/2314 2295/2180/2315
f 2296/2181/2316 2297/2182/2317 2298/2183/2318
f 2299/2184/2319 2268/2153/2288 2266/2151/2286
f 2299/2184/2319 2300/2185/2320 2268/2153/2288
f 2301/2186/2321 2275/2160/2295 2302/2187/2322
f 2301/2186/2321 2253/2138/2273 2275/2160/2295
f 2288/2173/2308 2303/2188/2323 2287/2172/2307
f 2288/2173/2308 2289/2174/2309 2303/2188/2323
f 2283/2168/2303 2304/2189/2324 2290/2175/2310
f 2284/2169/2304 2305/2190/2325 2291/2176/2311
f 2284/2169/2304 2290/2175/2310 2305/2190/2325
f 2292/2177/2312 2291/2176/2311 2306/2191/2326
f 2285/2170/2305 2292/2177/2312 2306/2191/2326
f 2285/2170/2305 2306/2191/2326 2307/2192/2327
f 2274/2159/2294 2308/2193/2328 2293/2178/2313
f 2287/2172/2307 2308/2193/2328 2274/2159/2294
f 2287/2172/2307 2303/2188/2323 2308/2193/2328
f 2294/2179/2314 2309/2194/2329 2295/2180/2315
f 2302/2187/2322 2275/2160/2295 2277/2162/2297
f 2301/2186/2321 2278/2163/2298 2253/2138/2273
f 2289/2174/2309 2310/2195/2330 2303/2188/2323
f 2289/2174/2309 2311/2196/2331 2310/2195/2330
f 2304/2189/2324 2312/2197/2332 2290/2175/2310
f 2305/2190/2325 2313/2198/2333 2314/2199/2334
f 2291/2176/2311 2315/2200/2335 2306/2191/2326
f 2291/2176/2311 2305/2190/2325 2315/2200/2335
f 2316/2201/2336 2266/2151/2286 2279/2164/2299
f 2316/2201/2336 2279/2164/2299 2317/2202/2337
f 2293/2178/2313 2318/2203/2338 2294/2179/2314
f 2308/2193/2328 2319/2204/2339 2293/2178/2313
f 2293/2178/2313 2319/2204/2339 2318/2203/2338
f 2309/2194/2329 2320/2205/2340 2321/2206/2341
f 2294/2179/2314 2320/2205/2340 2309/2194/2329
f 2294/2179/2314 2318/2203/2338 2320/2205/2340
f 2317/2202/2337 2279/2164/2299 2278/2163/2298
f 2303/2188/2323 2322/2207/2342 2308/2193/2328
f 2316/2201/2336 2299/2184/2319 2266/2151/2286
f 2323/2208/2343 2296/2181/2316 2298/2183/2318
f 2308/2193/2328 2322/2207/2342 2319/2204/2339
f 2312/2197/2332 2324/2209/2344 2290/2175/2310
f 2305/2190/2325 2324/2209/2344 2313/2198/2333
f 2305/2190/2325 2314/2199/2334 2315/2200/2335
f 2305/2190/2325 2290/2175/2310 2324/2209/2344
f 2325/2210/2345 2296/2181/2316 2323/2208/2343
f 2326/2211/2346 2323/2208/2343 2298/2183/2318
f 2306/2191/2326 2315/2200/2335 2327/2212/2347
f 2306/2191/2326 2327/2212/2347 2328/2213/2348
f 2321/2206/2341 2320/2205/2340 2329/2214/2349
f 2318/2203/2338 2330/2215/2350 2331/2216/2351
f 2332/2217/2352 2326/2211/2346 2298/2183/2318
f 2319/2204/2339 2333/2218/2353 2330/2215/2350
f 2319/2204/2339 2330/2215/2350 2318/2203/2338
f 2319/2204/2339 2322/2207/2342 2333/2218/2353
f 2312/2197/2332 2334/2219/2354 2324/2209/2344
f 2313/2198/2333 2335/2220/2355 2314/2199/2334
f 2317/2202/2337 2278/2163/2298 2301/2186/2321
f 2336/2221/2356 2299/2184/2319 2337/2222/2357
f 2315/2200/2335 2338/2223/2358 2327/2212/2347
f 2315/2200/2335 2314/2199/2334 2338/2223/2358
f 2336/2221/2356 2300/2185/2320 2299/2184/2319
f 2327/2212/2347 2338/2223/2358 2339/2224/2359
f 2327/2212/2347 2339/2224/2359 2328/2213/2348
f 2320/2205/2340 2318/2203/2338 2340/2225/2360
f 2318/2203/2338 2331/2216/2351 2340/2225/2360
f 2320/2205/2340 2340/2225/2360 2329/2214/2349
f 2330/2215/2350 2341/2226/2361 2342/2227/2362
f 2333/2218/2353 2341/2226/2361 2330/2215/2350
f 2334/2219/2354 2343/2228/2363 2344/2229/2364
f 2324/2209/2344 2334/2219/2354 2344/2229/2364
f 2324/2209/2344 2344/2229/2364 2313/2198/2333
f 2335/2220/2355 2313/2198/2333 2337/2222/2357
f 2313/2198/2333 2344/2229/2364 2337/2222/2357
f 2337/2222/2357 2299/2184/2319 2316/2201/2336
f 2333/2218/2353 2345/2230/2365 2341/2226/2361
f 2346/2231/2366 2347/2232/2367 2323/2208/2343
f 2314/2199/2334 2335/2220/2355 2348/2233/2368
f 2314/2199/2334 2348/2233/2368 2338/2223/2358
f 2346/2231/2366 2323/2208/2343 2326/2211/2346
f 2325/2210/2345 2323/2208/2343 2347/2232/2367
f 2331/2216/2351 2330/2215/2350 2349/2234/2369
f 2330/2215/2350 2342/2227/2362 2349/2234/2369
f 2340/2225/2360 2350/2235/2370 2351/2236/2371
f 2340/2225/2360 2351/2236/2371 2329/2214/2349
f 2331/2216/2351 2349/2234/2369 2350/2235/2370
f 2331/2216/2351 2350/2235/2370 2340/2225/2360
f 2343/2228/2363 2352/2237/2372 2336/2221/2356
f 2344/2229/2364 2343/2228/2363 2336/2221/2356
f 2344/2229/2364 2336/2221/2356 2337/2222/2357
f 2341/2226/2361 2347/2232/2367 2342/2227/2362
f 2342/2227/2362 2347/2232/2367 2346/2231/2366
f 2350/2235/2370 2349/2234/2369 2326/2211/2346
f 2341/2226/2361 2325/2210/2345 2347/2232/2367
f 2341/2226/2361 2345/2230/2365 2325/2210/2345
f 2335/2220/2355 2337/2222/2357 2316/2201/2336
f 2348/2233/2368 2317/2202/2337 2301/2186/2321
f 2335/2220/2355 2317/2202/2337 2348/2233/2368
f 2335/2220/2355 2316/2201/2336 2317/2202/2337
f 2338/2223/2358 2302/2187/2322 2339/2224/2359
f 2348/2233/2368 2301/2186/2321 2302/2187/2322
f 2348/2233/2368 2302/2187/2322 2338/2223/2358
f 2350/2235/2370 2326/2211/2346 2332/2217/2352
f 2349/2234/2369 2342/2227/2362 2346/2231/2366
f 2349/2234/2369 2346/2231/2366 2326/2211/2346
f 2351/2236/2371 2350/2235/2370 2332/2217/2352
f 2353/2238/2373 2354/2239/2374 2355/2240/2375
f 2353/2238/2373 2355/2240/2375 2356/2241/2376
f 2354/2239/2374 2357/2242/2377 2355/2240/2375
f 2345/2230/2365 2353/2238/2373 2356/2241/2376
f 2345/2230/2365 2356/2241/2376 2325/2210/2345
f 2352/2237/2372 2358/2243/2378 2300/2185/2320
f 2352/2237/2372 2300/2185/2320 2336/2221/2356
f 2359/2244/2379 2339/2224/2359 2354/2239/2374
f 2359/2244/2379 2354/2239/2374 2353/2238/2373
f 2360/2245/2380 2353/2238/2373 2345/2230/2365
f 2360/2245/2380 2345/2230/2365 2333/2218/2353
f 2328/2213/2348 2339/2224/2359 2359/2244/2379
f 2361/2246/2381 2359/2244/2379 2353/2238/2373
f 2361/2246/2381 2353/2238/2373 2360/2245/2380
f 2339/2224/2359 2302/2187/2322 2277/2162/2297
f 2339/2224/2359 2277/2162/2297 2354/2239/2374
f 2357/2242/2377 2362/2247/2382 2355/2240/2375
f 2355/2240/2375 2362/2247/2382 2356/2241/2376
f 2360/2245/2380 2333/2218/2353 2322/2207/2342
f 2363/2248/2383 2328/2213/2348 2359/2244/2379
f 2358/2243/2378 2364/2249/2384 2300/2185/2320
f 2363/2248/2383 2359/2244/2379 2361/2246/2381
f 2356/2241/2376 2362/2247/2382 2296/2181/2316
f 2356/2241/2376 2296/2181/2316 2325/2210/2345
f 2310/2195/2330 2322/2207/2342 2303/2188/2323
f 2310/2195/2330 2360/2245/2380 2322/2207/2342
f 2361/2246/2381 2360/2245/2380 2310/2195/2330
f 2307/2192/2327 2306/2191/2326 2328/2213/2348
f 2307/2192/2327 2328/2213/2348 2363/2248/2383
f 2311/2196/2331 2363/2248/2383 2361/2246/2381
f 2311/2196/2331 2361/2246/2381 2310/2195/2330
f 2272/2157/2292 2285/2170/2305 2307/2192/2327
f 2272/2157/2292 2307/2192/2327 2363/2248/2383
f 2354/2239/2374 2365/2250/2385 2357/2242/2377
f 2354/2239/2374 2277/2162/2297 2365/2250/2385
f 2364/2249/2384 2366/2251/2386 2268/2153/2288
f 2367/2252/2387 2363/2248/2383 2311/2196/2331
f 2300/2185/2320 2364/2249/2384 2268/2153/2288
f 2368/2253/2388 2311/2196/2331 2289/2174/2309
f 2362/2247/2382 2297/2182/2317 2296/2181/2316
f 2367/2252/2387 2311/2196/2331 2368/2253/2388
f 2368/2253/2388 2289/2174/2309 2280/2165/2300
f 2367/2252/2387 2272/2157/2292 2363/2248/2383
f 2369/2254/2389 2367/2252/2387 2368/2253/2388
f 2369/2254/2389 2368/2253/2388 2265/2150/2285
f 2265/2150/2285 2280/2165/2300 2258/2143/2278
f 2265/2150/2285 2368/2253/2388 2280/2165/2300
f 2262/2147/2282 2272/2157/2292 2367/2252/2387
f 2277/2162/2297 2276/2161/2296 2365/2250/2385
f 2369/2254/2389 2262/2147/2282 2367/2252/2387
f 2357/2242/2377 2370/2255/2390 2362/2247/2382
f 2362/2247/2382 2370/2255/2390 2297/2182/2317
f 2366/2251/2386 2267/2152/2287 2268/2153/2288
f 2371/2256/2391 2369/2254/2389 2265/2150/2285
f 2371/2256/2391 2265/2150/2285 2251/2136/2271
f 2255/2140/2275 2249/2134/2269 2262/2147/2282
f 2255/2140/2275 2262/2147/2282 2369/2254/2389
f 2371/2256/2391 2255/2140/2275 2369/2254/2389
f 2276/2161/2296 2239/2124/2259 2243/2128/2263
f 2365/2250/2385 2372/2257/2392 2357/2242/2377
f 2357/2242/2377 2372/2257/2392 2370/2255/2390
f 2246/2131/2266 2255/2140/2275 2371/2256/2391
f 2373/2258/2393 2371/2256/2391 2251/2136/2271
f 2366/2251/2386 2374/2259/2394 2267/2152/2287
f 2373/2258/2393 2251/2136/2271 2241/2126/2261
f 2267/2152/2287 2374/2259/2394 2237/2122/2257
f 2267/2152/2287 2237/2122/2257 2252/2137/2272
f 2373/2258/2393 2246/2131/2266 2371/2256/2391
f 2276/2161/2296 2375/2260/2395 2365/2250/2385
f 2375/2260/2395 2276/2161/2296 2243/2128/2263
f 2375/2260/2395 2372/2257/2392 2365/2250/2385
f 2235/2120/2255 2246/2131/2266 2373/2258/2393
f 2376/2261/2396 2241/2126/2261 2240/2125/2260
f 2376/2261/2396 2373/2258/2393 2241/2126/2261
f 2235/2120/2255 2373/2258/2393 2376/2261/2396
f 2374/2259/2394 2377/2262/2397 2237/2122/2257
f 2378/2263/2398 2376/2261/2396 2240/2125/2260
f 2237/2122/2257 2377/2262/2397 2191/2076/2211
f 2232/2117/2252 2235/2120/2255 2376/2261/2396
f 2378/2263/2398 2232/2117/2252 2376/2261/2396
f 2228/2113/2248 2232/2117/2252 2378/2263/2398
f 2177/2062/2197 2206/2091/2226 2205/2090/2225
f 2189/2074/2209 2177/2062/2197 2205/2090/2225
f 2377/2262/2397 2379/2264/2399 2191/2076/2211
f 2159/2044/2179 2206/2091/2226 2177/2062/2197
f 2191/2076/2211 2379/2264/2399 2190/2075/2210
f 2380/2265/2400 2202/2087/2222 2206/2091/2226
f 2159/2044/2179 2380/2265/2400 2206/2091/2226
f 2381/2266/2401 2181/2066/2201 2196/2081/2216
f 2381/2266/2401 2202/2087/2222 2380/2265/2400
f 2381/2266/2401 2196/2081/2216 2202/2087/2222
f 2382/2267/2402 2381/2266/2401 2380/2265/2400
f 1812/1697/1832 1809/1694/1829 1808/1693/1828
f 2382/2267/2402 2383/2268/2403 2381/2266/2401
f 2384/2269/2404 2385/2270/2405 1822/1707/1842
f 2383/2268/2403 2180/2065/2200 2181/2066/2201
f 2383/2268/2403 2181/2066/2201 2381/2266/2401
f 2384/2269/2404 2386/2271/2406 2385/2270/2405
f 1824/1709/1844 2386/2271/2406 2387/2272/2407
f 2165/2050/2185 2167/2052/2187 2388/2273/2408
f 1822/1707/1842 1827/1712/1847 1820/1705/1840
f 2143/2028/2163 2380/2265/2400 2159/2044/2179
f 2382/2267/2402 2380/2265/2400 2143/2028/2163
f 2389/2274/2409 2183/2068/2203 2390/2275/2410
f 2389/2274/2409 2153/2038/2173 2183/2068/2203
f 2162/2047/2182 2391/2276/2411 2149/2034/2169
f 2162/2047/2182 2149/2034/2169 2150/2035/2170
f 2390/2275/2410 2178/2063/2198 2180/2065/2200
f 2390/2275/2410 2183/2068/2203 2178/2063/2198
f 2392/2277/2412 2172/2057/2192 2156/2041/2176
f 2391/2276/2411 2146/2031/2166 2149/2034/2169
f 2393/2278/2413 2172/2057/2192 2392/2277/2412
f 2391/2276/2411 2145/2030/2165 2146/2031/2166
f 2149/2034/2169 2146/2031/2166 2144/2029/2164
f 2394/2279/2414 2137/2022/2157 2153/2038/2173
f 2389/2274/2409 2394/2279/2414 2153/2038/2173
f 2395/2280/2415 2396/2281/2416 2383/2268/2403
f 2395/2280/2415 2383/2268/2403 2382/2267/2402
f 2396/2281/2416 2390/2275/2410 2180/2065/2200
f 2144/2029/2164 2146/2031/2166 2134/2019/2154
f 2146/2031/2166 2133/2018/2153 2134/2019/2154
f 2396/2281/2416 2180/2065/2200 2383/2268/2403
f 2127/2012/2147 2143/2028/2163 2123/2008/2143
f 2144/2029/2164 2134/2019/2154 2141/2026/2161
f 2127/2012/2147 2382/2267/2402 2143/2028/2163
f 2397/2282/2417 2398/2283/2418 2155/2040/2175
f 2397/2282/2417 2155/2040/2175 2135/2020/2155
f 2397/2282/2417 2137/2022/2157 2394/2279/2414
f 2398/2283/2418 2156/2041/2176 2155/2040/2175
f 2399/2284/2419 2393/2278/2413 2392/2277/2412
f 2141/2026/2161 2400/2285/2420 2121/2006/2141
f 2141/2026/2161 2121/2006/2141 2131/2016/2151
f 2134/2019/2154 2125/2010/2145 2400/2285/2420
f 2134/2019/2154 2400/2285/2420 2141/2026/2161
f 2395/2280/2415 2382/2267/2402 2127/2012/2147
f 2401/2286/2421 2389/2274/2409 2390/2275/2410
f 2401/2286/2421 2390/2275/2410 2396/2281/2416
f 2402/2287/2422 2394/2279/2414 2389/2274/2409
f 2402/2287/2422 2397/2282/2417 2394/2279/2414
f 2398/2283/2418 2392/2277/2412 2156/2041/2176
f 2397/2282/2417 2135/2020/2155 2137/2022/2157
f 2400/2285/2420 2403/2288/2423 2121/2006/2141
f 2404/2289/2424 2399/2284/2419 2392/2277/2412
f 2405/2290/2425 2399/2284/2419 2404/2289/2424
f 2109/1994/2129 2395/2280/2415 2127/2012/2147
f 2400/2285/2420 2125/2010/2145 2126/2011/2146
f 2400/2285/2420 2126/2011/2146 2403/2288/2423
f 2406/2291/2426 2401/2286/2421 2396/2281/2416
f 2406/2291/2426 2396/2281/2416 2395/2280/2415
f 2401/2286/2421 2402/2287/2422 2389/2274/2409
f 2121/2006/2141 2403/2288/2423 2122/2007/2142
f 2407/2292/2427 2408/2293/2428 2398/2283/2418
f 2407/2292/2427 2398/2283/2418 2397/2282/2417
f 2408/2293/2428 2392/2277/2412 2398/2283/2418
f 2409/2294/2429 2405/2290/2425 2404/2289/2424
f 2116/2001/2136 2405/2290/2425 2409/2294/2429
f 2126/2011/2146 2102/1987/2122 2410/2295/2430
f 2126/2011/2146 2118/2003/2138 2102/1987/2122
f 2407/2292/2427 2397/2282/2417 2402/2287/2422
f 2126/2011/2146 2410/2295/2430 2403/2288/2423
f 2109/1994/2129 2406/2291/2426 2395/2280/2415
f 2411/2296/2431 2402/2287/2422 2401/2286/2421
f 2406/2291/2426 2411/2296/2431 2401/2286/2421
f 2408/2293/2428 2404/2289/2424 2392/2277/2412
f 2103/1988/2123 2116/2001/2136 2409/2294/2429
f 2091/1976/2111 2103/1988/2123 2409/2294/2429
f 2122/2007/2142 2412/2297/2432 2105/1990/2125
f 2122/2007/2142 2105/1990/2125 2104/1989/2124
f 2403/2288/2423 2410/2295/2430 2412/2297/2432
f 2403/2288/2423 2412/2297/2432 2122/2007/2142
f 2413/2298/2433 2409/2294/2429 2404/2289/2424
f 2091/1976/2111 2409/2294/2429 2413/2298/2433
f 2414/2299/2434 2402/2287/2422 2411/2296/2431
f 2414/2299/2434 2407/2292/2427 2402/2287/2422
f 2087/1972/2107 2406/2291/2426 2109/1994/2129
f 2087/1972/2107 2109/1994/2129 2098/1983/2118
f 2087/1972/2107 2411/2296/2431 2406/2291/2426
f 2415/2300/2435 2413/2298/2433 2408/2293/2428
f 2105/1990/2125 2412/2297/2432 2416/2301/2436
f 2415/2300/2435 2408/2293/2428 2407/2292/2427
f 2413/2298/2433 2404/2289/2424 2408/2293/2428
f 2410/2295/2430 2102/1987/2122 2046/1931/2066
f 2091/1976/2111 2094/1979/2114 2103/1988/2123
f 2415/2300/2435 2407/2292/2427 2414/2299/2434
f 2086/1971/2106 2414/2299/2434 2411/2296/2431
f 2087/1972/2107 2086/1971/2106 2411/2296/2431
f 2088/1973/2108 2091/1976/2111 2413/2298/2433
f 2077/1962/2097 2415/2300/2435 2414/2299/2434
f 2088/1973/2108 2415/2300/2435 2077/1962/2097
f 2088/1973/2108 2413/2298/2433 2415/2300/2435
f 2077/1962/2097 2414/2299/2434 2086/1971/2106
f 2412/2297/2432 2410/2295/2430 2048/1933/2068
f 2410/2295/2430 2046/1931/2066 2048/1933/2068
f 2412/2297/2432 2048/1933/2068 2416/2301/2436
f 2087/1972/2107 2098/1983/2118 2090/1975/2110
f 2084/1969/2104 2018/1903/2038 2076/1961/2096
f 2105/1990/2125 2032/1917/2052 2031/1916/2051
f 2105/1990/2125 2416/2301/2436 2032/1917/2052
f 2080/1965/2100 2066/1951/2086 2082/1967/2102
f 2082/1967/2102 2417/2302/2437 2080/1965/2100
f 2072/1957/2092 2417/2302/2437 2062/1947/2082
f 2072/1957/2092 2080/1965/2100 2417/2302/2437
f 2418/2303/2438 2056/1941/2076 1960/1845/1980
f 2064/1949/2084 2056/1941/2076 2418/2303/2438
f 2060/1945/2080 2071/1956/2091 2059/1944/2079
f 1826/1711/1846 1815/1700/1835 2419/2304/2439
f 2420/2305/2440 2060/1945/2080 2033/1918/2053
f 2048/1933/2068 2047/1932/2067 2421/2306/2441
f 2048/1933/2068 2421/2306/2441 2416/2301/2436
f 2052/1937/2072 2422/2307/2442 2039/1924/2059
f 1824/1709/1844 1834/1719/1854 1825/1710/1845
f 2423/2308/2443 1826/1711/1846 2419/2304/2439
f 2422/2307/2442 2072/1957/2092 2039/1924/2059
f 2009/1894/2029 2424/2309/2444 2033/1918/2053
f 1826/1711/1846 1841/1726/1861 1814/1699/1834
f 2076/1961/2096 2072/1957/2092 2422/2307/2442
f 2425/2310/2445 2426/2311/2446 2427/2312/2447
f 1838/1723/1858 2425/2310/2445 2428/2313/2448
f 2076/1961/2096 2080/1965/2100 2072/1957/2092
f 2052/1937/2072 2015/1900/2035 2000/1885/2020
f 2421/2306/2441 2047/1932/2067 1981/1866/2001
f 2416/2301/2436 2421/2306/2441 2429/2314/2449
f 2425/2310/2445 2427/2312/2447 2428/2313/2448
f 2047/1932/2067 1980/1865/2000 1981/1866/2001
f 2047/1932/2067 2006/1891/2026 1980/1865/2000
f 2084/1969/2104 2076/1961/2096 2422/2307/2442
f 2032/1917/2052 2416/2301/2436 2430/2315/2450
f 2416/2301/2436 2429/2314/2449 2430/2315/2450
f 2032/1917/2052 2430/2315/2450 1979/1864/1999
f 2431/2316/2451 2422/2307/2442 2052/1937/2072
f 2001/1886/2021 2431/2316/2451 2052/1937/2072
f 2001/1886/2021 2052/1937/2072 2000/1885/2020
f 1838/1723/1858 2428/2313/2448 1851/1736/1871
f 1858/1743/1878 1826/1711/1846 2423/2308/2443
f 2431/2316/2451 2084/1969/2104 2422/2307/2442
f 2432/2317/2452 1964/1849/1984 1990/1875/2010
f 2432/2317/2452 1990/1875/2010 2084/1969/2104
f 2433/2318/2453 2001/1886/2021 1997/1882/2017
f 2421/2306/2441 1981/1866/2001 2434/2319/2454
f 2421/2306/2441 2434/2319/2454 2429/2314/2449
f 2433/2318/2453 1997/1882/2017 2064/1949/2084
f 2064/1949/2084 1997/1882/2017 1996/1881/2016
f 2435/2320/2455 1858/1743/1878 2423/2308/2443
f 2430/2315/2450 1966/1851/1986 1965/1850/1985
f 2430/2315/2450 1965/1850/1985 1979/1864/1999
f 2436/2321/2456 2431/2316/2451 2001/1886/2021
f 2430/2315/2450 2429/2314/2449 1966/1851/1986
f 2436/2321/2456 2001/1886/2021 2433/2318/2453
f 2431/2316/2451 2432/2317/2452 2084/1969/2104
f 2437/2322/2457 2433/2318/2453 2064/1949/2084
f 2418/2303/2438 2437/2322/2457 2064/1949/2084
f 1945/1830/1965 2438/2323/2458 1969/1854/1989
f 2439/2324/2459 2436/2321/2456 2433/2318/2453
f 2439/2324/2459 2433/2318/2453 2437/2322/2457
f 2434/2319/2454 1981/1866/2001 1927/1812/1947
f 1981/1866/2001 1949/1834/1969 1927/1812/1947
f 1942/1827/1962 2432/2317/2452 2436/2321/2456
f 1942/1827/1962 1964/1849/1984 2432/2317/2452
f 2436/2321/2456 2432/2317/2452 2431/2316/2451
f 2429/2314/2449 2434/2319/2454 2440/2325/2460
f 2429/2314/2449 2440/2325/2460 1966/1851/1986
f 1959/1844/1979 2418/2303/2438 1960/1845/1980
f 2441/2326/2461 2418/2303/2438 1959/1844/1979
f 2437/2322/2457 2418/2303/2438 2441/2326/2461
f 2442/2327/2462 2438/2323/2458 1945/1830/1965
f 1942/1827/1962 2436/2321/2456 2439/2324/2459
f 1938/1823/1958 1958/1843/1978 1939/1824/1959
f 1959/1844/1979 1958/1843/1978 1938/1823/1958
f 2443/2328/2463 2437/2322/2457 2441/2326/2461
f 2443/2328/2463 2439/2324/2459 2437/2322/2457
f 1932/1817/1952 1945/1830/1965 1933/1818/1953
f 1932/1817/1952 2442/2327/2462 1945/1830/1965
f 2434/2319/2454 1927/1812/1947 2444/2329/2464
f 2440/2325/2460 2445/2330/2465 2446/2331/2466
f 2434/2319/2454 2444/2329/2464 2445/2330/2465
f 2434/2319/2454 2445/2330/2465 2440/2325/2460
f 1966/1851/1986 1898/1783/1918 1944/1829/1964
f 1907/1792/1927 1918/1803/1938 1942/1827/1962
f 1907/1792/1927 1942/1827/1962 2439/2324/2459
f 2441/2326/2461 1959/1844/1979 1938/1823/1958
f 1907/1792/1927 2439/2324/2459 2443/2328/2463
f 1911/1796/1931 2442/2327/2462 1932/1817/1952
f 1911/1796/1931 1932/1817/1952 1919/1804/1939
f 2447/2332/2467 2442/2327/2462 1911/1796/1931
f 2448/2333/2468 1938/1823/1958 1921/1806/1941
f 2449/2334/2469 2443/2328/2463 2441/2326/2461
f 1927/1812/1947 1914/1799/1934 2444/2329/2464
f 2449/2334/2469 2441/2326/2461 2450/2335/2470
f 2450/2335/2470 1938/1823/1958 2448/2333/2468
f 2450/2335/2470 2441/2326/2461 1938/1823/1958
f 1910/1795/1930 1907/1792/1927 2443/2328/2463
f 2446/2331/2466 2445/2330/2465 1894/1779/1914
f 2445/2330/2465 2444/2329/2464 1894/1779/1914
f 2440/2325/2460 2446/2331/2466 2451/2336/2471
f 1966/1851/1986 2452/2337/2472 1898/1783/1918
f 2440/2325/2460 2451/2336/2471 2452/2337/2472
f 2440/2325/2460 2452/2337/2472 1966/1851/1986
f 1910/1795/1930 2443/2328/2463 2449/2334/2469
f 1890/1775/1910 2447/2332/2467 1911/1796/1931
f 2453/2338/2473 2447/2332/2467 1890/1775/1910
f 1943/1828/1963 1903/1788/1923 2454/2339/2474
f 1943/1828/1963 1901/1786/1921 1903/1788/1923
f 2455/2340/2475 1923/1808/1943 1928/1813/1948
f 2456/2341/2476 2455/2340/2475 1928/1813/1948
f 2457/2342/2477 2450/2335/2470 2448/2333/2468
f 1897/1782/1917 2449/2334/2469 2458/2343/2478
f 1897/1782/1917 1910/1795/1930 2449/2334/2469
f 2444/2329/2464 1914/1799/1934 1895/1780/1915
f 2444/2329/2464 1895/1780/1915 1894/1779/1914
f 2457/2342/2477 2458/2343/2478 2450/2335/2470
f 2457/2342/2477 2448/2333/2468 2455/2340/2475
f 2458/2343/2478 2449/2334/2469 2450/2335/2470
f 2448/2333/2468 1921/1806/1941 1923/1808/1943
f 2459/2344/2479 2453/2338/2473 1890/1775/1910
f 1897/1782/1917 1888/1773/1908 1910/1795/1930
f 2460/2345/2480 2455/2340/2475 2456/2341/2476
f 2461/2346/2481 2458/2343/2478 2457/2342/2477
f 2461/2346/2481 2457/2342/2477 2462/2347/2482
f 2462/2347/2482 2457/2342/2477 2455/2340/2475
f 2455/2340/2475 2448/2333/2468 1923/1808/1943
f 1889/1774/1909 2459/2344/2479 1890/1775/1910
f 2446/2331/2466 1893/1778/1913 2463/2348/2483
f 2446/2331/2466 2463/2348/2483 2451/2336/2471
f 2446/2331/2466 1894/1779/1914 1893/1778/1913
f 2452/2337/2472 1866/1751/1886 1898/1783/1918
f 1876/1761/1896 1897/1782/1917 2458/2343/2478
f 2454/2339/2474 1903/1788/1923 2464/2349/2484
f 1876/1761/1896 1869/1754/1889 1897/1782/1917
f 1876/1761/1896 2458/2343/2478 2461/2346/2481
f 2465/2350/2485 2462/2347/2482 2460/2345/2480
f 2462/2347/2482 2455/2340/2475 2460/2345/2480
f 1862/1747/1882 2461/2346/2481 2466/2351/2486
f 1903/1788/1923 1886/1771/1906 1891/1776/1911
f 1903/1788/1923 1891/1776/1911 2464/2349/2484
f 1862/1747/1882 1876/1761/1896 2461/2346/2481
f 2463/2348/2483 2467/2352/2487 2451/2336/2471
f 2452/2337/2472 2468/2353/2488 1866/1751/1886
f 2451/2336/2471 2467/2352/2487 2468/2353/2488
f 2451/2336/2471 2468/2353/2488 2452/2337/2472
f 2466/2351/2486 2462/2347/2482 2465/2350/2485
f 2466/2351/2486 2461/2346/2481 2462/2347/2482
f 1882/1767/1902 1889/1774/1909 1883/1768/1903
f 1891/1776/1911 1873/1758/1893 1874/1759/1894
f 2464/2349/2484 1891/1776/1911 2469/2354/2489
f 1891/1776/1911 1874/1759/1894 2469/2354/2489
f 2459/2344/2479 1889/1774/1909 1882/1767/1902
f 1862/1747/1882 1861/1746/1881 1876/1761/1896
f 2467/2352/2487 2470/2355/2490 2468/2353/2488
f 1859/1744/1879 2466/2351/2486 2465/2350/2485
f 2471/2356/2491 2459/2344/2479 1882/1767/1902
f 2427/2312/2447 1882/1767/1902 1881/1766/1901
f 2427/2312/2447 1881/1766/1901 1871/1756/1891
f 2469/2354/2489 1874/1759/1894 2435/2320/2455
f 1852/1737/1872 1862/1747/1882 2466/2351/2486
f 2468/2353/2488 2470/2355/2490 1856/1741/1876
f 2468/2353/2488 1856/1741/1876 1866/1751/1886
f 1859/1744/1879 1852/1737/1872 2466/2351/2486
f 2426/2311/2446 2471/2356/2491 1882/1767/1902
f 1874/1759/1894 1865/1750/1885 1858/1743/1878
f 1874/1759/1894 1858/1743/1878 2435/2320/2455
f 2428/2313/2448 1871/1756/1891 1851/1736/1871
f 2428/2313/2448 2427/2312/2447 1871/1756/1891
f 2470/2355/2490 1840/1725/1860 1856/1741/1876
f 2426/2311/2446 1882/1767/1902 2427/2312/2447
f 2438/2323/2458 2472/2357/2492 1969/1854/1989
f 2472/2357/2492 2008/1893/2028 1969/1854/1989
f 1969/1854/1989 2008/1893/2028 1984/1869/2004
f 2472/2357/2492 2473/2358/2493 2008/1893/2028
f 2473/2358/2493 2474/2359/2494 2008/1893/2028
f 2008/1893/2028 2474/2359/2494 2009/1894/2029
f 2475/2360/2495 2425/2310/2445 1838/1723/1858
f 2474/2359/2494 2424/2309/2444 2009/1894/2029
f 1831/1716/1851 2475/2360/2495 1838/1723/1858
f 2424/2309/2444 2476/2361/2496 2420/2305/2440
f 2477/2362/2497 2475/2360/2495 1831/1716/1851
f 1834/1719/1854 2477/2362/2497 1831/1716/1851
f 2478/2363/2498 2477/2362/2497 1834/1719/1854
f 2387/2272/2407 2478/2363/2498 1834/1719/1854
f 2424/2309/2444 2420/2305/2440 2033/1918/2053
f 2033/1918/2053 2060/1945/2080 2045/1930/2065
f 2387/2272/2407 1834/1719/1854 1824/1709/1844
f 2385/2270/2405 1823/1708/1843 1827/1712/1847
f 2385/2270/2405 1827/1712/1847 1822/1707/1842
f 2385/2270/2405 1824/1709/1844 1823/1708/1843
f 1815/1700/1835 2479/2364/2499 2419/2304/2439
f 2388/2273/2408 2167/2052/2187 2480/2365/2500
f 2190/2075/2210 2167/2052/2187 2164/2049/2184
f 2190/2075/2210 2480/2365/2500 2167/2052/2187
f 2481/2366/2501 2480/2365/2500 2190/2075/2210
f 2479/2364/2499 1815/1700/1835 2482/2367/2502
f 2386/2271/2406 1824/1709/1844 2385/2270/2405
f 1815/1700/1835 1808/1693/1828 1810/1695/1830
f 1815/1700/1835 1810/1695/1830 2482/2367/2502
f 2379/2264/2399 2481/2366/2501 2190/2075/2210
f 2483/2368/2503 2386/2271/2406 2384/2269/2404
f 2482/2367/2502 1810/1695/1830 2484/2369/2504
f 2484/2369/2504 1810/1695/1830 1809/1694/1829
